{
  "counts": {
    "train": 14928,
    "valid": 7114,
    "test": 1779
  },
  "hygiene": {
    "n_all_valid_smiles": 23821,
    "n_unique_valid_smiles": 12086,
    "n_duplicate_valid_smiles": 11735,
    "n_contaminated_tv_vs_test": 964,
    "reos_mean": 0.5161509844841666,
    "reos_std": 0.8528808563696976
  },
  "similarity": {
    "valid_to_train": {
      "mean": 0.3277839635145813,
      "std": 0.0636505150883014,
      "n": 7114
    },
    "test_to_train": {
      "mean": 0.3286619973413348,
      "std": 0.06382224699034962,
      "n": 1779
    },
    "test_to_trainvalid": {
      "mean": 0.9148843597946461,
      "std": 0.1556873343572272,
      "n": 1779
    }
  },
  "task": {
    "type": "classification",
    "label_tv_mean": 0.4095817076490337,
    "label_tv_std": 0.49176773377836147,
    "label_tv_3sigma": null,
    "mol_tv_size_mean": 437.48672420621574,
    "mol_tv_size_std": 169.69024269631882
  },
  "conflicts": {
    "intra_train": 2576,
    "intra_valid": 1292,
    "intra_test": 122,
    "cross_train_valid": 1,
    "cross_train_test": 0,
    "cross_valid_test": 796,
    "severe_trainvalid_test": 796,
    "cross_split_dti_pairs": 19,
    "sequence_cross_split_multi_smiles": 314
  },
  "cliffs": {
    "intra_train_valid": 29332,
    "intra_test": 787,
    "cross_tv_test": 7935,
    "sim_threshold": 0.9
  },
  "drugs": {
    "unique_counts": {
      "train": 7443,
      "valid": 4121,
      "test": 1487
    },
    "shared_counts": {
      "train_valid": 1,
      "train_test": 0,
      "valid_test": 964,
      "trainvalid_test": 964
    },
    "hygiene": {
      "n_all_smiles": 23821,
      "n_unique_smiles": 12086,
      "n_duplicate_smiles": 11735,
      "n_contaminated_trainvalid_vs_test": 964
    },
    "similarity": {
      "valid_to_train": {
        "mean": 0.3277839635145813,
        "std": 0.0636505150883014,
        "n": 7114
      },
      "test_to_train": {
        "mean": 0.3286619973413348,
        "std": 0.06382224699034962,
        "n": 1779
      },
      "test_to_trainvalid": {
        "mean": 0.9148843597946461,
        "std": 0.1556873343572272,
        "n": 1779
      }
    }
  },
  "targets": {
    "unique_counts": {
      "train": 1231,
      "valid": 654,
      "test": 356
    },
    "shared_counts": {
      "train_valid": 0,
      "train_test": 0,
      "valid_test": 315,
      "trainvalid_test": 315
    },
    "hygiene": {
      "n_all_sequences": 23821,
      "n_unique_sequences": 1926,
      "n_duplicate_sequences": 21895,
      "n_contaminated_trainvalid_vs_test": 315,
      "n_contaminated_train_valid": 0,
      "duplicate_sequences_by_split": {
        "train": 13697,
        "valid": 6460,
        "test": 1423
      }
    },
    "similarity": {
      "valid_to_train": {
        "mean_identity_pct": 34.425223642179674,
        "std_identity_pct": 14.742403365201074,
        "mean_similarity_pct": 48.75873401068777,
        "std_similarity_pct": 15.59992570000454,
        "mean_score": 636.8639143730887,
        "std_score": 958.8725069261326,
        "n": 654
      },
      "test_to_train": {
        "mean_identity_pct": 35.36700478725459,
        "std_identity_pct": 15.463500044982128,
        "mean_similarity_pct": 49.71189000862026,
        "std_similarity_pct": 16.210528640545384,
        "mean_score": 697.1179775280899,
        "std_score": 1004.8071018479117,
        "n": 356
      },
      "test_to_trainvalid": {
        "mean_identity_pct": 94.8743643376387,
        "std_identity_pct": 18.24398195456395,
        "mean_similarity_pct": 95.88626117055938,
        "std_similarity_pct": 15.158625904898106,
        "mean_score": 3261.941011235955,
        "std_score": 2503.6218639266517,
        "n": 356
      }
    },
    "conflicts": {
      "cross_split_pairs": 19,
      "sequence_multi_smiles": 314
    },
    "examples": {
      "sequence_multi_smiles": [
        {
          "sequence": "MALIPDLAMETWLLLAVSLVLLYLYGTHSHGLFKKLGIPGPTPLPFLGNILSYHKGFCMFDMECHKKYGKVWGFYDGQQPVLAITDPDMIKTVLVKECYSVFTNRRPFGPVGFMKSAISIAEDEEWKRLRSLLSPTFTSGKLKEMVPIIAQYGDVLVRNLRREAETGKPVTLKDVFGAYSMDVITSTSFGVNIDSLNNPQDPFVENTKKLLRFDFLDPFFLSITVFPFLIPILEVLNICVFPREVTNFLRKSVKRMKESRLEDTQKHRVDFLQLMIDSQNSKETESHKALSDLELVAQSIIFIFAGYETTSSVLSFIMYELATHPDVQQKLQEEIDAVLPNKAPPTYDTVLQMEYLDMVVNETLRLFPIAMRLERVCKKDVEINGMFIPKGVVVMIPSYALHRDPKYWTEPEKFLPERFSKKNKDNIDPYIYTPFGSGPRNCIGMRFALMNMKLALIRVLQNFSFKPCKETQIPLKLSLGGLLQPEKPVVLKVESRDGTVSGA",
          "n_unique_smiles": 468,
          "splits": [
            "test",
            "valid"
          ]
        },
        {
          "sequence": "MQSTSNHLWLLSDILGQGATANVFRGRHKKTGDLFAIKVFNNISFLRPVDVQMREFEVLKKLNHKNIVKLFAIEEETTTRHKVLIMEFCPCGSLYTVLEEPSNAYGLPESEFLIVLRDVVGGMNHLRENGIVHRDIKPGNIMRVIGEDGQSVYKLTDFGAARELEDDEQFVSLYGTEEYLHPDMYERAVLRKDHQKKYGATVDLWSIGVTFYHAATGSLPFRPFEGPRRNKEVMYKIITGKPSGAISGVQKAENGPIDWSGDMPVSCSLSRGLQVLLTPVLANILEADQEKCWGFDQFFAETSDILHRMVIHVFSLQQMTAHKIYIHSYNTATIFHELVYKQTKIISSNQELIYEGRRLVLEPGRLAQHFPKTTEENPIFVVSREPLNTIGLIYEKISLPKVHPRYDLDGDASMAKAITGVVCYACRIASTLLLYQELMRKGIRWLIELIKDDYNETVHKKTEVVITLDFCIRNIEKTVKVYEKLMKINLEAAELGEISDIHTKLLRLSSSQGTIETSLQDIDSRLSPGGSLADAWAHQEGTHPKDRNVEKLQVLLNCMTEIYYQFKKDKAERRLAYNEEQIHKFDKQKLYYHATKAMTHFTDECVKKYEAFLNKSEEWIRKMLHLRKQLLSLTNQCFDIEEEVSKYQEYTNELQETLPQKMFTASSGIKHTMTPIYPSSNTLVEMTLGMKKLKEEMEGVVKELAENNHILERFGSLTMDGGLRNVDCL",
          "n_unique_smiles": 456,
          "splits": [
            "test",
            "valid"
          ]
        },
        {
          "sequence": "MGLEALVPLAVIVAIFLLLVDLMHRRQRWAARYPPGPLPLPGLGNLLHVDFQNTPYCFDQLRRRFGDVFSLQLAWTPVVVLNGLAAVREALVTHGEDTADRPPVPITQILGFGPRSQGVFLARYGPAWREQRRFSVSTLRNLGLGKKSLEQWVTEEAACLCAAFANHSGRPFRPNGLLDKAVSNVIASLTCGRRFEYDDPRFLRLLDLAQEGLKEESGFLREVLNAVPVLLHIPALAGKVLRFQKAFLTQLDELLTEHRMTWDPAQPPRDLTEAFLAEMEKAKGNPESSFNDENLRIVVADLFSAGMVTTSTTLAWGLLLMILHPDVQRRVQQEIDDVIGQVRRPEMGDQAHMPYTTAVIHEVQRFGDIVPLGVTHMTSRDIEVQGFRIPKGTTLITNLSSVLKDEAVWEKPFRFHPEHFLDAQGHFVKPEAFLPFSAGRRACLGEPLARMELFLFFTSLLQHFSFSVPTGQPRPSHHGVFAFLVSPSPYELCAVPR",
          "n_unique_smiles": 335,
          "splits": [
            "test",
            "valid"
          ]
        },
        {
          "sequence": "MKTPWKVLLGLLGAAALVTIITVPVVLLNKGTDDATADSRKTYTLTDYLKNTYRLKLYSLRWISDHEYLYKQENNILVFNAEYGNSSVFLENSTFDEFGHSINDYSISPDGQFILLEYNYVKQWRHSYTASYDIYDLNKRQLITEERIPNNTQWVTWSPVGHKLAYVWNNDIYVKIEPNLPSYRITWTGKEDIIYNGITDWVYEEEVFSAYSALWWSPNGTFLAYAQFNDTEVPLIEYSFYSDESLQYPKTVRVPYPKAGAVNPTVKFFVVNTDSLSSVTNATSIQITAPASMLIGDHYLCDVTWATQERISLQWLRRIQNYSVMDICDYDESSGRWNCLVARQHIEMSTTGWVGRFRPSEPHFTLDGNSFYKIISNEEGYRHICYFQIDKKDCTFITKGTWEVIGIEALTSDYLYYISNEYKGMPGGRNLYKIQLSDYTKVTCLSCELNPERCQYYSVSFSKEAKYYQLRCSGPGLPLYTLHSSVNDKGLRVLEDNSALDKMLQNVQMPSKKLDFIILNETKFWYQMILPPHFDKSKKYPLLLDVYAGPCSQKADTVFRLNWATYLASTENIIVASFDGRGSGYQGDKIMHAINRRLGTFEVEDQIEAARQFSKMGFVDNKRIAIWGWSYGGYVTSMVLGSGSGVFKCGIAVAPVSRWEYYDSVYTERYMGLPTPEDNLDHYRNSTVMSRAENFKQVEYLLIHGTADDNVHFQQSAQISKALVDVGVDFQAMWYTDEDHGIASSTAHQHIYTHMSHFIKQCFSLP",
          "n_unique_smiles": 269,