{
  "noise_types": [
    "conflicts",
    "cliffs",
    "contamination"
  ],
  "fractions": [
    0.0,
    0.0001,
    0.000109749877,
    0.000120450354,
    0.000132194115,
    0.000145082878,
    0.000159228279,
    0.00017475284,
    0.000191791026,
    0.000210490414,
    0.00023101297,
    0.000253536449,
    0.00027825594,
    0.000305385551,
    0.000335160265,
    0.000367837977,
    0.000403701726,
    0.000443062146,
    0.000486260158,
    0.000533669923,
    0.000585702082,
    0.000642807312,
    0.000705480231,
    0.000774263683,
    0.000849753436,
    0.000932603347,
    0.001023531022,
    0.001123324033,
    0.001232846739,
    0.001353047775,
    0.001484968262,
    0.001629750835,
    0.001788649529,
    0.00196304065,
    0.00215443469,
    0.002364489413,
    0.002595024211,
    0.002848035868,
    0.00312571585,
    0.003430469286,
    0.003764935807,
    0.0041320124,
    0.004534878508,
    0.004977023564,
    0.005462277218,
    0.005994842503,
    0.006579332247,
    0.007220809018,
    0.007924828984,
    0.008697490026,
    0.009545484567,
    0.010476157528,
    0.011497569954,
    0.012618568831,
    0.013848863714,
    0.01519911083,
    0.016681005372,
    0.018307382803,
    0.020092330026,
    0.022051307399,
    0.024201282648,
    0.026560877829,
    0.029150530628,
    0.031992671378,
    0.035111917342,
    0.038535285937,
    0.042292428744,
    0.046415888336,
    0.050941380148,
    0.055908101825,
    0.061359072734,
    0.067341506578,
    0.073907220335,
    0.081113083079,
    0.089021508545,
    0.09770099573,
    0.107226722201,
    0.117681195243,
    0.129154966501,
    0.141747416293,
    0.155567614393,
    0.170735264747,
    0.187381742286,
    0.205651230835,
    0.225701971963,
    0.247707635599,
    0.271858824273,
    0.298364724028,
    0.327454916288,
    0.35938136638,
    0.394420605944,
    0.432876128108,
    0.47508101621,
    0.5214008288,
    0.572236765935,
    0.628029144183,
    0.689261210435,
    0.756463327555,
    0.830217568132,
    0.911162756115,
    1.0
  ],
  "apply_to": "train",
  "contamination_target": "train",
  "seed": 42,
  "n_jobs": 32,
  "fp_radius": 2,
  "fp_nbits": 2048,
  "sim_threshold": 0.9,
  "cliff_candidate_pool": 256,
  "cliff_max_neighbors": 64,
  "records_root": "runs/polaris",
  "datasets": [
    "novartis-adme-novartis-cyp3a4-reg",
    "polaris-adme-fang-hclint-1",
    "polaris-adme-fang-hppb-1",
    "polaris-adme-fang-perm-1",
    "polaris-adme-fang-rclint-1",
    "polaris-adme-fang-rppb-1",
    "polaris-adme-fang-solu-1"
  ]
}