metric,group,label,count,fraction,value
rows_total,,,9979,1.0,9979.0
rows_train,train,,6985,0.6999699368674216,6985.0
rows_valid,valid,,998,0.1000100210441928,998.0
rows_test,test,,1996,0.2000200420883856,1996.0
valid_molecules,,,9979,1.0,9979.0
test_label_conflicts,,,116,0.05811623246492986,116.0
exact_test_leaks,,,162,0.0811623246492986,162.0
near_train_analogues,,,375,0.187875751503006,375.0
same_scaffold_test_molecules,,,1104,0.5531062124248497,1104.0
audit_clean_test_molecules,,,656,0.3286573146292585,656.0
audit_group_count,same_scaffold,,955,0.4784569138276553,955.0
audit_group_count,audit_clean,,656,0.3286573146292585,656.0
audit_group_count,near_train_analogue,,213,0.10671342685370741,213.0
audit_group_count,label_conflict,,116,0.05811623246492986,116.0
audit_group_count,exact_leak,,56,0.028056112224448898,56.0
label_distribution_by_audit_group,audit_clean,-9.129966133,1,0.001524390243902439,1.0
label_distribution_by_audit_group,audit_clean,-9.039324078,1,0.001524390243902439,1.0
label_distribution_by_audit_group,audit_clean,-8.8106451034,1,0.001524390243902439,1.0
label_distribution_by_audit_group,audit_clean,-8.4790833317,1,0.001524390243902439,1.0
label_distribution_by_audit_group,audit_clean,-8.4587601408,1,0.001524390243902439,1.0
label_distribution_by_audit_group,audit_clean,-8.3487503358,1,0.001524390243902439,1.0
label_distribution_by_audit_group,audit_clean,-8.2677435641,1,0.001524390243902439,1.0
label_distribution_by_audit_group,audit_clean,-8.2164783763,1,0.001524390243902439,1.0
label_distribution_by_audit_group,audit_clean,-8.1852587653,1,0.001524390243902439,1.0
label_distribution_by_audit_group,audit_clean,-8.17,1,0.001524390243902439,1.0
label_distribution_by_audit_group,audit_clean,-8.123728845599999,1,0.001524390243902439,1.0
label_distribution_by_audit_group,audit_clean,-8.0871707055,1,0.001524390243902439,1.0
label_distribution_by_audit_group,audit_clean,-8.0544153113,1,0.001524390243902439,1.0
label_distribution_by_audit_group,audit_clean,-7.9814736459,1,0.001524390243902439,1.0
label_distribution_by_audit_group,audit_clean,-7.9081,1,0.001524390243902439,1.0
label_distribution_by_audit_group,audit_clean,-7.770909422999999,1,0.001524390243902439,1.0
label_distribution_by_audit_group,audit_clean,-7.7273960926,1,0.001524390243902439,1.0
label_distribution_by_audit_group,audit_clean,-7.7118329776,1,0.001524390243902439,1.0
label_distribution_by_audit_group,audit_clean,-7.7040784145,1,0.001524390243902439,1.0
label_distribution_by_audit_group,audit_clean,-7.6872220822,1,0.001524390243902439,1.0
label_distribution_by_audit_group,audit_clean,-7.6633437338,1,0.001524390243902439,1.0
label_distribution_by_audit_group,audit_clean,-7.6317322062,1,0.001524390243902439,1.0
label_distribution_by_audit_group,audit_clean,-7.5055419522000015,1,0.001524390243902439,1.0
label_distribution_by_audit_group,audit_clean,-7.4604,1,0.001524390243902439,1.0
label_distribution_by_audit_group,audit_clean,-7.396502026799999,1,0.001524390243902439,1.0
label_distribution_by_audit_group,audit_clean,-7.3809427734,1,0.001524390243902439,1.0
label_distribution_by_audit_group,audit_clean,-7.32,1,0.001524390243902439,1.0
label_distribution_by_audit_group,audit_clean,-7.2887340171,1,0.001524390243902439,1.0
label_distribution_by_audit_group,audit_clean,-7.2023327624,1,0.001524390243902439,1.0
label_distribution_by_audit_group,audit_clean,-7.138082494500001,1,0.001524390243902439,1.0
label_distribution_by_audit_group,audit_clean,-7.1279660508000005,1,0.001524390243902439,1.0
label_distribution_by_audit_group,audit_clean,-7.102471438899999,1,0.001524390243902439,1.0
label_distribution_by_audit_group,audit_clean,-7.1014793549,1,0.001524390243902439,1.0
label_distribution_by_audit_group,audit_clean,-7.0799044677,1,0.001524390243902439,1.0
label_distribution_by_audit_group,audit_clean,-7.0710180803,1,0.001524390243902439,1.0
label_distribution_by_audit_group,audit_clean,-7.0488126213,1,0.001524390243902439,1.0
label_distribution_by_audit_group,audit_clean,-7.0443456956,1,0.001524390243902439,1.0
label_distribution_by_audit_group,audit_clean,-7.0195208893,1,0.001524390243902439,1.0
label_distribution_by_audit_group,audit_clean,-7.016412076799999,1,0.001524390243902439,1.0
label_distribution_by_audit_group,audit_clean,-6.9835711537,1,0.001524390243902439,1.0
label_distribution_by_audit_group,audit_clean,-6.9044856274,1,0.001524390243902439,1.0
label_distribution_by_audit_group,audit_clean,-6.8946,1,0.001524390243902439,1.0
label_distribution_by_audit_group,audit_clean,-6.8573,1,0.001524390243902439,1.0
label_distribution_by_audit_group,audit_clean,-6.820895006900001,1,0.001524390243902439,1.0
label_distribution_by_audit_group,audit_clean,-6.7886,1,0.001524390243902439,1.0
label_distribution_by_audit_group,audit_clean,-6.654998170599999,1,0.001524390243902439,1.0
label_distribution_by_audit_group,audit_clean,-6.5891,1,0.001524390243902439,1.0
label_distribution_by_audit_group,audit_clean,-6.566718008,1,0.001524390243902439,1.0
label_distribution_by_audit_group,audit_clean,-6.5283921465,1,0.001524390243902439,1.0
label_distribution_by_audit_group,audit_clean,-6.4889092646,1,0.001524390243902439,1.0
label_distribution_by_audit_group,audit_clean,-6.4720818187,1,0.001524390243902439,1.0
label_distribution_by_audit_group,audit_clean,-6.4456261549,1,0.001524390243902439,1.0
label_distribution_by_audit_group,audit_clean,-6.4416841407000005,1,0.001524390243902439,1.0
label_distribution_by_audit_group,audit_clean,-6.4121983796,1,0.001524390243902439,1.0
label_distribution_by_audit_group,audit_clean,-6.3846168146,1,0.001524390243902439,1.0
label_distribution_by_audit_group,audit_clean,-6.378367614400001,1,0.001524390243902439,1.0
label_distribution_by_audit_group,audit_clean,-6.33,1,0.001524390243902439,1.0
label_distribution_by_audit_group,audit_clean,-6.295424349,1,0.001524390243902439,1.0
label_distribution_by_audit_group,audit_clean,-6.2877399393,1,0.001524390243902439,1.0
label_distribution_by_audit_group,audit_clean,-6.2405235691,1,0.001524390243902439,1.0
label_distribution_by_audit_group,audit_clean,-6.238635640399999,1,0.001524390243902439,1.0
label_distribution_by_audit_group,audit_clean,-6.2264,1,0.001524390243902439,1.0
label_distribution_by_audit_group,audit_clean,-6.2155,1,0.001524390243902439,1.0
label_distribution_by_audit_group,audit_clean,-6.1439,1,0.001524390243902439,1.0
label_distribution_by_audit_group,audit_clean,-6.12,1,0.001524390243902439,1.0
label_distribution_by_audit_group,audit_clean,-6.088238680599999,1,0.001524390243902439,1.0
label_distribution_by_audit_group,audit_clean,-6.066512277899999,1,0.001524390243902439,1.0
label_distribution_by_audit_group,audit_clean,-6.04,1,0.001524390243902439,1.0
label_distribution_by_audit_group,audit_clean,-6.0175466725,1,0.001524390243902439,1.0
label_distribution_by_audit_group,audit_clean,-6.013999999999999,1,0.001524390243902439,1.0
label_distribution_by_audit_group,audit_clean,-6.0118424704,1,0.001524390243902439,1.0
label_distribution_by_audit_group,audit_clean,-5.982567027000001,1,0.001524390243902439,1.0
label_distribution_by_audit_group,audit_clean,-5.968106766699999,1,0.001524390243902439,1.0
label_distribution_by_audit_group,audit_clean,-5.9645864462,1,0.001524390243902439,1.0
label_distribution_by_audit_group,audit_clean,-5.96,1,0.001524390243902439,1.0
label_distribution_by_audit_group,audit_clean,-5.941561120199999,1,0.001524390243902439,1.0
label_distribution_by_audit_group,audit_clean,-5.915,1,0.001524390243902439,1.0
label_distribution_by_audit_group,audit_clean,-5.85,1,0.001524390243902439,1.0
label_distribution_by_audit_group,audit_clean,-5.8326804614,1,0.001524390243902439,1.0
label_distribution_by_audit_group,audit_clean,-5.7568,1,0.001524390243902439,1.0
label_distribution_by_audit_group,audit_clean,-5.731545252999999,1,0.001524390243902439,1.0
label_distribution_by_audit_group,audit_clean,-5.6698930776,1,0.001524390243902439,1.0
label_distribution_by_audit_group,audit_clean,-5.6453848366,1,0.001524390243902439,1.0
label_distribution_by_audit_group,audit_clean,-5.629397554600001,1,0.001524390243902439,1.0
label_distribution_by_audit_group,audit_clean,-5.5712,1,0.001524390243902439,1.0
label_distribution_by_audit_group,audit_clean,-5.5152815814,1,0.001524390243902439,1.0
label_distribution_by_audit_group,audit_clean,-5.4959148461,1,0.001524390243902439,1.0
label_distribution_by_audit_group,audit_clean,-5.49,2,0.003048780487804878,2.0
label_distribution_by_audit_group,audit_clean,-5.4817,1,0.001524390243902439,1.0
label_distribution_by_audit_group,audit_clean,-5.4507770249,1,0.001524390243902439,1.0
label_distribution_by_audit_group,audit_clean,-5.4491260218,1,0.001524390243902439,1.0
label_distribution_by_audit_group,audit_clean,-5.4266410391,1,0.001524390243902439,1.0
label_distribution_by_audit_group,audit_clean,-5.4201521344,1,0.001524390243902439,1.0
label_distribution_by_audit_group,audit_clean,-5.42,1,0.001524390243902439,1.0
label_distribution_by_audit_group,audit_clean,-5.4128944571,1,0.001524390243902439,1.0
label_distribution_by_audit_group,audit_clean,-5.4025,1,0.001524390243902439,1.0
label_distribution_by_audit_group,audit_clean,-5.3844,1,0.001524390243902439,1.0
label_distribution_by_audit_group,audit_clean,-5.3675853562,1,0.001524390243902439,1.0
label_distribution_by_audit_group,audit_clean,-5.363817292,1,0.001524390243902439,1.0
label_distribution_by_audit_group,audit_clean,-5.3051166643,1,0.001524390243902439,1.0
label_distribution_by_audit_group,audit_clean,-5.2979382401,1,0.001524390243902439,1.0
label_distribution_by_audit_group,audit_clean,-5.284725265,1,0.001524390243902439,1.0
label_distribution_by_audit_group,audit_clean,-5.2,1,0.001524390243902439,1.0
label_distribution_by_audit_group,audit_clean,-5.1898813447,1,0.001524390243902439,1.0
label_distribution_by_audit_group,audit_clean,-5.1712348525,1,0.001524390243902439,1.0
label_distribution_by_audit_group,audit_clean,-5.1693,1,0.001524390243902439,1.0
label_distribution_by_audit_group,audit_clean,-5.1563604082,1,0.001524390243902439,1.0
label_distribution_by_audit_group,audit_clean,-5.1560946306,1,0.001524390243902439,1.0
label_distribution_by_audit_group,audit_clean,-5.1467,1,0.001524390243902439,1.0
label_distribution_by_audit_group,audit_clean,-5.142667396,1,0.001524390243902439,1.0
label_distribution_by_audit_group,audit_clean,-5.142612080899999,1,0.001524390243902439,1.0
label_distribution_by_audit_group,audit_clean,-5.1171460358,1,0.001524390243902439,1.0
label_distribution_by_audit_group,audit_clean,-5.1086,1,0.001524390243902439,1.0
label_distribution_by_audit_group,audit_clean,-5.0981,1,0.001524390243902439,1.0
label_distribution_by_audit_group,audit_clean,-5.0917,1,0.001524390243902439,1.0
label_distribution_by_audit_group,audit_clean,-5.0303,1,0.001524390243902439,1.0
label_distribution_by_audit_group,audit_clean,-4.9798745042000006,1,0.001524390243902439,1.0
label_distribution_by_audit_group,audit_clean,-4.959305966700001,1,0.001524390243902439,1.0
label_distribution_by_audit_group,audit_clean,-4.9542967929,1,0.001524390243902439,1.0
label_distribution_by_audit_group,audit_clean,-4.921453892,1,0.001524390243902439,1.0
label_distribution_by_audit_group,audit_clean,-4.9185665359,1,0.001524390243902439,1.0
label_distribution_by_audit_group,audit_clean,-4.91,1,0.001524390243902439,1.0
label_distribution_by_audit_group,audit_clean,-4.8916555333,1,0.001524390243902439,1.0
label_distribution_by_audit_group,audit_clean,-4.8865490032,1,0.001524390243902439,1.0
label_distribution_by_audit_group,audit_clean,-4.8818,1,0.001524390243902439,1.0
label_distribution_by_audit_group,audit_clean,-4.849542252,1,0.001524390243902439,1.0
label_distribution_by_audit_group,audit_clean,-4.8251168095,1,0.001524390243902439,1.0
label_distribution_by_audit_group,audit_clean,-4.8108,1,0.001524390243902439,1.0
label_distribution_by_audit_group,audit_clean,-4.8102,1,0.001524390243902439,1.0
label_distribution_by_audit_group,audit_clean,-4.788985440799999,1,0.001524390243902439,1.0
label_distribution_by_audit_group,audit_clean,-4.7401771795,1,0.001524390243902439,1.0
label_distribution_by_audit_group,audit_clean,-4.7086538251,1,0.001524390243902439,1.0
label_distribution_by_audit_group,audit_clean,-4.7,1,0.001524390243902439,1.0
label_distribution_by_audit_group,audit_clean,-4.6937,1,0.001524390243902439,1.0
label_distribution_by_audit_group,audit_clean,-4.6772,1,0.001524390243902439,1.0
label_distribution_by_audit_group,audit_clean,-4.6731215617,1,0.001524390243902439,1.0
label_distribution_by_audit_group,audit_clean,-4.66,1,0.001524390243902439,1.0
label_distribution_by_audit_group,audit_clean,-4.6582,1,0.001524390243902439,1.0
label_distribution_by_audit_group,audit_clean,-4.6529288002,1,0.001524390243902439,1.0
label_distribution_by_audit_group,audit_clean,-4.6324209502,1,0.001524390243902439,1.0
label_distribution_by_audit_group,audit_clean,-4.63,1,0.001524390243902439,1.0
label_distribution_by_audit_group,audit_clean,-4.6282058436,1,0.001524390243902439,1.0
label_distribution_by_audit_group,audit_clean,-4.619923834,1,0.001524390243902439,1.0
label_distribution_by_audit_group,audit_clean,-4.6134788776,1,0.001524390243902439,1.0
label_distribution_by_audit_group,audit_clean,-4.6063887787,1,0.001524390243902439,1.0
label_distribution_by_audit_group,audit_clean,-4.5916,1,0.001524390243902439,1.0
label_distribution_by_audit_group,audit_clean,-4.5760000000000005,1,0.001524390243902439,1.0
label_distribution_by_audit_group,audit_clean,-4.57,2,0.003048780487804878,2.0
label_distribution_by_audit_group,audit_clean,-4.524775941100001,1,0.001524390243902439,1.0
label_distribution_by_audit_group,audit_clean,-4.5222231174,1,0.001524390243902439,1.0
label_distribution_by_audit_group,audit_clean,-4.5218,1,0.001524390243902439,1.0
label_distribution_by_audit_group,audit_clean,-4.5011269518,1,0.001524390243902439,1.0
label_distribution_by_audit_group,audit_clean,-4.4891053349000005,1,0.001524390243902439,1.0
label_distribution_by_audit_group,audit_clean,-4.4653328209,1,0.001524390243902439,1.0
label_distribution_by_audit_group,audit_clean,-4.4543816995,1,0.001524390243902439,1.0
label_distribution_by_audit_group,audit_clean,-4.4384,1,0.001524390243902439,1.0
label_distribution_by_audit_group,audit_clean,-4.4346903729000005,1,0.001524390243902439,1.0
label_distribution_by_audit_group,audit_clean,-4.4002500912,1,0.001524390243902439,1.0
label_distribution_by_audit_group,audit_clean,-4.3981,1,0.001524390243902439,1.0
label_distribution_by_audit_group,audit_clean,-4.3931837232,1,0.001524390243902439,1.0
label_distribution_by_audit_group,audit_clean,-4.3823578934,1,0.001524390243902439,1.0
label_distribution_by_audit_group,audit_clean,-4.374,1,0.001524390243902439,1.0
label_distribution_by_audit_group,audit_clean,-4.3409088983,1,0.001524390243902439,1.0
label_distribution_by_audit_group,audit_clean,-4.33,1,0.001524390243902439,1.0
label_distribution_by_audit_group,audit_clean,-4.2850368969,1,0.001524390243902439,1.0
label_distribution_by_audit_group,audit_clean,-4.2727,1,0.001524390243902439,1.0
label_distribution_by_audit_group,audit_clean,-4.27,1,0.001524390243902439,1.0
label_distribution_by_audit_group,audit_clean,-4.26,2,0.003048780487804878,2.0
label_distribution_by_audit_group,audit_clean,-4.24,1,0.001524390243902439,1.0
label_distribution_by_audit_group,audit_clean,-4.2367225564,1,0.001524390243902439,1.0
label_distribution_by_audit_group,audit_clean,-4.23,2,0.003048780487804878,2.0
label_distribution_by_audit_group,audit_clean,-4.207,1,0.001524390243902439,1.0
label_distribution_by_audit_group,audit_clean,-4.1979376007,1,0.001524390243902439,1.0
label_distribution_by_audit_group,audit_clean,-4.1492593891,1,0.001524390243902439,1.0
label_distribution_by_audit_group,audit_clean,-4.116871778,1,0.001524390243902439,1.0
label_distribution_by_audit_group,audit_clean,-4.1161961212,1,0.001524390243902439,1.0
label_distribution_by_audit_group,audit_clean,-4.1108,1,0.001524390243902439,1.0
label_distribution_by_audit_group,audit_clean,-4.1004353388,1,0.001524390243902439,1.0
label_distribution_by_audit_group,audit_clean,-4.083,1,0.001524390243902439,1.0
label_distribution_by_audit_group,audit_clean,-4.05,1,0.001524390243902439,1.0
label_distribution_by_audit_group,audit_clean,-4.0405904263,1,0.001524390243902439,1.0
label_distribution_by_audit_group,audit_clean,-4.04,1,0.001524390243902439,1.0
label_distribution_by_audit_group,audit_clean,-4.0312,1,0.001524390243902439,1.0
label_distribution_by_audit_group,audit_clean,-4.0243009096,1,0.001524390243902439,1.0
label_distribution_by_audit_group,audit_clean,-3.98,2,0.003048780487804878,2.0
label_distribution_by_audit_group,audit_clean,-3.9764017843,1,0.001524390243902439,1.0
label_distribution_by_audit_group,audit_clean,-3.9716884266,1,0.001524390243902439,1.0
label_distribution_by_audit_group,audit_clean,-3.95,1,0.001524390243902439,1.0
label_distribution_by_audit_group,audit_clean,-3.9442,1,0.001524390243902439,1.0
label_distribution_by_audit_group,audit_clean,-3.9433,1,0.001524390243902439,1.0
label_distribution_by_audit_group,audit_clean,-3.94,1,0.001524390243902439,1.0
label_distribution_by_audit_group,audit_clean,-3.9244090954,1,0.001524390243902439,1.0
label_distribution_by_audit_group,audit_clean,-3.9191737976,1,0.001524390243902439,1.0
label_distribution_by_audit_group,audit_clean,-3.9,1,0.001524390243902439,1.0
label_distribution_by_audit_group,audit_clean,-3.89,1,0.001524390243902439,1.0
label_distribution_by_audit_group,audit_clean,-3.8775,1,0.001524390243902439,1.0
label_distribution_by_audit_group,audit_clean,-3.8697,1,0.001524390243902439,1.0
label_distribution_by_audit_group,audit_clean,-3.85,2,0.003048780487804878,2.0
label_distribution_by_audit_group,audit_clean,-3.8458299965,1,0.001524390243902439,1.0
label_distribution_by_audit_group,audit_clean,-3.83,1,0.001524390243902439,1.0
label_distribution_by_audit_group,audit_clean,-3.81,1,0.001524390243902439,1.0
label_distribution_by_audit_group,audit_clean,-3.8064830067,1,0.001524390243902439,1.0
label_distribution_by_audit_group,audit_clean,-3.8028,1,0.001524390243902439,1.0
label_distribution_by_audit_group,audit_clean,-3.8,1,0.001524390243902439,1.0
label_distribution_by_audit_group,audit_clean,-3.79,1,0.001524390243902439,1.0
label_distribution_by_audit_group,audit_clean,-3.7601070667,1,0.001524390243902439,1.0
label_distribution_by_audit_group,audit_clean,-3.7461507617,1,0.001524390243902439,1.0
label_distribution_by_audit_group,audit_clean,-3.74,1,0.001524390243902439,1.0
label_distribution_by_audit_group,audit_clean,-3.72,1,0.001524390243902439,1.0
label_distribution_by_audit_group,audit_clean,-3.7,1,0.001524390243902439,1.0
label_distribution_by_audit_group,audit_clean,-3.6731547352,1,0.001524390243902439,1.0
label_distribution_by_audit_group,audit_clean,-3.6533405182,1,0.001524390243902439,1.0
label_distribution_by_audit_group,audit_clean,-3.5924,1,0.001524390243902439,1.0
label_distribution_by_audit_group,audit_clean,-3.59,1,0.001524390243902439,1.0
label_distribution_by_audit_group,audit_clean,-3.5714,1,0.001524390243902439,1.0
label_distribution_by_audit_group,audit_clean,-3.5579600556,1,0.001524390243902439,1.0
label_distribution_by_audit_group,audit_clean,-3.5528261452,1,0.001524390243902439,1.0
label_distribution_by_audit_group,audit_clean,-3.5462434596,1,0.001524390243902439,1.0
label_distribution_by_audit_group,audit_clean,-3.54,1,0.001524390243902439,1.0
label_distribution_by_audit_group,audit_clean,-3.535,1,0.001524390243902439,1.0
label_distribution_by_audit_group,audit_clean,-3.5338845835000003,1,0.001524390243902439,1.0
label_distribution_by_audit_group,audit_clean,-3.5322,1,0.001524390243902439,1.0
label_distribution_by_audit_group,audit_clean,-3.5321,1,0.001524390243902439,1.0
label_distribution_by_audit_group,audit_clean,-3.5188,1,0.001524390243902439,1.0
label_distribution_by_audit_group,audit_clean,-3.49,1,0.001524390243902439,1.0
label_distribution_by_audit_group,audit_clean,-3.48,1,0.001524390243902439,1.0
label_distribution_by_audit_group,audit_clean,-3.4318638977,1,0.001524390243902439,1.0
label_distribution_by_audit_group,audit_clean,-3.42,1,0.001524390243902439,1.0
label_distribution_by_audit_group,audit_clean,-3.4,1,0.001524390243902439,1.0
label_distribution_by_audit_group,audit_clean,-3.3623020198,1,0.001524390243902439,1.0
label_distribution_by_audit_group,audit_clean,-3.3572,1,0.001524390243902439,1.0
label_distribution_by_audit_group,audit_clean,-3.34190657,1,0.001524390243902439,1.0
label_distribution_by_audit_group,audit_clean,-3.3305,1,0.001524390243902439,1.0
label_distribution_by_audit_group,audit_clean,-3.3235329498,1,0.001524390243902439,1.0
label_distribution_by_audit_group,audit_clean,-3.3187,1,0.001524390243902439,1.0
label_distribution_by_audit_group,audit_clean,-3.31,2,0.003048780487804878,2.0
label_distribution_by_audit_group,audit_clean,-3.301742894,1,0.001524390243902439,1.0
label_distribution_by_audit_group,audit_clean,-3.2569810012,1,0.001524390243902439,1.0
label_distribution_by_audit_group,audit_clean,-3.2439,1,0.001524390243902439,1.0
label_distribution_by_audit_group,audit_clean,-3.2196,1,0.001524390243902439,1.0
label_distribution_by_audit_group,audit_clean,-3.2169,1,0.001524390243902439,1.0
label_distribution_by_audit_group,audit_clean,-3.1851035311,1,0.001524390243902439,1.0
label_distribution_by_audit_group,audit_clean,-3.1727,1,0.001524390243902439,1.0
label_distribution_by_audit_group,audit_clean,-3.16,1,0.001524390243902439,1.0
label_distribution_by_audit_group,audit_clean,-3.1599219868,1,0.001524390243902439,1.0
label_distribution_by_audit_group,audit_clean,-3.1574,1,0.001524390243902439,1.0
label_distribution_by_audit_group,audit_clean,-3.1498,1,0.001524390243902439,1.0
label_distribution_by_audit_group,audit_clean,-3.1404,1,0.001524390243902439,1.0
label_distribution_by_audit_group,audit_clean,-3.1373,1,0.001524390243902439,1.0
label_distribution_by_audit_group,audit_clean,-3.0647,1,0.001524390243902439,1.0
label_distribution_by_audit_group,audit_clean,-3.0376,1,0.001524390243902439,1.0
label_distribution_by_audit_group,audit_clean,-2.9844,1,0.001524390243902439,1.0
label_distribution_by_audit_group,audit_clean,-2.97,1,0.001524390243902439,1.0
label_distribution_by_audit_group,audit_clean,-2.96,1,0.001524390243902439,1.0
label_distribution_by_audit_group,audit_clean,-2.9384,1,0.001524390243902439,1.0
label_distribution_by_audit_group,audit_clean,-2.9210000000000003,1,0.001524390243902439,1.0
label_distribution_by_audit_group,audit_clean,-2.9196,1,0.001524390243902439,1.0
label_distribution_by_audit_group,audit_clean,-2.8927,1,0.001524390243902439,1.0
label_distribution_by_audit_group,audit_clean,-2.8700736410000003,1,0.001524390243902439,1.0
label_distribution_by_audit_group,audit_clean,-2.8690757364,1,0.001524390243902439,1.0
label_distribution_by_audit_group,audit_clean,-2.83,1,0.001524390243902439,1.0
label_distribution_by_audit_group,audit_clean,-2.7939,1,0.001524390243902439,1.0
label_distribution_by_audit_group,audit_clean,-2.7785,1,0.001524390243902439,1.0
label_distribution_by_audit_group,audit_clean,-2.774,1,0.001524390243902439,1.0
label_distribution_by_audit_group,audit_clean,-2.75,1,0.001524390243902439,1.0
label_distribution_by_audit_group,audit_clean,-2.7469,1,0.001524390243902439,1.0
label_distribution_by_audit_group,audit_clean,-2.74,1,0.001524390243902439,1.0
label_distribution_by_audit_group,audit_clean,-2.7346414392,1,0.001524390243902439,1.0
label_distribution_by_audit_group,audit_clean,-2.7229,1,0.001524390243902439,1.0
label_distribution_by_audit_group,audit_clean,-2.72,1,0.001524390243902439,1.0
label_distribution_by_audit_group,audit_clean,-2.7116859389,1,0.001524390243902439,1.0
label_distribution_by_audit_group,audit_clean,-2.7031744039,1,0.001524390243902439,1.0
label_distribution_by_audit_group,audit_clean,-2.702803349,1,0.001524390243902439,1.0
label_distribution_by_audit_group,audit_clean,-2.7,1,0.001524390243902439,1.0
label_distribution_by_audit_group,audit_clean,-2.687445856,1,0.001524390243902439,1.0
label_distribution_by_audit_group,audit_clean,-2.6532064055,1,0.001524390243902439,1.0
label_distribution_by_audit_group,audit_clean,-2.6471,1,0.001524390243902439,1.0
label_distribution_by_audit_group,audit_clean,-2.64,1,0.001524390243902439,1.0
label_distribution_by_audit_group,audit_clean,-2.62,1,0.001524390243902439,1.0
label_distribution_by_audit_group,audit_clean,-2.6177,1,0.001524390243902439,1.0
label_distribution_by_audit_group,audit_clean,-2.596,1,0.001524390243902439,1.0
label_distribution_by_audit_group,audit_clean,-2.59,1,0.001524390243902439,1.0
label_distribution_by_audit_group,audit_clean,-2.5803,1,0.001524390243902439,1.0
label_distribution_by_audit_group,audit_clean,-2.58,1,0.001524390243902439,1.0
label_distribution_by_audit_group,audit_clean,-2.5669690772,1,0.001524390243902439,1.0
label_distribution_by_audit_group,audit_clean,-2.56,1,0.001524390243902439,1.0
label_distribution_by_audit_group,audit_clean,-2.5570799155,1,0.001524390243902439,1.0
label_distribution_by_audit_group,audit_clean,-2.5525,1,0.001524390243902439,1.0
label_distribution_by_audit_group,audit_clean,-2.5403,1,0.001524390243902439,1.0
label_distribution_by_audit_group,audit_clean,-2.5105450102,1,0.001524390243902439,1.0
label_distribution_by_audit_group,audit_clean,-2.5104223592,1,0.001524390243902439,1.0
label_distribution_by_audit_group,audit_clean,-2.5,1,0.001524390243902439,1.0
label_distribution_by_audit_group,audit_clean,-2.4941685135,1,0.001524390243902439,1.0
label_distribution_by_audit_group,audit_clean,-2.4896905423,1,0.001524390243902439,1.0
label_distribution_by_audit_group,audit_clean,-2.4833879664,1,0.001524390243902439,1.0
label_distribution_by_audit_group,audit_clean,-2.4809,1,0.001524390243902439,1.0
label_distribution_by_audit_group,audit_clean,-2.4758,1,0.001524390243902439,1.0
label_distribution_by_audit_group,audit_clean,-2.47,1,0.001524390243902439,1.0
label_distribution_by_audit_group,audit_clean,-2.467,1,0.001524390243902439,1.0
label_distribution_by_audit_group,audit_clean,-2.45,1,0.001524390243902439,1.0
label_distribution_by_audit_group,audit_clean,-2.4448,1,0.001524390243902439,1.0
label_distribution_by_audit_group,audit_clean,-2.4361,1,0.001524390243902439,1.0
label_distribution_by_audit_group,audit_clean,-2.4326,1,0.001524390243902439,1.0
label_distribution_by_audit_group,audit_clean,-2.43,2,0.003048780487804878,2.0
label_distribution_by_audit_group,audit_clean,-2.4299809947,1,0.001524390243902439,1.0
label_distribution_by_audit_group,audit_clean,-2.42,1,0.001524390243902439,1.0
label_distribution_by_audit_group,audit_clean,-2.419,1,0.001524390243902439,1.0
label_distribution_by_audit_group,audit_clean,-2.41,1,0.001524390243902439,1.0
label_distribution_by_audit_group,audit_clean,-2.4029,1,0.001524390243902439,1.0
label_distribution_by_audit_group,audit_clean,-2.3750473352,1,0.001524390243902439,1.0
label_distribution_by_audit_group,audit_clean,-2.37,1,0.001524390243902439,1.0
label_distribution_by_audit_group,audit_clean,-2.3547996853,1,0.001524390243902439,1.0
label_distribution_by_audit_group,audit_clean,-2.3379408202,1,0.001524390243902439,1.0
label_distribution_by_audit_group,audit_clean,-2.3364163689,1,0.001524390243902439,1.0
label_distribution_by_audit_group,audit_clean,-2.3213,1,0.001524390243902439,1.0
label_distribution_by_audit_group,audit_clean,-2.3017,1,0.001524390243902439,1.0
label_distribution_by_audit_group,audit_clean,-2.2886,1,0.001524390243902439,1.0
label_distribution_by_audit_group,audit_clean,-2.27,1,0.001524390243902439,1.0
label_distribution_by_audit_group,audit_clean,-2.2473,1,0.001524390243902439,1.0
label_distribution_by_audit_group,audit_clean,-2.24,1,0.001524390243902439,1.0
label_distribution_by_audit_group,audit_clean,-2.2304,1,0.001524390243902439,1.0
label_distribution_by_audit_group,audit_clean,-2.2101305551,1,0.001524390243902439,1.0
label_distribution_by_audit_group,audit_clean,-2.2007,1,0.001524390243902439,1.0
label_distribution_by_audit_group,audit_clean,-2.2,1,0.001524390243902439,1.0
label_distribution_by_audit_group,audit_clean,-2.1757,1,0.001524390243902439,1.0
label_distribution_by_audit_group,audit_clean,-2.17,1,0.001524390243902439,1.0
label_distribution_by_audit_group,audit_clean,-2.1575163863,1,0.001524390243902439,1.0
label_distribution_by_audit_group,audit_clean,-2.1562,1,0.001524390243902439,1.0
label_distribution_by_audit_group,audit_clean,-2.1554,1,0.001524390243902439,1.0
label_distribution_by_audit_group,audit_clean,-2.1520684654,1,0.001524390243902439,1.0
label_distribution_by_audit_group,audit_clean,-2.15,1,0.001524390243902439,1.0
label_distribution_by_audit_group,audit_clean,-2.1455655454,1,0.001524390243902439,1.0
label_distribution_by_audit_group,audit_clean,-2.13,1,0.001524390243902439,1.0
label_distribution_by_audit_group,audit_clean,-2.0729,1,0.001524390243902439,1.0
label_distribution_by_audit_group,audit_clean,-2.067961594,1,0.001524390243902439,1.0
label_distribution_by_audit_group,audit_clean,-2.06,1,0.001524390243902439,1.0
label_distribution_by_audit_group,audit_clean,-2.0578,1,0.001524390243902439,1.0
label_distribution_by_audit_group,audit_clean,-2.0575,1,0.001524390243902439,1.0
label_distribution_by_audit_group,audit_clean,-2.0236334836000003,1,0.001524390243902439,1.0
label_distribution_by_audit_group,audit_clean,-2.02,1,0.001524390243902439,1.0
label_distribution_by_audit_group,audit_clean,-2.0,1,0.001524390243902439,1.0
label_distribution_by_audit_group,audit_clean,-1.9986,1,0.001524390243902439,1.0
label_distribution_by_audit_group,audit_clean,-1.9782,1,0.001524390243902439,1.0
label_distribution_by_audit_group,audit_clean,-1.9763,1,0.001524390243902439,1.0
label_distribution_by_audit_group,audit_clean,-1.974517726,1,0.001524390243902439,1.0
label_distribution_by_audit_group,audit_clean,-1.969,1,0.001524390243902439,1.0
label_distribution_by_audit_group,audit_clean,-1.9548,1,0.001524390243902439,1.0
label_distribution_by_audit_group,audit_clean,-1.94,1,0.001524390243902439,1.0
label_distribution_by_audit_group,audit_clean,-1.9255,1,0.001524390243902439,1.0
label_distribution_by_audit_group,audit_clean,-1.9208,1,0.001524390243902439,1.0
label_distribution_by_audit_group,audit_clean,-1.92,3,0.004573170731707317,3.0
label_distribution_by_audit_group,audit_clean,-1.8898,1,0.001524390243902439,1.0
label_distribution_by_audit_group,audit_clean,-1.8773408513,1,0.001524390243902439,1.0
label_distribution_by_audit_group,audit_clean,-1.8773,1,0.001524390243902439,1.0
label_distribution_by_audit_group,audit_clean,-1.873,1,0.001524390243902439,1.0
label_distribution_by_audit_group,audit_clean,-1.8406,1,0.001524390243902439,1.0
label_distribution_by_audit_group,audit_clean,-1.8384616763,1,0.001524390243902439,1.0
label_distribution_by_audit_group,audit_clean,-1.8346,1,0.001524390243902439,1.0
label_distribution_by_audit_group,audit_clean,-1.8281,1,0.001524390243902439,1.0
label_distribution_by_audit_group,audit_clean,-1.82,1,0.001524390243902439,1.0
label_distribution_by_audit_group,audit_clean,-1.817914488,1,0.001524390243902439,1.0
label_distribution_by_audit_group,audit_clean,-1.8122,1,0.001524390243902439,1.0
label_distribution_by_audit_group,audit_clean,-1.81,1,0.001524390243902439,1.0
label_distribution_by_audit_group,audit_clean,-1.8067597771,1,0.001524390243902439,1.0
label_distribution_by_audit_group,audit_clean,-1.7965,1,0.001524390243902439,1.0
label_distribution_by_audit_group,audit_clean,-1.7720804309,1,0.001524390243902439,1.0
label_distribution_by_audit_group,audit_clean,-1.7705,1,0.001524390243902439,1.0
label_distribution_by_audit_group,audit_clean,-1.769,1,0.001524390243902439,1.0
label_distribution_by_audit_group,audit_clean,-1.7584817871,1,0.001524390243902439,1.0
label_distribution_by_audit_group,audit_clean,-1.7395,1,0.001524390243902439,1.0
label_distribution_by_audit_group,audit_clean,-1.7356,1,0.001524390243902439,1.0
label_distribution_by_audit_group,audit_clean,-1.7168,1,0.001524390243902439,1.0
label_distribution_by_audit_group,audit_clean,-1.7107562487,1,0.001524390243902439,1.0
label_distribution_by_audit_group,audit_clean,-1.7,1,0.001524390243902439,1.0
label_distribution_by_audit_group,audit_clean,-1.6996,1,0.001524390243902439,1.0
label_distribution_by_audit_group,audit_clean,-1.6718324141,1,0.001524390243902439,1.0
label_distribution_by_audit_group,audit_clean,-1.66,1,0.001524390243902439,1.0
label_distribution_by_audit_group,audit_clean,-1.6464,1,0.001524390243902439,1.0
label_distribution_by_audit_group,audit_clean,-1.6374,1,0.001524390243902439,1.0
label_distribution_by_audit_group,audit_clean,-1.6367385713999998,1,0.001524390243902439,1.0
label_distribution_by_audit_group,audit_clean,-1.6365,1,0.001524390243902439,1.0
label_distribution_by_audit_group,audit_clean,-1.63,1,0.001524390243902439,1.0
label_distribution_by_audit_group,audit_clean,-1.6184,1,0.001524390243902439,1.0
label_distribution_by_audit_group,audit_clean,-1.5885809265000002,1,0.001524390243902439,1.0
label_distribution_by_audit_group,audit_clean,-1.5811040628,1,0.001524390243902439,1.0
label_distribution_by_audit_group,audit_clean,-1.5687181444,1,0.001524390243902439,1.0
label_distribution_by_audit_group,audit_clean,-1.5347,1,0.001524390243902439,1.0
label_distribution_by_audit_group,audit_clean,-1.5337,1,0.001524390243902439,1.0
label_distribution_by_audit_group,audit_clean,-1.5235,1,0.001524390243902439,1.0
label_distribution_by_audit_group,audit_clean,-1.52,1,0.001524390243902439,1.0
label_distribution_by_audit_group,audit_clean,-1.5124,1,0.001524390243902439,1.0
label_distribution_by_audit_group,audit_clean,-1.5,1,0.001524390243902439,1.0
label_distribution_by_audit_group,audit_clean,-1.4996,1,0.001524390243902439,1.0
label_distribution_by_audit_group,audit_clean,-1.4969,1,0.001524390243902439,1.0
label_distribution_by_audit_group,audit_clean,-1.495423095,1,0.001524390243902439,1.0
label_distribution_by_audit_group,audit_clean,-1.49,1,0.001524390243902439,1.0
label_distribution_by_audit_group,audit_clean,-1.489,1,0.001524390243902439,1.0
label_distribution_by_audit_group,audit_clean,-1.4631185388,1,0.001524390243902439,1.0
label_distribution_by_audit_group,audit_clean,-1.4593,1,0.001524390243902439,1.0
label_distribution_by_audit_group,audit_clean,-1.45,1,0.001524390243902439,1.0
label_distribution_by_audit_group,audit_clean,-1.43,2,0.003048780487804878,2.0
label_distribution_by_audit_group,audit_clean,-1.4243,1,0.001524390243902439,1.0
label_distribution_by_audit_group,audit_clean,-1.4242,1,0.001524390243902439,1.0
label_distribution_by_audit_group,audit_clean,-1.3974,1,0.001524390243902439,1.0
label_distribution_by_audit_group,audit_clean,-1.3971,1,0.001524390243902439,1.0
label_distribution_by_audit_group,audit_clean,-1.3967,1,0.001524390243902439,1.0
label_distribution_by_audit_group,audit_clean,-1.3931,1,0.001524390243902439,1.0
label_distribution_by_audit_group,audit_clean,-1.3774493615,1,0.001524390243902439,1.0
label_distribution_by_audit_group,audit_clean,-1.3679,1,0.001524390243902439,1.0
label_distribution_by_audit_group,audit_clean,-1.36,2,0.003048780487804878,2.0
label_distribution_by_audit_group,audit_clean,-1.3593,1,0.001524390243902439,1.0
label_distribution_by_audit_group,audit_clean,-1.3469,1,0.001524390243902439,1.0
label_distribution_by_audit_group,audit_clean,-1.3406827143,1,0.001524390243902439,1.0
label_distribution_by_audit_group,audit_clean,-1.3364263766,1,0.001524390243902439,1.0
label_distribution_by_audit_group,audit_clean,-1.3269,1,0.001524390243902439,1.0
label_distribution_by_audit_group,audit_clean,-1.3251,1,0.001524390243902439,1.0
label_distribution_by_audit_group,audit_clean,-1.306674746,1,0.001524390243902439,1.0
label_distribution_by_audit_group,audit_clean,-1.2994,1,0.001524390243902439,1.0
label_distribution_by_audit_group,audit_clean,-1.27,2,0.003048780487804878,2.0
label_distribution_by_audit_group,audit_clean,-1.261,1,0.001524390243902439,1.0
label_distribution_by_audit_group,audit_clean,-1.2449,1,0.001524390243902439,1.0
label_distribution_by_audit_group,audit_clean,-1.2223096235,1,0.001524390243902439,1.0
label_distribution_by_audit_group,audit_clean,-1.2121028981,1,0.001524390243902439,1.0
label_distribution_by_audit_group,audit_clean,-1.19,1,0.001524390243902439,1.0
label_distribution_by_audit_group,audit_clean,-1.1892367555,1,0.001524390243902439,1.0
label_distribution_by_audit_group,audit_clean,-1.1819174748,1,0.001524390243902439,1.0
label_distribution_by_audit_group,audit_clean,-1.1443,1,0.001524390243902439,1.0
label_distribution_by_audit_group,audit_clean,-1.1308,1,0.001524390243902439,1.0
label_distribution_by_audit_group,audit_clean,-1.1139433523,1,0.001524390243902439,1.0
label_distribution_by_audit_group,audit_clean,-1.1098,1,0.001524390243902439,1.0
label_distribution_by_audit_group,audit_clean,-1.096509119,1,0.001524390243902439,1.0
label_distribution_by_audit_group,audit_clean,-1.08,1,0.001524390243902439,1.0
label_distribution_by_audit_group,audit_clean,-1.0591609316,1,0.001524390243902439,1.0
label_distribution_by_audit_group,audit_clean,-1.0558122117,1,0.001524390243902439,1.0
label_distribution_by_audit_group,audit_clean,-1.0407,1,0.001524390243902439,1.0
label_distribution_by_audit_group,audit_clean,-1.020958606,1,0.001524390243902439,1.0
label_distribution_by_audit_group,audit_clean,-1.019613944,1,0.001524390243902439,1.0
label_distribution_by_audit_group,audit_clean,-0.9832225904,1,0.001524390243902439,1.0
label_distribution_by_audit_group,audit_clean,-0.98,1,0.001524390243902439,1.0
label_distribution_by_audit_group,audit_clean,-0.9674738601,1,0.001524390243902439,1.0
label_distribution_by_audit_group,audit_clean,-0.962426912,1,0.001524390243902439,1.0
label_distribution_by_audit_group,audit_clean,-0.96,2,0.003048780487804878,2.0
label_distribution_by_audit_group,audit_clean,-0.9574,1,0.001524390243902439,1.0
label_distribution_by_audit_group,audit_clean,-0.9456,1,0.001524390243902439,1.0
label_distribution_by_audit_group,audit_clean,-0.9452,1,0.001524390243902439,1.0
label_distribution_by_audit_group,audit_clean,-0.889,1,0.001524390243902439,1.0
label_distribution_by_audit_group,audit_clean,-0.88,1,0.001524390243902439,1.0
label_distribution_by_audit_group,audit_clean,-0.8795540191,1,0.001524390243902439,1.0
label_distribution_by_audit_group,audit_clean,-0.8779041501,1,0.001524390243902439,1.0
label_distribution_by_audit_group,audit_clean,-0.8598992117,1,0.001524390243902439,1.0
label_distribution_by_audit_group,audit_clean,-0.8459165595999999,1,0.001524390243902439,1.0
label_distribution_by_audit_group,audit_clean,-0.8372,1,0.001524390243902439,1.0
label_distribution_by_audit_group,audit_clean,-0.8358,1,0.001524390243902439,1.0
label_distribution_by_audit_group,audit_clean,-0.8352255084,1,0.001524390243902439,1.0
label_distribution_by_audit_group,audit_clean,-0.83,1,0.001524390243902439,1.0
label_distribution_by_audit_group,audit_clean,-0.827397585,1,0.001524390243902439,1.0
label_distribution_by_audit_group,audit_clean,-0.8254112341,1,0.001524390243902439,1.0
label_distribution_by_audit_group,audit_clean,-0.8176814122,1,0.001524390243902439,1.0
label_distribution_by_audit_group,audit_clean,-0.7991431977,1,0.001524390243902439,1.0
label_distribution_by_audit_group,audit_clean,-0.7814,1,0.001524390243902439,1.0
label_distribution_by_audit_group,audit_clean,-0.7709999999999999,1,0.001524390243902439,1.0
label_distribution_by_audit_group,audit_clean,-0.77,2,0.003048780487804878,2.0
label_distribution_by_audit_group,audit_clean,-0.7520299872,1,0.001524390243902439,1.0
label_distribution_by_audit_group,audit_clean,-0.74,2,0.003048780487804878,2.0
label_distribution_by_audit_group,audit_clean,-0.723,1,0.001524390243902439,1.0
label_distribution_by_audit_group,audit_clean,-0.7221,1,0.001524390243902439,1.0
label_distribution_by_audit_group,audit_clean,-0.714875651,1,0.001524390243902439,1.0
label_distribution_by_audit_group,audit_clean,-0.71,1,0.001524390243902439,1.0
label_distribution_by_audit_group,audit_clean,-0.7062,1,0.001524390243902439,1.0
label_distribution_by_audit_group,audit_clean,-0.691340871,1,0.001524390243902439,1.0
label_distribution_by_audit_group,audit_clean,-0.6835,1,0.001524390243902439,1.0
label_distribution_by_audit_group,audit_clean,-0.6823,1,0.001524390243902439,1.0
label_distribution_by_audit_group,audit_clean,-0.6737,1,0.001524390243902439,1.0
label_distribution_by_audit_group,audit_clean,-0.6479837034,1,0.001524390243902439,1.0
label_distribution_by_audit_group,audit_clean,-0.64043406,1,0.001524390243902439,1.0
label_distribution_by_audit_group,audit_clean,-0.6303809029,1,0.001524390243902439,1.0
label_distribution_by_audit_group,audit_clean,-0.6237,1,0.001524390243902439,1.0
label_distribution_by_audit_group,audit_clean,-0.611,1,0.001524390243902439,1.0
label_distribution_by_audit_group,audit_clean,-0.6085,1,0.001524390243902439,1.0
label_distribution_by_audit_group,audit_clean,-0.5946,1,0.001524390243902439,1.0
label_distribution_by_audit_group,audit_clean,-0.5907814418999999,1,0.001524390243902439,1.0
label_distribution_by_audit_group,audit_clean,-0.5892058636,1,0.001524390243902439,1.0
label_distribution_by_audit_group,audit_clean,-0.5847,1,0.001524390243902439,1.0
label_distribution_by_audit_group,audit_clean,-0.5694985454,1,0.001524390243902439,1.0
label_distribution_by_audit_group,audit_clean,-0.5634276852000001,1,0.001524390243902439,1.0
label_distribution_by_audit_group,audit_clean,-0.5467680909,1,0.001524390243902439,1.0
label_distribution_by_audit_group,audit_clean,-0.5418,1,0.001524390243902439,1.0
label_distribution_by_audit_group,audit_clean,-0.5325397259,1,0.001524390243902439,1.0
label_distribution_by_audit_group,audit_clean,-0.527,1,0.001524390243902439,1.0
label_distribution_by_audit_group,audit_clean,-0.515,1,0.001524390243902439,1.0
label_distribution_by_audit_group,audit_clean,-0.511,1,0.001524390243902439,1.0
label_distribution_by_audit_group,audit_clean,-0.4985,1,0.001524390243902439,1.0
label_distribution_by_audit_group,audit_clean,-0.4681010618999999,1,0.001524390243902439,1.0
label_distribution_by_audit_group,audit_clean,-0.4628,1,0.001524390243902439,1.0
label_distribution_by_audit_group,audit_clean,-0.461082427,1,0.001524390243902439,1.0
label_distribution_by_audit_group,audit_clean,-0.4583389122,1,0.001524390243902439,1.0
label_distribution_by_audit_group,audit_clean,-0.4579,1,0.001524390243902439,1.0
label_distribution_by_audit_group,audit_clean,-0.4390291979,1,0.001524390243902439,1.0
label_distribution_by_audit_group,audit_clean,-0.43,1,0.001524390243902439,1.0
label_distribution_by_audit_group,audit_clean,-0.4287,1,0.001524390243902439,1.0
label_distribution_by_audit_group,audit_clean,-0.4244279852,1,0.001524390243902439,1.0
label_distribution_by_audit_group,audit_clean,-0.4189,1,0.001524390243902439,1.0
label_distribution_by_audit_group,audit_clean,-0.4121,2,0.003048780487804878,2.0
label_distribution_by_audit_group,audit_clean,-0.4012,1,0.001524390243902439,1.0
label_distribution_by_audit_group,audit_clean,-0.3776,1,0.001524390243902439,1.0
label_distribution_by_audit_group,audit_clean,-0.3436,1,0.001524390243902439,1.0
label_distribution_by_audit_group,audit_clean,-0.3279,1,0.001524390243902439,1.0
label_distribution_by_audit_group,audit_clean,-0.3276124069,1,0.001524390243902439,1.0
label_distribution_by_audit_group,audit_clean,-0.3235268543,1,0.001524390243902439,1.0
label_distribution_by_audit_group,audit_clean,-0.321,1,0.001524390243902439,1.0
label_distribution_by_audit_group,audit_clean,-0.3,1,0.001524390243902439,1.0
label_distribution_by_audit_group,audit_clean,-0.294,1,0.001524390243902439,1.0
label_distribution_by_audit_group,audit_clean,-0.281,1,0.001524390243902439,1.0
label_distribution_by_audit_group,audit_clean,-0.276,1,0.001524390243902439,1.0
label_distribution_by_audit_group,audit_clean,-0.2674,1,0.001524390243902439,1.0
label_distribution_by_audit_group,audit_clean,-0.2617,1,0.001524390243902439,1.0
label_distribution_by_audit_group,audit_clean,-0.2558,1,0.001524390243902439,1.0
label_distribution_by_audit_group,audit_clean,-0.2435,1,0.001524390243902439,1.0
label_distribution_by_audit_group,audit_clean,-0.2324579511,1,0.001524390243902439,1.0
label_distribution_by_audit_group,audit_clean,-0.2319,1,0.001524390243902439,1.0
label_distribution_by_audit_group,audit_clean,-0.2104,1,0.001524390243902439,1.0
label_distribution_by_audit_group,audit_clean,-0.2046,1,0.001524390243902439,1.0
label_distribution_by_audit_group,audit_clean,-0.1982,1,0.001524390243902439,1.0
label_distribution_by_audit_group,audit_clean,-0.1971,1,0.001524390243902439,1.0
label_distribution_by_audit_group,audit_clean,-0.1967597116,1,0.001524390243902439,1.0
label_distribution_by_audit_group,audit_clean,-0.1906,1,0.001524390243902439,1.0
label_distribution_by_audit_group,audit_clean,-0.18999534,1,0.001524390243902439,1.0
label_distribution_by_audit_group,audit_clean,-0.18,1,0.001524390243902439,1.0
label_distribution_by_audit_group,audit_clean,-0.1793,1,0.001524390243902439,1.0
label_distribution_by_audit_group,audit_clean,-0.1669,1,0.001524390243902439,1.0
label_distribution_by_audit_group,audit_clean,-0.1653,1,0.001524390243902439,1.0
label_distribution_by_audit_group,audit_clean,-0.1590074228,1,0.001524390243902439,1.0
label_distribution_by_audit_group,audit_clean,-0.128994642,1,0.001524390243902439,1.0
label_distribution_by_audit_group,audit_clean,-0.11,1,0.001524390243902439,1.0
label_distribution_by_audit_group,audit_clean,-0.079806903,1,0.001524390243902439,1.0
label_distribution_by_audit_group,audit_clean,-0.0798,1,0.001524390243902439,1.0
label_distribution_by_audit_group,audit_clean,-0.0700526508,1,0.001524390243902439,1.0
label_distribution_by_audit_group,audit_clean,-0.0666,1,0.001524390243902439,1.0
label_distribution_by_audit_group,audit_clean,-0.062309467,1,0.001524390243902439,1.0
label_distribution_by_audit_group,audit_clean,-0.0375898256999999,1,0.001524390243902439,1.0
label_distribution_by_audit_group,audit_clean,-0.02,1,0.001524390243902439,1.0
label_distribution_by_audit_group,audit_clean,-0.0021872624,1,0.001524390243902439,1.0
label_distribution_by_audit_group,audit_clean,0.0018,1,0.001524390243902439,1.0
label_distribution_by_audit_group,audit_clean,0.0193,1,0.001524390243902439,1.0
label_distribution_by_audit_group,audit_clean,0.020110333,1,0.001524390243902439,1.0
label_distribution_by_audit_group,audit_clean,0.0273419683,1,0.001524390243902439,1.0
label_distribution_by_audit_group,audit_clean,0.0845613317,1,0.001524390243902439,1.0
label_distribution_by_audit_group,audit_clean,0.111437809,1,0.001524390243902439,1.0
label_distribution_by_audit_group,audit_clean,0.1139,1,0.001524390243902439,1.0
label_distribution_by_audit_group,audit_clean,0.1266596907,1,0.001524390243902439,1.0
label_distribution_by_audit_group,audit_clean,0.1471983169,1,0.001524390243902439,1.0
label_distribution_by_audit_group,audit_clean,0.1595325622,1,0.001524390243902439,1.0
label_distribution_by_audit_group,audit_clean,0.16,1,0.001524390243902439,1.0
label_distribution_by_audit_group,audit_clean,0.1602,1,0.001524390243902439,1.0
label_distribution_by_audit_group,audit_clean,0.1709,1,0.001524390243902439,1.0
label_distribution_by_audit_group,audit_clean,0.1798,1,0.001524390243902439,1.0
label_distribution_by_audit_group,audit_clean,0.1852603514,1,0.001524390243902439,1.0
label_distribution_by_audit_group,audit_clean,0.188516266,1,0.001524390243902439,1.0
label_distribution_by_audit_group,audit_clean,0.2,1,0.001524390243902439,1.0
label_distribution_by_audit_group,audit_clean,0.2124,1,0.001524390243902439,1.0
label_distribution_by_audit_group,audit_clean,0.2207,1,0.001524390243902439,1.0
label_distribution_by_audit_group,audit_clean,0.26,1,0.001524390243902439,1.0
label_distribution_by_audit_group,audit_clean,0.275,1,0.001524390243902439,1.0
label_distribution_by_audit_group,audit_clean,0.2777,1,0.001524390243902439,1.0
label_distribution_by_audit_group,audit_clean,0.2806,1,0.001524390243902439,1.0
label_distribution_by_audit_group,audit_clean,0.301076949,1,0.001524390243902439,1.0
label_distribution_by_audit_group,audit_clean,0.3032,1,0.001524390243902439,1.0
label_distribution_by_audit_group,audit_clean,0.31,1,0.001524390243902439,1.0
label_distribution_by_audit_group,audit_clean,0.3286681761,1,0.001524390243902439,1.0
label_distribution_by_audit_group,audit_clean,0.3877,1,0.001524390243902439,1.0
label_distribution_by_audit_group,audit_clean,0.4084,1,0.001524390243902439,1.0
label_distribution_by_audit_group,audit_clean,0.4104692649,1,0.001524390243902439,1.0
label_distribution_by_audit_group,audit_clean,0.41483097,1,0.001524390243902439,1.0
label_distribution_by_audit_group,audit_clean,0.4218033311999999,1,0.001524390243902439,1.0
label_distribution_by_audit_group,audit_clean,0.4432827885,1,0.001524390243902439,1.0
label_distribution_by_audit_group,audit_clean,0.46,1,0.001524390243902439,1.0
label_distribution_by_audit_group,audit_clean,0.4656,1,0.001524390243902439,1.0
label_distribution_by_audit_group,audit_clean,0.4683422926,1,0.001524390243902439,1.0
label_distribution_by_audit_group,audit_clean,0.5168038544,1,0.001524390243902439,1.0
label_distribution_by_audit_group,audit_clean,0.5194215084,1,0.001524390243902439,1.0
label_distribution_by_audit_group,audit_clean,0.524,1,0.001524390243902439,1.0
label_distribution_by_audit_group,audit_clean,0.5273,1,0.001524390243902439,1.0
label_distribution_by_audit_group,audit_clean,0.5443381649,1,0.001524390243902439,1.0
label_distribution_by_audit_group,audit_clean,0.5455,1,0.001524390243902439,1.0
label_distribution_by_audit_group,audit_clean,0.5526,1,0.001524390243902439,1.0
label_distribution_by_audit_group,audit_clean,0.57,1,0.001524390243902439,1.0
label_distribution_by_audit_group,audit_clean,0.5846760173,1,0.001524390243902439,1.0
label_distribution_by_audit_group,audit_clean,0.5917902317,1,0.001524390243902439,1.0
label_distribution_by_audit_group,audit_clean,0.5951972853999999,1,0.001524390243902439,1.0
label_distribution_by_audit_group,audit_clean,0.6086,1,0.001524390243902439,1.0
label_distribution_by_audit_group,audit_clean,0.6249,1,0.001524390243902439,1.0
label_distribution_by_audit_group,audit_clean,0.6452233386,1,0.001524390243902439,1.0
label_distribution_by_audit_group,audit_clean,0.6474063078,1,0.001524390243902439,1.0
label_distribution_by_audit_group,audit_clean,0.6709250275,1,0.001524390243902439,1.0
label_distribution_by_audit_group,audit_clean,0.6765,1,0.001524390243902439,1.0
label_distribution_by_audit_group,audit_clean,0.6793511375,1,0.001524390243902439,1.0
label_distribution_by_audit_group,audit_clean,0.6803,1,0.001524390243902439,1.0
label_distribution_by_audit_group,audit_clean,0.6844005874,1,0.001524390243902439,1.0
label_distribution_by_audit_group,audit_clean,0.7036319098,1,0.001524390243902439,1.0
label_distribution_by_audit_group,audit_clean,0.7115939977,1,0.001524390243902439,1.0
label_distribution_by_audit_group,audit_clean,0.7173642943999999,1,0.001524390243902439,1.0
label_distribution_by_audit_group,audit_clean,0.7323301822,1,0.001524390243902439,1.0
label_distribution_by_audit_group,audit_clean,0.7467,1,0.001524390243902439,1.0
label_distribution_by_audit_group,audit_clean,0.7793742068,1,0.001524390243902439,1.0
label_distribution_by_audit_group,audit_clean,0.7898,1,0.001524390243902439,1.0
label_distribution_by_audit_group,audit_clean,0.799,1,0.001524390243902439,1.0
label_distribution_by_audit_group,audit_clean,0.8262602859999999,1,0.001524390243902439,1.0
label_distribution_by_audit_group,audit_clean,0.8466851642000001,1,0.001524390243902439,1.0
label_distribution_by_audit_group,audit_clean,0.8723,1,0.001524390243902439,1.0
label_distribution_by_audit_group,audit_clean,0.8786634333,1,0.001524390243902439,1.0
label_distribution_by_audit_group,audit_clean,0.8856,1,0.001524390243902439,1.0
label_distribution_by_audit_group,audit_clean,0.8888753261,1,0.001524390243902439,1.0
label_distribution_by_audit_group,audit_clean,0.92,1,0.001524390243902439,1.0
label_distribution_by_audit_group,audit_clean,0.9238549272,1,0.001524390243902439,1.0
label_distribution_by_audit_group,audit_clean,0.924,1,0.001524390243902439,1.0
label_distribution_by_audit_group,audit_clean,0.9275,2,0.003048780487804878,2.0
label_distribution_by_audit_group,audit_clean,0.9544,1,0.001524390243902439,1.0
label_distribution_by_audit_group,audit_clean,0.9645,1,0.001524390243902439,1.0
label_distribution_by_audit_group,audit_clean,0.9823,1,0.001524390243902439,1.0
label_distribution_by_audit_group,audit_clean,0.9823282162,1,0.001524390243902439,1.0
label_distribution_by_audit_group,audit_clean,0.9864676175,1,0.001524390243902439,1.0
label_distribution_by_audit_group,audit_clean,0.9906298514,1,0.001524390243902439,1.0
label_distribution_by_audit_group,audit_clean,0.991,1,0.001524390243902439,1.0
label_distribution_by_audit_group,audit_clean,1.0499,2,0.003048780487804878,2.0
label_distribution_by_audit_group,audit_clean,1.0546594571,1,0.001524390243902439,1.0
label_distribution_by_audit_group,audit_clean,1.055,1,0.001524390243902439,1.0
label_distribution_by_audit_group,audit_clean,1.07,1,0.001524390243902439,1.0
label_distribution_by_audit_group,audit_clean,1.0749962334,1,0.001524390243902439,1.0
label_distribution_by_audit_group,audit_clean,1.0941285967,1,0.001524390243902439,1.0
label_distribution_by_audit_group,audit_clean,1.1006,1,0.001524390243902439,1.0
label_distribution_by_audit_group,audit_clean,1.1358509819,2,0.003048780487804878,2.0
label_distribution_by_audit_group,audit_clean,1.1359,1,0.001524390243902439,1.0
label_distribution_by_audit_group,audit_clean,1.1562683245,1,0.001524390243902439,1.0
label_distribution_by_audit_group,audit_clean,1.2211,1,0.001524390243902439,1.0
label_distribution_by_audit_group,audit_clean,1.236,1,0.001524390243902439,1.0
label_distribution_by_audit_group,audit_clean,1.4101871429,1,0.001524390243902439,1.0
label_distribution_by_audit_group,exact_leak,-7.3281144602,1,0.017857142857142856,1.0
label_distribution_by_audit_group,exact_leak,-7.1716670448,1,0.017857142857142856,1.0
label_distribution_by_audit_group,exact_leak,-6.14,1,0.017857142857142856,1.0
label_distribution_by_audit_group,exact_leak,-5.19,1,0.017857142857142856,1.0
label_distribution_by_audit_group,exact_leak,-4.948,1,0.017857142857142856,1.0
label_distribution_by_audit_group,exact_leak,-4.8148101896,1,0.017857142857142856,1.0
label_distribution_by_audit_group,exact_leak,-4.552,1,0.017857142857142856,1.0
label_distribution_by_audit_group,exact_leak,-4.3219,1,0.017857142857142856,1.0
label_distribution_by_audit_group,exact_leak,-4.187455475,1,0.017857142857142856,1.0
label_distribution_by_audit_group,exact_leak,-4.0879587895,1,0.017857142857142856,1.0
label_distribution_by_audit_group,exact_leak,-3.51623781,1,0.017857142857142856,1.0
label_distribution_by_audit_group,exact_leak,-3.2000007811,1,0.017857142857142856,1.0
label_distribution_by_audit_group,exact_leak,-3.0798638184,1,0.017857142857142856,1.0
label_distribution_by_audit_group,exact_leak,-3.0653,1,0.017857142857142856,1.0
label_distribution_by_audit_group,exact_leak,-3.0559,1,0.017857142857142856,1.0
label_distribution_by_audit_group,exact_leak,-2.93,1,0.017857142857142856,1.0
label_distribution_by_audit_group,exact_leak,-2.9287991689,1,0.017857142857142856,1.0
label_distribution_by_audit_group,exact_leak,-2.86,1,0.017857142857142856,1.0
label_distribution_by_audit_group,exact_leak,-2.6735257097,1,0.017857142857142856,1.0
label_distribution_by_audit_group,exact_leak,-2.5,1,0.017857142857142856,1.0
label_distribution_by_audit_group,exact_leak,-1.96,1,0.017857142857142856,1.0
label_distribution_by_audit_group,exact_leak,-1.8879601369,1,0.017857142857142856,1.0
label_distribution_by_audit_group,exact_leak,-1.77,1,0.017857142857142856,1.0
label_distribution_by_audit_group,exact_leak,-1.7557,1,0.017857142857142856,1.0
label_distribution_by_audit_group,exact_leak,-1.4939,1,0.017857142857142856,1.0
label_distribution_by_audit_group,exact_leak,-1.3609,1,0.017857142857142856,1.0
label_distribution_by_audit_group,exact_leak,-1.2343,1,0.017857142857142856,1.0
label_distribution_by_audit_group,exact_leak,-1.1709,1,0.017857142857142856,1.0
label_distribution_by_audit_group,exact_leak,-1.0208150872,1,0.017857142857142856,1.0
label_distribution_by_audit_group,exact_leak,-0.9656,1,0.017857142857142856,1.0
label_distribution_by_audit_group,exact_leak,-0.7953,1,0.017857142857142856,1.0
label_distribution_by_audit_group,exact_leak,-0.75,1,0.017857142857142856,1.0
label_distribution_by_audit_group,exact_leak,-0.5314,1,0.017857142857142856,1.0
label_distribution_by_audit_group,exact_leak,-0.5029538568,1,0.017857142857142856,1.0
label_distribution_by_audit_group,exact_leak,-0.490652149,1,0.017857142857142856,1.0
label_distribution_by_audit_group,exact_leak,-0.4603540840999999,1,0.017857142857142856,1.0
label_distribution_by_audit_group,exact_leak,-0.3895,1,0.017857142857142856,1.0
label_distribution_by_audit_group,exact_leak,-0.3599,1,0.017857142857142856,1.0
label_distribution_by_audit_group,exact_leak,-0.35,1,0.017857142857142856,1.0
label_distribution_by_audit_group,exact_leak,-0.3225,1,0.017857142857142856,1.0
label_distribution_by_audit_group,exact_leak,-0.0326449205,1,0.017857142857142856,1.0
label_distribution_by_audit_group,exact_leak,0.03,1,0.017857142857142856,1.0
label_distribution_by_audit_group,exact_leak,0.1236633717,1,0.017857142857142856,1.0
label_distribution_by_audit_group,exact_leak,0.2461592973999999,1,0.017857142857142856,1.0
label_distribution_by_audit_group,exact_leak,0.2513647845,1,0.017857142857142856,1.0
label_distribution_by_audit_group,exact_leak,0.2622,1,0.017857142857142856,1.0
label_distribution_by_audit_group,exact_leak,0.2769999999999999,1,0.017857142857142856,1.0
label_distribution_by_audit_group,exact_leak,0.4373479501,1,0.017857142857142856,1.0
label_distribution_by_audit_group,exact_leak,0.4376764540999999,1,0.017857142857142856,1.0
label_distribution_by_audit_group,exact_leak,0.5514149152000001,1,0.017857142857142856,1.0
label_distribution_by_audit_group,exact_leak,0.6774520067,1,0.017857142857142856,1.0
label_distribution_by_audit_group,exact_leak,0.7319628929,1,0.017857142857142856,1.0
label_distribution_by_audit_group,exact_leak,0.7347292364,1,0.017857142857142856,1.0
label_distribution_by_audit_group,exact_leak,0.76,1,0.017857142857142856,1.0
label_distribution_by_audit_group,exact_leak,0.8486241841,1,0.017857142857142856,1.0
label_distribution_by_audit_group,exact_leak,0.8546356528,1,0.017857142857142856,1.0
label_distribution_by_audit_group,label_conflict,-7.155088449400001,1,0.008620689655172414,1.0
label_distribution_by_audit_group,label_conflict,-6.9567723715,1,0.008620689655172414,1.0
label_distribution_by_audit_group,label_conflict,-6.7972389302,1,0.008620689655172414,1.0
label_distribution_by_audit_group,label_conflict,-6.6703538373,1,0.008620689655172414,1.0
label_distribution_by_audit_group,label_conflict,-6.6197116003,1,0.008620689655172414,1.0
label_distribution_by_audit_group,label_conflict,-5.9557300071000006,1,0.008620689655172414,1.0
label_distribution_by_audit_group,label_conflict,-5.8530645557000005,1,0.008620689655172414,1.0
label_distribution_by_audit_group,label_conflict,-5.745185694400001,1,0.008620689655172414,1.0
label_distribution_by_audit_group,label_conflict,-5.7351471063,1,0.008620689655172414,1.0
label_distribution_by_audit_group,label_conflict,-5.6941064111,1,0.008620689655172414,1.0
label_distribution_by_audit_group,label_conflict,-5.5486422223,1,0.008620689655172414,1.0
label_distribution_by_audit_group,label_conflict,-5.4987140306,1,0.008620689655172414,1.0
label_distribution_by_audit_group,label_conflict,-5.4883700889,1,0.008620689655172414,1.0
label_distribution_by_audit_group,label_conflict,-5.4122219139,1,0.008620689655172414,1.0
label_distribution_by_audit_group,label_conflict,-5.3958921156,1,0.008620689655172414,1.0
label_distribution_by_audit_group,label_conflict,-5.392552750599999,1,0.008620689655172414,1.0
label_distribution_by_audit_group,label_conflict,-5.347977516,1,0.008620689655172414,1.0
label_distribution_by_audit_group,label_conflict,-5.1036019152,1,0.008620689655172414,1.0
label_distribution_by_audit_group,label_conflict,-5.0252479516,1,0.008620689655172414,1.0
label_distribution_by_audit_group,label_conflict,-5.0152501934,1,0.008620689655172414,1.0
label_distribution_by_audit_group,label_conflict,-4.96733793,1,0.008620689655172414,1.0
label_distribution_by_audit_group,label_conflict,-4.9604194489,1,0.008620689655172414,1.0
label_distribution_by_audit_group,label_conflict,-4.7863829333,1,0.008620689655172414,1.0
label_distribution_by_audit_group,label_conflict,-4.6698435423,1,0.008620689655172414,1.0
label_distribution_by_audit_group,label_conflict,-4.5597626401,1,0.008620689655172414,1.0
label_distribution_by_audit_group,label_conflict,-4.5021013295,1,0.008620689655172414,1.0
label_distribution_by_audit_group,label_conflict,-4.5005872378,1,0.008620689655172414,1.0
label_distribution_by_audit_group,label_conflict,-4.2808,1,0.008620689655172414,1.0
label_distribution_by_audit_group,label_conflict,-4.226296415899999,1,0.008620689655172414,1.0
label_distribution_by_audit_group,label_conflict,-4.2145392055,1,0.008620689655172414,1.0
label_distribution_by_audit_group,label_conflict,-4.2,1,0.008620689655172414,1.0
label_distribution_by_audit_group,label_conflict,-4.0947,1,0.008620689655172414,1.0
label_distribution_by_audit_group,label_conflict,-4.0347567611,1,0.008620689655172414,1.0
label_distribution_by_audit_group,label_conflict,-3.9550420009,1,0.008620689655172414,1.0
label_distribution_by_audit_group,label_conflict,-3.82,1,0.008620689655172414,1.0
label_distribution_by_audit_group,label_conflict,-3.7036943449,1,0.008620689655172414,1.0
label_distribution_by_audit_group,label_conflict,-3.6026675784,1,0.008620689655172414,1.0
label_distribution_by_audit_group,label_conflict,-3.5425873869,1,0.008620689655172414,1.0
label_distribution_by_audit_group,label_conflict,-3.5298030639,1,0.008620689655172414,1.0
label_distribution_by_audit_group,label_conflict,-3.3236333941,1,0.008620689655172414,1.0
label_distribution_by_audit_group,label_conflict,-3.2704062978,1,0.008620689655172414,1.0
label_distribution_by_audit_group,label_conflict,-3.2628695302,1,0.008620689655172414,1.0
label_distribution_by_audit_group,label_conflict,-3.0742274262,1,0.008620689655172414,1.0
label_distribution_by_audit_group,label_conflict,-3.0625087471,1,0.008620689655172414,1.0
label_distribution_by_audit_group,label_conflict,-3.0523304042,1,0.008620689655172414,1.0
label_distribution_by_audit_group,label_conflict,-3.0410647254,1,0.008620689655172414,1.0
label_distribution_by_audit_group,label_conflict,-2.9676237394,1,0.008620689655172414,1.0
label_distribution_by_audit_group,label_conflict,-2.9490262679000003,1,0.008620689655172414,1.0
label_distribution_by_audit_group,label_conflict,-2.9368865529000003,1,0.008620689655172414,1.0
label_distribution_by_audit_group,label_conflict,-2.8629,1,0.008620689655172414,1.0
label_distribution_by_audit_group,label_conflict,-2.79,1,0.008620689655172414,1.0
label_distribution_by_audit_group,label_conflict,-2.7221977641,1,0.008620689655172414,1.0
label_distribution_by_audit_group,label_conflict,-2.6343205414,1,0.008620689655172414,1.0
label_distribution_by_audit_group,label_conflict,-2.5909258566,1,0.008620689655172414,1.0
label_distribution_by_audit_group,label_conflict,-2.5139,1,0.008620689655172414,1.0
label_distribution_by_audit_group,label_conflict,-2.5035796109,1,0.008620689655172414,1.0
label_distribution_by_audit_group,label_conflict,-2.3914008137,1,0.008620689655172414,1.0
label_distribution_by_audit_group,label_conflict,-2.3632080977000003,1,0.008620689655172414,1.0
label_distribution_by_audit_group,label_conflict,-2.34,1,0.008620689655172414,1.0
label_distribution_by_audit_group,label_conflict,-2.2740087187,1,0.008620689655172414,1.0
label_distribution_by_audit_group,label_conflict,-2.0700509817,1,0.008620689655172414,1.0
label_distribution_by_audit_group,label_conflict,-2.0040922179,1,0.008620689655172414,1.0
label_distribution_by_audit_group,label_conflict,-1.8944614494,1,0.008620689655172414,1.0
label_distribution_by_audit_group,label_conflict,-1.8456684523,1,0.008620689655172414,1.0
label_distribution_by_audit_group,label_conflict,-1.827,1,0.008620689655172414,1.0
label_distribution_by_audit_group,label_conflict,-1.8254561435,1,0.008620689655172414,1.0
label_distribution_by_audit_group,label_conflict,-1.8168417251,1,0.008620689655172414,1.0
label_distribution_by_audit_group,label_conflict,-1.7922611704,1,0.008620689655172414,1.0
label_distribution_by_audit_group,label_conflict,-1.7683268794999998,1,0.008620689655172414,1.0
label_distribution_by_audit_group,label_conflict,-1.74,1,0.008620689655172414,1.0
label_distribution_by_audit_group,label_conflict,-1.7373354758,1,0.008620689655172414,1.0
label_distribution_by_audit_group,label_conflict,-1.698832456,1,0.008620689655172414,1.0
label_distribution_by_audit_group,label_conflict,-1.6975300994,1,0.008620689655172414,1.0
label_distribution_by_audit_group,label_conflict,-1.641347932,1,0.008620689655172414,1.0
label_distribution_by_audit_group,label_conflict,-1.5169635388,1,0.008620689655172414,1.0
label_distribution_by_audit_group,label_conflict,-1.4245732761,1,0.008620689655172414,1.0
label_distribution_by_audit_group,label_conflict,-1.1031,1,0.008620689655172414,1.0
label_distribution_by_audit_group,label_conflict,-0.6921365673000001,1,0.008620689655172414,1.0
label_distribution_by_audit_group,label_conflict,-0.6843417048,1,0.008620689655172414,1.0
label_distribution_by_audit_group,label_conflict,-0.6537301416,1,0.008620689655172414,1.0
label_distribution_by_audit_group,label_conflict,-0.6232866861,1,0.008620689655172414,1.0
label_distribution_by_audit_group,label_conflict,-0.5341935881000001,1,0.008620689655172414,1.0
label_distribution_by_audit_group,label_conflict,-0.5071845321,1,0.008620689655172414,1.0
label_distribution_by_audit_group,label_conflict,-0.489,1,0.008620689655172414,1.0
label_distribution_by_audit_group,label_conflict,-0.4702,1,0.008620689655172414,1.0
label_distribution_by_audit_group,label_conflict,-0.4376623173,1,0.008620689655172414,1.0
label_distribution_by_audit_group,label_conflict,-0.3910244327,1,0.008620689655172414,1.0
label_distribution_by_audit_group,label_conflict,-0.384250204,1,0.008620689655172414,1.0
label_distribution_by_audit_group,label_conflict,-0.3762292432999999,1,0.008620689655172414,1.0
label_distribution_by_audit_group,label_conflict,-0.1074921693999999,1,0.008620689655172414,1.0
label_distribution_by_audit_group,label_conflict,-0.07,1,0.008620689655172414,1.0
label_distribution_by_audit_group,label_conflict,-0.0274572689,1,0.008620689655172414,1.0
label_distribution_by_audit_group,label_conflict,0.1665354510999999,1,0.008620689655172414,1.0
label_distribution_by_audit_group,label_conflict,0.322,1,0.008620689655172414,1.0
label_distribution_by_audit_group,label_conflict,0.3719654625999999,1,0.008620689655172414,1.0
label_distribution_by_audit_group,label_conflict,0.3803001877,1,0.008620689655172414,1.0
label_distribution_by_audit_group,label_conflict,0.4110563572999999,1,0.008620689655172414,1.0
label_distribution_by_audit_group,label_conflict,0.4414438192,1,0.008620689655172414,1.0
label_distribution_by_audit_group,label_conflict,0.4554354087,1,0.008620689655172414,1.0
label_distribution_by_audit_group,label_conflict,0.4851623717,1,0.008620689655172414,1.0
label_distribution_by_audit_group,label_conflict,0.4859956397,1,0.008620689655172414,1.0
label_distribution_by_audit_group,label_conflict,0.5414259625,1,0.008620689655172414,1.0
label_distribution_by_audit_group,label_conflict,0.5826413073,1,0.008620689655172414,1.0
label_distribution_by_audit_group,label_conflict,0.6028517968,1,0.008620689655172414,1.0
label_distribution_by_audit_group,label_conflict,0.6099273323,1,0.008620689655172414,1.0
label_distribution_by_audit_group,label_conflict,0.6534905512,1,0.008620689655172414,1.0
label_distribution_by_audit_group,label_conflict,0.654418336,1,0.008620689655172414,1.0
label_distribution_by_audit_group,label_conflict,0.6774954055,1,0.008620689655172414,1.0
label_distribution_by_audit_group,label_conflict,0.7217551526,1,0.008620689655172414,1.0
label_distribution_by_audit_group,label_conflict,0.7343267611,1,0.008620689655172414,1.0
label_distribution_by_audit_group,label_conflict,0.8337672926999999,1,0.008620689655172414,1.0
label_distribution_by_audit_group,label_conflict,0.96197626,1,0.008620689655172414,1.0
label_distribution_by_audit_group,label_conflict,0.9741986662,1,0.008620689655172414,1.0
label_distribution_by_audit_group,label_conflict,1.0124096986,1,0.008620689655172414,1.0
label_distribution_by_audit_group,label_conflict,1.0436,1,0.008620689655172414,1.0
label_distribution_by_audit_group,label_conflict,1.7009159091,1,0.008620689655172414,1.0
label_distribution_by_audit_group,near_train_analogue,-9.1,1,0.004694835680751174,1.0
label_distribution_by_audit_group,near_train_analogue,-8.56,1,0.004694835680751174,1.0
label_distribution_by_audit_group,near_train_analogue,-8.3221,1,0.004694835680751174,1.0
label_distribution_by_audit_group,near_train_analogue,-8.06,1,0.004694835680751174,1.0
label_distribution_by_audit_group,near_train_analogue,-7.9407,1,0.004694835680751174,1.0
label_distribution_by_audit_group,near_train_analogue,-7.573831768200001,1,0.004694835680751174,1.0
label_distribution_by_audit_group,near_train_analogue,-7.5505,1,0.004694835680751174,1.0
label_distribution_by_audit_group,near_train_analogue,-7.53,1,0.004694835680751174,1.0
label_distribution_by_audit_group,near_train_analogue,-7.484220297999999,1,0.004694835680751174,1.0
label_distribution_by_audit_group,near_train_analogue,-7.397875398099999,1,0.004694835680751174,1.0
label_distribution_by_audit_group,near_train_analogue,-7.378019409199999,1,0.004694835680751174,1.0
label_distribution_by_audit_group,near_train_analogue,-7.12,1,0.004694835680751174,1.0
label_distribution_by_audit_group,near_train_analogue,-7.116029628200001,1,0.004694835680751174,1.0
label_distribution_by_audit_group,near_train_analogue,-7.0680633512,1,0.004694835680751174,1.0
label_distribution_by_audit_group,near_train_analogue,-6.97,1,0.004694835680751174,1.0
label_distribution_by_audit_group,near_train_analogue,-6.9550061959,1,0.004694835680751174,1.0
label_distribution_by_audit_group,near_train_analogue,-6.9058735609,1,0.004694835680751174,1.0
label_distribution_by_audit_group,near_train_analogue,-6.8863,1,0.004694835680751174,1.0
label_distribution_by_audit_group,near_train_analogue,-6.84,1,0.004694835680751174,1.0
label_distribution_by_audit_group,near_train_analogue,-6.81,1,0.004694835680751174,1.0
label_distribution_by_audit_group,near_train_analogue,-6.757182205,1,0.004694835680751174,1.0
label_distribution_by_audit_group,near_train_analogue,-6.733128222,1,0.004694835680751174,1.0
label_distribution_by_audit_group,near_train_analogue,-6.5170402935,1,0.004694835680751174,1.0
label_distribution_by_audit_group,near_train_analogue,-6.4814770267,1,0.004694835680751174,1.0
label_distribution_by_audit_group,near_train_analogue,-6.41,1,0.004694835680751174,1.0
label_distribution_by_audit_group,near_train_analogue,-6.13,1,0.004694835680751174,1.0
label_distribution_by_audit_group,near_train_analogue,-5.9563,1,0.004694835680751174,1.0
label_distribution_by_audit_group,near_train_analogue,-5.9019,1,0.004694835680751174,1.0
label_distribution_by_audit_group,near_train_analogue,-5.8571242399,1,0.004694835680751174,1.0
label_distribution_by_audit_group,near_train_analogue,-5.85,1,0.004694835680751174,1.0
label_distribution_by_audit_group,near_train_analogue,-5.7657,1,0.004694835680751174,1.0
label_distribution_by_audit_group,near_train_analogue,-5.69,1,0.004694835680751174,1.0
label_distribution_by_audit_group,near_train_analogue,-5.661813631699999,1,0.004694835680751174,1.0
label_distribution_by_audit_group,near_train_analogue,-5.5959,1,0.004694835680751174,1.0
label_distribution_by_audit_group,near_train_analogue,-5.549815883300001,1,0.004694835680751174,1.0
label_distribution_by_audit_group,near_train_analogue,-5.43,1,0.004694835680751174,1.0
label_distribution_by_audit_group,near_train_analogue,-5.29,1,0.004694835680751174,1.0
label_distribution_by_audit_group,near_train_analogue,-5.2899699473,1,0.004694835680751174,1.0
label_distribution_by_audit_group,near_train_analogue,-5.1903,1,0.004694835680751174,1.0
label_distribution_by_audit_group,near_train_analogue,-5.19,1,0.004694835680751174,1.0
label_distribution_by_audit_group,near_train_analogue,-5.1559612143,1,0.004694835680751174,1.0
label_distribution_by_audit_group,near_train_analogue,-5.0631,1,0.004694835680751174,1.0
label_distribution_by_audit_group,near_train_analogue,-4.97,1,0.004694835680751174,1.0
label_distribution_by_audit_group,near_train_analogue,-4.9587331394,1,0.004694835680751174,1.0
label_distribution_by_audit_group,near_train_analogue,-4.9,1,0.004694835680751174,1.0
label_distribution_by_audit_group,near_train_analogue,-4.8772,1,0.004694835680751174,1.0
label_distribution_by_audit_group,near_train_analogue,-4.68,1,0.004694835680751174,1.0
label_distribution_by_audit_group,near_train_analogue,-4.6341446203,1,0.004694835680751174,1.0
label_distribution_by_audit_group,near_train_analogue,-4.63,1,0.004694835680751174,1.0
label_distribution_by_audit_group,near_train_analogue,-4.62,1,0.004694835680751174,1.0
label_distribution_by_audit_group,near_train_analogue,-4.581332510899999,1,0.004694835680751174,1.0
label_distribution_by_audit_group,near_train_analogue,-4.57,1,0.004694835680751174,1.0
label_distribution_by_audit_group,near_train_analogue,-4.5403,1,0.004694835680751174,1.0
label_distribution_by_audit_group,near_train_analogue,-4.5221,1,0.004694835680751174,1.0
label_distribution_by_audit_group,near_train_analogue,-4.5035,1,0.004694835680751174,1.0
label_distribution_by_audit_group,near_train_analogue,-4.4708606495,1,0.004694835680751174,1.0
label_distribution_by_audit_group,near_train_analogue,-4.47,1,0.004694835680751174,1.0
label_distribution_by_audit_group,near_train_analogue,-4.4261227438,1,0.004694835680751174,1.0
label_distribution_by_audit_group,near_train_analogue,-4.3809109776,1,0.004694835680751174,1.0
label_distribution_by_audit_group,near_train_analogue,-4.38,1,0.004694835680751174,1.0
label_distribution_by_audit_group,near_train_analogue,-4.3692,1,0.004694835680751174,1.0
label_distribution_by_audit_group,near_train_analogue,-4.3465,1,0.004694835680751174,1.0
label_distribution_by_audit_group,near_train_analogue,-4.3037,1,0.004694835680751174,1.0
label_distribution_by_audit_group,near_train_analogue,-4.3,1,0.004694835680751174,1.0
label_distribution_by_audit_group,near_train_analogue,-4.2719,1,0.004694835680751174,1.0
label_distribution_by_audit_group,near_train_analogue,-4.2605,1,0.004694835680751174,1.0
label_distribution_by_audit_group,near_train_analogue,-4.2526115544,1,0.004694835680751174,1.0
label_distribution_by_audit_group,near_train_analogue,-4.2224,1,0.004694835680751174,1.0
label_distribution_by_audit_group,near_train_analogue,-4.2155,1,0.004694835680751174,1.0
label_distribution_by_audit_group,near_train_analogue,-4.16,1,0.004694835680751174,1.0
label_distribution_by_audit_group,near_train_analogue,-4.1577,1,0.004694835680751174,1.0
label_distribution_by_audit_group,near_train_analogue,-4.1006,1,0.004694835680751174,1.0
label_distribution_by_audit_group,near_train_analogue,-4.0668869332,1,0.004694835680751174,1.0
label_distribution_by_audit_group,near_train_analogue,-3.95,1,0.004694835680751174,1.0
label_distribution_by_audit_group,near_train_analogue,-3.937488879,1,0.004694835680751174,1.0
label_distribution_by_audit_group,near_train_analogue,-3.93,1,0.004694835680751174,1.0
label_distribution_by_audit_group,near_train_analogue,-3.9033,1,0.004694835680751174,1.0
label_distribution_by_audit_group,near_train_analogue,-3.902,1,0.004694835680751174,1.0
label_distribution_by_audit_group,near_train_analogue,-3.8523,1,0.004694835680751174,1.0
label_distribution_by_audit_group,near_train_analogue,-3.8360757577,1,0.004694835680751174,1.0
label_distribution_by_audit_group,near_train_analogue,-3.8126,1,0.004694835680751174,1.0
label_distribution_by_audit_group,near_train_analogue,-3.8078,1,0.004694835680751174,1.0
label_distribution_by_audit_group,near_train_analogue,-3.7959,1,0.004694835680751174,1.0
label_distribution_by_audit_group,near_train_analogue,-3.79,1,0.004694835680751174,1.0
label_distribution_by_audit_group,near_train_analogue,-3.770339988,1,0.004694835680751174,1.0
label_distribution_by_audit_group,near_train_analogue,-3.7549532157,1,0.004694835680751174,1.0
label_distribution_by_audit_group,near_train_analogue,-3.71,1,0.004694835680751174,1.0
label_distribution_by_audit_group,near_train_analogue,-3.7,1,0.004694835680751174,1.0
label_distribution_by_audit_group,near_train_analogue,-3.68,1,0.004694835680751174,1.0
label_distribution_by_audit_group,near_train_analogue,-3.67,1,0.004694835680751174,1.0
label_distribution_by_audit_group,near_train_analogue,-3.6693,1,0.004694835680751174,1.0
label_distribution_by_audit_group,near_train_analogue,-3.6687,1,0.004694835680751174,1.0
label_distribution_by_audit_group,near_train_analogue,-3.662,1,0.004694835680751174,1.0
label_distribution_by_audit_group,near_train_analogue,-3.6312456144,1,0.004694835680751174,1.0
label_distribution_by_audit_group,near_train_analogue,-3.62,1,0.004694835680751174,1.0
label_distribution_by_audit_group,near_train_analogue,-3.6161271205,1,0.004694835680751174,1.0
label_distribution_by_audit_group,near_train_analogue,-3.5835100427,1,0.004694835680751174,1.0
label_distribution_by_audit_group,near_train_analogue,-3.5149,1,0.004694835680751174,1.0
label_distribution_by_audit_group,near_train_analogue,-3.5091,1,0.004694835680751174,1.0
label_distribution_by_audit_group,near_train_analogue,-3.49,2,0.009389671361502348,2.0
label_distribution_by_audit_group,near_train_analogue,-3.4346473299,1,0.004694835680751174,1.0
label_distribution_by_audit_group,near_train_analogue,-3.4,1,0.004694835680751174,1.0
label_distribution_by_audit_group,near_train_analogue,-3.3759,1,0.004694835680751174,1.0
label_distribution_by_audit_group,near_train_analogue,-3.36,1,0.004694835680751174,1.0
label_distribution_by_audit_group,near_train_analogue,-3.3290743264,1,0.004694835680751174,1.0
label_distribution_by_audit_group,near_train_analogue,-3.1959,1,0.004694835680751174,1.0
label_distribution_by_audit_group,near_train_analogue,-3.15,1,0.004694835680751174,1.0
label_distribution_by_audit_group,near_train_analogue,-3.13,1,0.004694835680751174,1.0
label_distribution_by_audit_group,near_train_analogue,-3.1249455224,1,0.004694835680751174,1.0
label_distribution_by_audit_group,near_train_analogue,-3.1121092438,1,0.004694835680751174,1.0
label_distribution_by_audit_group,near_train_analogue,-3.11,1,0.004694835680751174,1.0
label_distribution_by_audit_group,near_train_analogue,-3.09,1,0.004694835680751174,1.0
label_distribution_by_audit_group,near_train_analogue,-3.0765,1,0.004694835680751174,1.0
label_distribution_by_audit_group,near_train_analogue,-3.07,1,0.004694835680751174,1.0
label_distribution_by_audit_group,near_train_analogue,-3.0,1,0.004694835680751174,1.0
label_distribution_by_audit_group,near_train_analogue,-2.99,1,0.004694835680751174,1.0
label_distribution_by_audit_group,near_train_analogue,-2.98,1,0.004694835680751174,1.0
label_distribution_by_audit_group,near_train_analogue,-2.969024542,1,0.004694835680751174,1.0
label_distribution_by_audit_group,near_train_analogue,-2.9581950472000003,1,0.004694835680751174,1.0
label_distribution_by_audit_group,near_train_analogue,-2.9418,1,0.004694835680751174,1.0
label_distribution_by_audit_group,near_train_analogue,-2.92,1,0.004694835680751174,1.0
label_distribution_by_audit_group,near_train_analogue,-2.91,1,0.004694835680751174,1.0
label_distribution_by_audit_group,near_train_analogue,-2.84,1,0.004694835680751174,1.0
label_distribution_by_audit_group,near_train_analogue,-2.8289,1,0.004694835680751174,1.0
label_distribution_by_audit_group,near_train_analogue,-2.8248,1,0.004694835680751174,1.0
label_distribution_by_audit_group,near_train_analogue,-2.8121429703,1,0.004694835680751174,1.0
label_distribution_by_audit_group,near_train_analogue,-2.7429,1,0.004694835680751174,1.0
label_distribution_by_audit_group,near_train_analogue,-2.6608,1,0.004694835680751174,1.0
label_distribution_by_audit_group,near_train_analogue,-2.6538,1,0.004694835680751174,1.0
label_distribution_by_audit_group,near_train_analogue,-2.64,1,0.004694835680751174,1.0
label_distribution_by_audit_group,near_train_analogue,-2.5936884915,1,0.004694835680751174,1.0
label_distribution_by_audit_group,near_train_analogue,-2.591,1,0.004694835680751174,1.0
label_distribution_by_audit_group,near_train_analogue,-2.57,1,0.004694835680751174,1.0
label_distribution_by_audit_group,near_train_analogue,-2.5604043774000003,1,0.004694835680751174,1.0
label_distribution_by_audit_group,near_train_analogue,-2.5304,1,0.004694835680751174,1.0
label_distribution_by_audit_group,near_train_analogue,-2.5011,1,0.004694835680751174,1.0
label_distribution_by_audit_group,near_train_analogue,-2.4785789552,1,0.004694835680751174,1.0
label_distribution_by_audit_group,near_train_analogue,-2.4464,1,0.004694835680751174,1.0
label_distribution_by_audit_group,near_train_analogue,-2.4042405739,1,0.004694835680751174,1.0
label_distribution_by_audit_group,near_train_analogue,-2.3610477791,1,0.004694835680751174,1.0
label_distribution_by_audit_group,near_train_analogue,-2.3541,1,0.004694835680751174,1.0
label_distribution_by_audit_group,near_train_analogue,-2.3519095035,1,0.004694835680751174,1.0
label_distribution_by_audit_group,near_train_analogue,-2.2559578736000003,1,0.004694835680751174,1.0
label_distribution_by_audit_group,near_train_analogue,-2.2267,1,0.004694835680751174,1.0
label_distribution_by_audit_group,near_train_analogue,-2.2,1,0.004694835680751174,1.0
label_distribution_by_audit_group,near_train_analogue,-2.125,1,0.004694835680751174,1.0
label_distribution_by_audit_group,near_train_analogue,-2.1113969493,1,0.004694835680751174,1.0
label_distribution_by_audit_group,near_train_analogue,-2.1,1,0.004694835680751174,1.0
label_distribution_by_audit_group,near_train_analogue,-2.0822,1,0.004694835680751174,1.0
label_distribution_by_audit_group,near_train_analogue,-2.065,1,0.004694835680751174,1.0
label_distribution_by_audit_group,near_train_analogue,-2.04,1,0.004694835680751174,1.0
label_distribution_by_audit_group,near_train_analogue,-1.945,1,0.004694835680751174,1.0
label_distribution_by_audit_group,near_train_analogue,-1.89,1,0.004694835680751174,1.0
label_distribution_by_audit_group,near_train_analogue,-1.88,1,0.004694835680751174,1.0
label_distribution_by_audit_group,near_train_analogue,-1.862006084,1,0.004694835680751174,1.0
label_distribution_by_audit_group,near_train_analogue,-1.8425,1,0.004694835680751174,1.0
label_distribution_by_audit_group,near_train_analogue,-1.6904508209,1,0.004694835680751174,1.0
label_distribution_by_audit_group,near_train_analogue,-1.6682980883,1,0.004694835680751174,1.0
label_distribution_by_audit_group,near_train_analogue,-1.6274,1,0.004694835680751174,1.0
label_distribution_by_audit_group,near_train_analogue,-1.6002483409,1,0.004694835680751174,1.0
label_distribution_by_audit_group,near_train_analogue,-1.5507,1,0.004694835680751174,1.0
label_distribution_by_audit_group,near_train_analogue,-1.5390164423,1,0.004694835680751174,1.0
label_distribution_by_audit_group,near_train_analogue,-1.3606,1,0.004694835680751174,1.0
label_distribution_by_audit_group,near_train_analogue,-1.2726,1,0.004694835680751174,1.0
label_distribution_by_audit_group,near_train_analogue,-1.2504,1,0.004694835680751174,1.0
label_distribution_by_audit_group,near_train_analogue,-1.1931,1,0.004694835680751174,1.0
label_distribution_by_audit_group,near_train_analogue,-1.17,1,0.004694835680751174,1.0
label_distribution_by_audit_group,near_train_analogue,-1.14,1,0.004694835680751174,1.0
label_distribution_by_audit_group,near_train_analogue,-1.1221,1,0.004694835680751174,1.0
label_distribution_by_audit_group,near_train_analogue,-1.1,1,0.004694835680751174,1.0
label_distribution_by_audit_group,near_train_analogue,-1.0522193787,1,0.004694835680751174,1.0
label_distribution_by_audit_group,near_train_analogue,-1.0490000000000002,1,0.004694835680751174,1.0
label_distribution_by_audit_group,near_train_analogue,-1.0006,1,0.004694835680751174,1.0
label_distribution_by_audit_group,near_train_analogue,-0.9955,1,0.004694835680751174,1.0
label_distribution_by_audit_group,near_train_analogue,-0.9818,1,0.004694835680751174,1.0
label_distribution_by_audit_group,near_train_analogue,-0.8147,1,0.004694835680751174,1.0
label_distribution_by_audit_group,near_train_analogue,-0.75,1,0.004694835680751174,1.0
label_distribution_by_audit_group,near_train_analogue,-0.6794075026,1,0.004694835680751174,1.0
label_distribution_by_audit_group,near_train_analogue,-0.6027996358,1,0.004694835680751174,1.0
label_distribution_by_audit_group,near_train_analogue,-0.5781,1,0.004694835680751174,1.0
label_distribution_by_audit_group,near_train_analogue,-0.504,1,0.004694835680751174,1.0
label_distribution_by_audit_group,near_train_analogue,-0.5025263499,1,0.004694835680751174,1.0
label_distribution_by_audit_group,near_train_analogue,-0.5,1,0.004694835680751174,1.0
label_distribution_by_audit_group,near_train_analogue,-0.42,1,0.004694835680751174,1.0
label_distribution_by_audit_group,near_train_analogue,-0.3463,1,0.004694835680751174,1.0
label_distribution_by_audit_group,near_train_analogue,-0.2592,1,0.004694835680751174,1.0
label_distribution_by_audit_group,near_train_analogue,-0.1738,1,0.004694835680751174,1.0
label_distribution_by_audit_group,near_train_analogue,-0.1726,1,0.004694835680751174,1.0
label_distribution_by_audit_group,near_train_analogue,-0.17,1,0.004694835680751174,1.0
label_distribution_by_audit_group,near_train_analogue,-0.1361989598,1,0.004694835680751174,1.0
label_distribution_by_audit_group,near_train_analogue,-0.1325447734,1,0.004694835680751174,1.0
label_distribution_by_audit_group,near_train_analogue,-0.0898430335,1,0.004694835680751174,1.0
label_distribution_by_audit_group,near_train_analogue,-0.0721808988,1,0.004694835680751174,1.0
label_distribution_by_audit_group,near_train_analogue,-0.0719,1,0.004694835680751174,1.0
label_distribution_by_audit_group,near_train_analogue,0.0168879621,1,0.004694835680751174,1.0
label_distribution_by_audit_group,near_train_analogue,0.106,1,0.004694835680751174,1.0
label_distribution_by_audit_group,near_train_analogue,0.1794741305,1,0.004694835680751174,1.0
label_distribution_by_audit_group,near_train_analogue,0.2012984367,1,0.004694835680751174,1.0
label_distribution_by_audit_group,near_train_analogue,0.3327787326,1,0.004694835680751174,1.0
label_distribution_by_audit_group,near_train_analogue,0.4321,1,0.004694835680751174,1.0
label_distribution_by_audit_group,near_train_analogue,0.49,1,0.004694835680751174,1.0
label_distribution_by_audit_group,near_train_analogue,0.5233,1,0.004694835680751174,1.0
label_distribution_by_audit_group,near_train_analogue,0.6514,1,0.004694835680751174,1.0
label_distribution_by_audit_group,near_train_analogue,0.6855,1,0.004694835680751174,1.0
label_distribution_by_audit_group,near_train_analogue,0.74,1,0.004694835680751174,1.0
label_distribution_by_audit_group,near_train_analogue,0.7899,1,0.004694835680751174,1.0
label_distribution_by_audit_group,near_train_analogue,0.835,1,0.004694835680751174,1.0
label_distribution_by_audit_group,near_train_analogue,0.8454562496,1,0.004694835680751174,1.0
label_distribution_by_audit_group,near_train_analogue,1.0452,1,0.004694835680751174,1.0
label_distribution_by_audit_group,near_train_analogue,1.0597,1,0.004694835680751174,1.0
label_distribution_by_audit_group,near_train_analogue,1.15,1,0.004694835680751174,1.0
label_distribution_by_audit_group,near_train_analogue,1.2572,1,0.004694835680751174,1.0
label_distribution_by_audit_group,same_scaffold,-12.95,1,0.0010471204188481676,1.0
label_distribution_by_audit_group,same_scaffold,-10.9486,1,0.0010471204188481676,1.0
label_distribution_by_audit_group,same_scaffold,-9.703,1,0.0010471204188481676,1.0
label_distribution_by_audit_group,same_scaffold,-9.2195295624,1,0.0010471204188481676,1.0
label_distribution_by_audit_group,same_scaffold,-9.1299878036,1,0.0010471204188481676,1.0
label_distribution_by_audit_group,same_scaffold,-9.12,1,0.0010471204188481676,1.0
label_distribution_by_audit_group,same_scaffold,-9.1,2,0.0020942408376963353,2.0
label_distribution_by_audit_group,same_scaffold,-8.78,1,0.0010471204188481676,1.0
label_distribution_by_audit_group,same_scaffold,-8.7202,1,0.0010471204188481676,1.0
label_distribution_by_audit_group,same_scaffold,-8.6167666964,1,0.0010471204188481676,1.0
label_distribution_by_audit_group,same_scaffold,-8.5801,1,0.0010471204188481676,1.0
label_distribution_by_audit_group,same_scaffold,-8.5224,1,0.0010471204188481676,1.0
label_distribution_by_audit_group,same_scaffold,-8.520248661,1,0.0010471204188481676,1.0
label_distribution_by_audit_group,same_scaffold,-8.48,1,0.0010471204188481676,1.0
label_distribution_by_audit_group,same_scaffold,-8.4645677849,1,0.0010471204188481676,1.0
label_distribution_by_audit_group,same_scaffold,-8.4626870474,1,0.0010471204188481676,1.0
label_distribution_by_audit_group,same_scaffold,-8.44,1,0.0010471204188481676,1.0
label_distribution_by_audit_group,same_scaffold,-8.4206,1,0.0010471204188481676,1.0
label_distribution_by_audit_group,same_scaffold,-8.32,1,0.0010471204188481676,1.0
label_distribution_by_audit_group,same_scaffold,-8.31,1,0.0010471204188481676,1.0
label_distribution_by_audit_group,same_scaffold,-8.2698850372,1,0.0010471204188481676,1.0
label_distribution_by_audit_group,same_scaffold,-8.25,1,0.0010471204188481676,1.0
label_distribution_by_audit_group,same_scaffold,-8.1731,1,0.0010471204188481676,1.0
label_distribution_by_audit_group,same_scaffold,-8.1667842337,1,0.0010471204188481676,1.0
label_distribution_by_audit_group,same_scaffold,-8.13,1,0.0010471204188481676,1.0
label_distribution_by_audit_group,same_scaffold,-8.1027530485,1,0.0010471204188481676,1.0
label_distribution_by_audit_group,same_scaffold,-7.9969982826,1,0.0010471204188481676,1.0
label_distribution_by_audit_group,same_scaffold,-7.99,1,0.0010471204188481676,1.0
label_distribution_by_audit_group,same_scaffold,-7.981147656799999,1,0.0010471204188481676,1.0
label_distribution_by_audit_group,same_scaffold,-7.9663,1,0.0010471204188481676,1.0
label_distribution_by_audit_group,same_scaffold,-7.95,1,0.0010471204188481676,1.0
label_distribution_by_audit_group,same_scaffold,-7.92,1,0.0010471204188481676,1.0
label_distribution_by_audit_group,same_scaffold,-7.9107,1,0.0010471204188481676,1.0
label_distribution_by_audit_group,same_scaffold,-7.91,2,0.0020942408376963353,2.0
label_distribution_by_audit_group,same_scaffold,-7.89,1,0.0010471204188481676,1.0
label_distribution_by_audit_group,same_scaffold,-7.88,1,0.0010471204188481676,1.0
label_distribution_by_audit_group,same_scaffold,-7.869298263099999,1,0.0010471204188481676,1.0
label_distribution_by_audit_group,same_scaffold,-7.8306,1,0.0010471204188481676,1.0
label_distribution_by_audit_group,same_scaffold,-7.8250730454,1,0.0010471204188481676,1.0
label_distribution_by_audit_group,same_scaffold,-7.8218,1,0.0010471204188481676,1.0
label_distribution_by_audit_group,same_scaffold,-7.7837785588,1,0.0010471204188481676,1.0
label_distribution_by_audit_group,same_scaffold,-7.782007082100001,1,0.0010471204188481676,1.0
label_distribution_by_audit_group,same_scaffold,-7.77,1,0.0010471204188481676,1.0
label_distribution_by_audit_group,same_scaffold,-7.7699,1,0.0010471204188481676,1.0
label_distribution_by_audit_group,same_scaffold,-7.7563,1,0.0010471204188481676,1.0
label_distribution_by_audit_group,same_scaffold,-7.7520707385,1,0.0010471204188481676,1.0
label_distribution_by_audit_group,same_scaffold,-7.6922433716,1,0.0010471204188481676,1.0
label_distribution_by_audit_group,same_scaffold,-7.6647115323,1,0.0010471204188481676,1.0
label_distribution_by_audit_group,same_scaffold,-7.62,1,0.0010471204188481676,1.0
label_distribution_by_audit_group,same_scaffold,-7.6052980935,1,0.0010471204188481676,1.0
label_distribution_by_audit_group,same_scaffold,-7.5632144901,1,0.0010471204188481676,1.0
label_distribution_by_audit_group,same_scaffold,-7.5579677799,1,0.0010471204188481676,1.0
label_distribution_by_audit_group,same_scaffold,-7.49,1,0.0010471204188481676,1.0
label_distribution_by_audit_group,same_scaffold,-7.472819969600001,1,0.0010471204188481676,1.0
label_distribution_by_audit_group,same_scaffold,-7.47,1,0.0010471204188481676,1.0
label_distribution_by_audit_group,same_scaffold,-7.44,1,0.0010471204188481676,1.0
label_distribution_by_audit_group,same_scaffold,-7.4325,1,0.0010471204188481676,1.0
label_distribution_by_audit_group,same_scaffold,-7.3999,1,0.0010471204188481676,1.0
label_distribution_by_audit_group,same_scaffold,-7.38,1,0.0010471204188481676,1.0
label_distribution_by_audit_group,same_scaffold,-7.35,1,0.0010471204188481676,1.0
label_distribution_by_audit_group,same_scaffold,-7.3410901182,1,0.0010471204188481676,1.0
label_distribution_by_audit_group,same_scaffold,-7.34,1,0.0010471204188481676,1.0
label_distribution_by_audit_group,same_scaffold,-7.3370000000000015,1,0.0010471204188481676,1.0
label_distribution_by_audit_group,same_scaffold,-7.33,1,0.0010471204188481676,1.0
label_distribution_by_audit_group,same_scaffold,-7.31,1,0.0010471204188481676,1.0
label_distribution_by_audit_group,same_scaffold,-7.300465045499999,1,0.0010471204188481676,1.0
label_distribution_by_audit_group,same_scaffold,-7.2780387128,1,0.0010471204188481676,1.0
label_distribution_by_audit_group,same_scaffold,-7.27,1,0.0010471204188481676,1.0
label_distribution_by_audit_group,same_scaffold,-7.24,1,0.0010471204188481676,1.0
label_distribution_by_audit_group,same_scaffold,-7.208650928200001,1,0.0010471204188481676,1.0
label_distribution_by_audit_group,same_scaffold,-7.1419,1,0.0010471204188481676,1.0
label_distribution_by_audit_group,same_scaffold,-7.14,2,0.0020942408376963353,2.0
label_distribution_by_audit_group,same_scaffold,-7.13,1,0.0010471204188481676,1.0
label_distribution_by_audit_group,same_scaffold,-7.0905037661,1,0.0010471204188481676,1.0
label_distribution_by_audit_group,same_scaffold,-7.0641,1,0.0010471204188481676,1.0
label_distribution_by_audit_group,same_scaffold,-7.060548154299999,1,0.0010471204188481676,1.0
label_distribution_by_audit_group,same_scaffold,-7.050931182699999,1,0.0010471204188481676,1.0
label_distribution_by_audit_group,same_scaffold,-7.04,1,0.0010471204188481676,1.0
label_distribution_by_audit_group,same_scaffold,-7.02,1,0.0010471204188481676,1.0
label_distribution_by_audit_group,same_scaffold,-7.0122,1,0.0010471204188481676,1.0
label_distribution_by_audit_group,same_scaffold,-6.99,1,0.0010471204188481676,1.0
label_distribution_by_audit_group,same_scaffold,-6.98,1,0.0010471204188481676,1.0
label_distribution_by_audit_group,same_scaffold,-6.9637148665999975,1,0.0010471204188481676,1.0
label_distribution_by_audit_group,same_scaffold,-6.9121561365999975,1,0.0010471204188481676,1.0
label_distribution_by_audit_group,same_scaffold,-6.9004,1,0.0010471204188481676,1.0
label_distribution_by_audit_group,same_scaffold,-6.8765,1,0.0010471204188481676,1.0
label_distribution_by_audit_group,same_scaffold,-6.8754,1,0.0010471204188481676,1.0
label_distribution_by_audit_group,same_scaffold,-6.83,1,0.0010471204188481676,1.0
label_distribution_by_audit_group,same_scaffold,-6.8245,1,0.0010471204188481676,1.0
label_distribution_by_audit_group,same_scaffold,-6.77,1,0.0010471204188481676,1.0
label_distribution_by_audit_group,same_scaffold,-6.74,1,0.0010471204188481676,1.0
label_distribution_by_audit_group,same_scaffold,-6.7023,1,0.0010471204188481676,1.0
label_distribution_by_audit_group,same_scaffold,-6.7,1,0.0010471204188481676,1.0
label_distribution_by_audit_group,same_scaffold,-6.65,1,0.0010471204188481676,1.0
label_distribution_by_audit_group,same_scaffold,-6.6160000000000005,1,0.0010471204188481676,1.0
label_distribution_by_audit_group,same_scaffold,-6.5951201849,1,0.0010471204188481676,1.0
label_distribution_by_audit_group,same_scaffold,-6.58,1,0.0010471204188481676,1.0
label_distribution_by_audit_group,same_scaffold,-6.57,1,0.0010471204188481676,1.0
label_distribution_by_audit_group,same_scaffold,-6.5663,1,0.0010471204188481676,1.0
label_distribution_by_audit_group,same_scaffold,-6.5648,1,0.0010471204188481676,1.0
label_distribution_by_audit_group,same_scaffold,-6.56,1,0.0010471204188481676,1.0
label_distribution_by_audit_group,same_scaffold,-6.5561,1,0.0010471204188481676,1.0
label_distribution_by_audit_group,same_scaffold,-6.5557,1,0.0010471204188481676,1.0
label_distribution_by_audit_group,same_scaffold,-6.4939,1,0.0010471204188481676,1.0
label_distribution_by_audit_group,same_scaffold,-6.4902,1,0.0010471204188481676,1.0
label_distribution_by_audit_group,same_scaffold,-6.4001,1,0.0010471204188481676,1.0
label_distribution_by_audit_group,same_scaffold,-6.3,1,0.0010471204188481676,1.0
label_distribution_by_audit_group,same_scaffold,-6.29,1,0.0010471204188481676,1.0
label_distribution_by_audit_group,same_scaffold,-6.27,2,0.0020942408376963353,2.0
label_distribution_by_audit_group,same_scaffold,-6.1946491089,1,0.0010471204188481676,1.0
label_distribution_by_audit_group,same_scaffold,-6.1799,1,0.0010471204188481676,1.0
label_distribution_by_audit_group,same_scaffold,-6.1673406199,1,0.0010471204188481676,1.0
label_distribution_by_audit_group,same_scaffold,-6.1611,1,0.0010471204188481676,1.0
label_distribution_by_audit_group,same_scaffold,-6.1366,1,0.0010471204188481676,1.0
label_distribution_by_audit_group,same_scaffold,-6.0892,1,0.0010471204188481676,1.0
label_distribution_by_audit_group,same_scaffold,-6.0604,1,0.0010471204188481676,1.0
label_distribution_by_audit_group,same_scaffold,-6.0171,1,0.0010471204188481676,1.0
label_distribution_by_audit_group,same_scaffold,-6.0,3,0.0031413612565445027,3.0
label_distribution_by_audit_group,same_scaffold,-5.9842424969,1,0.0010471204188481676,1.0
label_distribution_by_audit_group,same_scaffold,-5.95,1,0.0010471204188481676,1.0
label_distribution_by_audit_group,same_scaffold,-5.916,1,0.0010471204188481676,1.0
label_distribution_by_audit_group,same_scaffold,-5.91,2,0.0020942408376963353,2.0
label_distribution_by_audit_group,same_scaffold,-5.89,1,0.0010471204188481676,1.0
label_distribution_by_audit_group,same_scaffold,-5.8729,1,0.0010471204188481676,1.0
label_distribution_by_audit_group,same_scaffold,-5.8269,1,0.0010471204188481676,1.0
label_distribution_by_audit_group,same_scaffold,-5.82,1,0.0010471204188481676,1.0
label_distribution_by_audit_group,same_scaffold,-5.7715452251,1,0.0010471204188481676,1.0
label_distribution_by_audit_group,same_scaffold,-5.7479695323,1,0.0010471204188481676,1.0
label_distribution_by_audit_group,same_scaffold,-5.7380720068,1,0.0010471204188481676,1.0
label_distribution_by_audit_group,same_scaffold,-5.72,1,0.0010471204188481676,1.0
label_distribution_by_audit_group,same_scaffold,-5.7,1,0.0010471204188481676,1.0
label_distribution_by_audit_group,same_scaffold,-5.6603,1,0.0010471204188481676,1.0
label_distribution_by_audit_group,same_scaffold,-5.66,1,0.0010471204188481676,1.0
label_distribution_by_audit_group,same_scaffold,-5.6466,1,0.0010471204188481676,1.0
label_distribution_by_audit_group,same_scaffold,-5.6281,1,0.0010471204188481676,1.0
label_distribution_by_audit_group,same_scaffold,-5.6216352692,1,0.0010471204188481676,1.0
label_distribution_by_audit_group,same_scaffold,-5.6161,1,0.0010471204188481676,1.0
label_distribution_by_audit_group,same_scaffold,-5.5960586261000005,1,0.0010471204188481676,1.0
label_distribution_by_audit_group,same_scaffold,-5.5851,1,0.0010471204188481676,1.0
label_distribution_by_audit_group,same_scaffold,-5.5664,1,0.0010471204188481676,1.0
label_distribution_by_audit_group,same_scaffold,-5.5186,1,0.0010471204188481676,1.0
label_distribution_by_audit_group,same_scaffold,-5.5133127462,1,0.0010471204188481676,1.0
label_distribution_by_audit_group,same_scaffold,-5.5097937283,1,0.0010471204188481676,1.0
label_distribution_by_audit_group,same_scaffold,-5.453967766799999,1,0.0010471204188481676,1.0
label_distribution_by_audit_group,same_scaffold,-5.42,1,0.0010471204188481676,1.0
label_distribution_by_audit_group,same_scaffold,-5.41,1,0.0010471204188481676,1.0
label_distribution_by_audit_group,same_scaffold,-5.3968,1,0.0010471204188481676,1.0
label_distribution_by_audit_group,same_scaffold,-5.36,2,0.0020942408376963353,2.0
label_distribution_by_audit_group,same_scaffold,-5.3544,1,0.0010471204188481676,1.0
label_distribution_by_audit_group,same_scaffold,-5.3526667277,1,0.0010471204188481676,1.0
label_distribution_by_audit_group,same_scaffold,-5.35,1,0.0010471204188481676,1.0
label_distribution_by_audit_group,same_scaffold,-5.3116265943,1,0.0010471204188481676,1.0
label_distribution_by_audit_group,same_scaffold,-5.2878,1,0.0010471204188481676,1.0
label_distribution_by_audit_group,same_scaffold,-5.2804,1,0.0010471204188481676,1.0
label_distribution_by_audit_group,same_scaffold,-5.27,1,0.0010471204188481676,1.0
label_distribution_by_audit_group,same_scaffold,-5.2503495118,1,0.0010471204188481676,1.0
label_distribution_by_audit_group,same_scaffold,-5.2394,1,0.0010471204188481676,1.0
label_distribution_by_audit_group,same_scaffold,-5.2385590319,1,0.0010471204188481676,1.0
label_distribution_by_audit_group,same_scaffold,-5.23,1,0.0010471204188481676,1.0
label_distribution_by_audit_group,same_scaffold,-5.2203,1,0.0010471204188481676,1.0
label_distribution_by_audit_group,same_scaffold,-5.2,1,0.0010471204188481676,1.0
label_distribution_by_audit_group,same_scaffold,-5.1905,1,0.0010471204188481676,1.0
label_distribution_by_audit_group,same_scaffold,-5.1858488331,1,0.0010471204188481676,1.0
label_distribution_by_audit_group,same_scaffold,-5.152,1,0.0010471204188481676,1.0
label_distribution_by_audit_group,same_scaffold,-5.1485,1,0.0010471204188481676,1.0
label_distribution_by_audit_group,same_scaffold,-5.1467,1,0.0010471204188481676,1.0
label_distribution_by_audit_group,same_scaffold,-5.136722389,1,0.0010471204188481676,1.0
label_distribution_by_audit_group,same_scaffold,-5.1307,1,0.0010471204188481676,1.0
label_distribution_by_audit_group,same_scaffold,-5.0813,1,0.0010471204188481676,1.0
label_distribution_by_audit_group,same_scaffold,-5.07,1,0.0010471204188481676,1.0
label_distribution_by_audit_group,same_scaffold,-5.06,1,0.0010471204188481676,1.0
label_distribution_by_audit_group,same_scaffold,-5.0593,1,0.0010471204188481676,1.0
label_distribution_by_audit_group,same_scaffold,-5.01,2,0.0020942408376963353,2.0
label_distribution_by_audit_group,same_scaffold,-4.9504317948,1,0.0010471204188481676,1.0
label_distribution_by_audit_group,same_scaffold,-4.9499,1,0.0010471204188481676,1.0
label_distribution_by_audit_group,same_scaffold,-4.9455,1,0.0010471204188481676,1.0
label_distribution_by_audit_group,same_scaffold,-4.94,1,0.0010471204188481676,1.0
label_distribution_by_audit_group,same_scaffold,-4.92,1,0.0010471204188481676,1.0
label_distribution_by_audit_group,same_scaffold,-4.9115,1,0.0010471204188481676,1.0
label_distribution_by_audit_group,same_scaffold,-4.9,1,0.0010471204188481676,1.0
label_distribution_by_audit_group,same_scaffold,-4.88,1,0.0010471204188481676,1.0
label_distribution_by_audit_group,same_scaffold,-4.8638916314,1,0.0010471204188481676,1.0
label_distribution_by_audit_group,same_scaffold,-4.86,2,0.0020942408376963353,2.0
label_distribution_by_audit_group,same_scaffold,-4.8532,1,0.0010471204188481676,1.0
label_distribution_by_audit_group,same_scaffold,-4.85,2,0.0020942408376963353,2.0
label_distribution_by_audit_group,same_scaffold,-4.831,1,0.0010471204188481676,1.0
label_distribution_by_audit_group,same_scaffold,-4.808,1,0.0010471204188481676,1.0
label_distribution_by_audit_group,same_scaffold,-4.7996200318,1,0.0010471204188481676,1.0
label_distribution_by_audit_group,same_scaffold,-4.7982,1,0.0010471204188481676,1.0
label_distribution_by_audit_group,same_scaffold,-4.7932278922,1,0.0010471204188481676,1.0
label_distribution_by_audit_group,same_scaffold,-4.7886,1,0.0010471204188481676,1.0
label_distribution_by_audit_group,same_scaffold,-4.7796,1,0.0010471204188481676,1.0
label_distribution_by_audit_group,same_scaffold,-4.7775740697,1,0.0010471204188481676,1.0
label_distribution_by_audit_group,same_scaffold,-4.7652682741,1,0.0010471204188481676,1.0
label_distribution_by_audit_group,same_scaffold,-4.74,1,0.0010471204188481676,1.0
label_distribution_by_audit_group,same_scaffold,-4.72,1,0.0010471204188481676,1.0
label_distribution_by_audit_group,same_scaffold,-4.7168,1,0.0010471204188481676,1.0
label_distribution_by_audit_group,same_scaffold,-4.7025138257,1,0.0010471204188481676,1.0
label_distribution_by_audit_group,same_scaffold,-4.7009,1,0.0010471204188481676,1.0
label_distribution_by_audit_group,same_scaffold,-4.6925039386,1,0.0010471204188481676,1.0
label_distribution_by_audit_group,same_scaffold,-4.68,1,0.0010471204188481676,1.0
label_distribution_by_audit_group,same_scaffold,-4.66,1,0.0010471204188481676,1.0
label_distribution_by_audit_group,same_scaffold,-4.6304,1,0.0010471204188481676,1.0
label_distribution_by_audit_group,same_scaffold,-4.63,1,0.0010471204188481676,1.0
label_distribution_by_audit_group,same_scaffold,-4.6272,1,0.0010471204188481676,1.0
label_distribution_by_audit_group,same_scaffold,-4.6234419541000005,1,0.0010471204188481676,1.0
label_distribution_by_audit_group,same_scaffold,-4.6021,1,0.0010471204188481676,1.0
label_distribution_by_audit_group,same_scaffold,-4.6,1,0.0010471204188481676,1.0
label_distribution_by_audit_group,same_scaffold,-4.5881768419,1,0.0010471204188481676,1.0
label_distribution_by_audit_group,same_scaffold,-4.587250024599999,1,0.0010471204188481676,1.0
label_distribution_by_audit_group,same_scaffold,-4.5835,1,0.0010471204188481676,1.0
label_distribution_by_audit_group,same_scaffold,-4.58,1,0.0010471204188481676,1.0
label_distribution_by_audit_group,same_scaffold,-4.5695,1,0.0010471204188481676,1.0
label_distribution_by_audit_group,same_scaffold,-4.5673029377,1,0.0010471204188481676,1.0
label_distribution_by_audit_group,same_scaffold,-4.5619,1,0.0010471204188481676,1.0
label_distribution_by_audit_group,same_scaffold,-4.561,1,0.0010471204188481676,1.0
label_distribution_by_audit_group,same_scaffold,-4.5591,1,0.0010471204188481676,1.0
label_distribution_by_audit_group,same_scaffold,-4.553999999999999,1,0.0010471204188481676,1.0
label_distribution_by_audit_group,same_scaffold,-4.55,1,0.0010471204188481676,1.0
label_distribution_by_audit_group,same_scaffold,-4.5452,1,0.0010471204188481676,1.0
label_distribution_by_audit_group,same_scaffold,-4.5371,1,0.0010471204188481676,1.0
label_distribution_by_audit_group,same_scaffold,-4.52,1,0.0010471204188481676,1.0
label_distribution_by_audit_group,same_scaffold,-4.5171,1,0.0010471204188481676,1.0
label_distribution_by_audit_group,same_scaffold,-4.4980268403,1,0.0010471204188481676,1.0
label_distribution_by_audit_group,same_scaffold,-4.4817,1,0.0010471204188481676,1.0
label_distribution_by_audit_group,same_scaffold,-4.4728088442,1,0.0010471204188481676,1.0
label_distribution_by_audit_group,same_scaffold,-4.4717,1,0.0010471204188481676,1.0
label_distribution_by_audit_group,same_scaffold,-4.4657,1,0.0010471204188481676,1.0
label_distribution_by_audit_group,same_scaffold,-4.4651,1,0.0010471204188481676,1.0
label_distribution_by_audit_group,same_scaffold,-4.4617795617,1,0.0010471204188481676,1.0
label_distribution_by_audit_group,same_scaffold,-4.4611,1,0.0010471204188481676,1.0
label_distribution_by_audit_group,same_scaffold,-4.4544,1,0.0010471204188481676,1.0
label_distribution_by_audit_group,same_scaffold,-4.4511392252,1,0.0010471204188481676,1.0
label_distribution_by_audit_group,same_scaffold,-4.4404,1,0.0010471204188481676,1.0
label_distribution_by_audit_group,same_scaffold,-4.4363,1,0.0010471204188481676,1.0
label_distribution_by_audit_group,same_scaffold,-4.43,1,0.0010471204188481676,1.0
label_distribution_by_audit_group,same_scaffold,-4.4255032449,1,0.0010471204188481676,1.0
label_distribution_by_audit_group,same_scaffold,-4.4252,1,0.0010471204188481676,1.0
label_distribution_by_audit_group,same_scaffold,-4.4192,1,0.0010471204188481676,1.0
label_distribution_by_audit_group,same_scaffold,-4.413,1,0.0010471204188481676,1.0
label_distribution_by_audit_group,same_scaffold,-4.41,2,0.0020942408376963353,2.0
label_distribution_by_audit_group,same_scaffold,-4.4,1,0.0010471204188481676,1.0
label_distribution_by_audit_group,same_scaffold,-4.3966521847000015,1,0.0010471204188481676,1.0
label_distribution_by_audit_group,same_scaffold,-4.387910768899999,1,0.0010471204188481676,1.0
label_distribution_by_audit_group,same_scaffold,-4.3869446244,1,0.0010471204188481676,1.0
label_distribution_by_audit_group,same_scaffold,-4.3701,1,0.0010471204188481676,1.0
label_distribution_by_audit_group,same_scaffold,-4.365622838,1,0.0010471204188481676,1.0
label_distribution_by_audit_group,same_scaffold,-4.36,2,0.0020942408376963353,2.0
label_distribution_by_audit_group,same_scaffold,-4.3219056885,1,0.0010471204188481676,1.0
label_distribution_by_audit_group,same_scaffold,-4.3087,1,0.0010471204188481676,1.0
label_distribution_by_audit_group,same_scaffold,-4.3056,1,0.0010471204188481676,1.0
label_distribution_by_audit_group,same_scaffold,-4.2868907228,1,0.0010471204188481676,1.0
label_distribution_by_audit_group,same_scaffold,-4.2627,1,0.0010471204188481676,1.0
label_distribution_by_audit_group,same_scaffold,-4.2617516212,1,0.0010471204188481676,1.0
label_distribution_by_audit_group,same_scaffold,-4.26,1,0.0010471204188481676,1.0
label_distribution_by_audit_group,same_scaffold,-4.2474,1,0.0010471204188481676,1.0
label_distribution_by_audit_group,same_scaffold,-4.24,1,0.0010471204188481676,1.0
label_distribution_by_audit_group,same_scaffold,-4.2373,1,0.0010471204188481676,1.0
label_distribution_by_audit_group,same_scaffold,-4.217,1,0.0010471204188481676,1.0
label_distribution_by_audit_group,same_scaffold,-4.2,2,0.0020942408376963353,2.0
label_distribution_by_audit_group,same_scaffold,-4.1898,1,0.0010471204188481676,1.0
label_distribution_by_audit_group,same_scaffold,-4.1836,1,0.0010471204188481676,1.0
label_distribution_by_audit_group,same_scaffold,-4.1776244939,1,0.0010471204188481676,1.0
label_distribution_by_audit_group,same_scaffold,-4.1708247593,1,0.0010471204188481676,1.0
label_distribution_by_audit_group,same_scaffold,-4.143,1,0.0010471204188481676,1.0
label_distribution_by_audit_group,same_scaffold,-4.1359426126,1,0.0010471204188481676,1.0
label_distribution_by_audit_group,same_scaffold,-4.1322,1,0.0010471204188481676,1.0
label_distribution_by_audit_group,same_scaffold,-4.12,1,0.0010471204188481676,1.0
label_distribution_by_audit_group,same_scaffold,-4.114,1,0.0010471204188481676,1.0
label_distribution_by_audit_group,same_scaffold,-4.1097,1,0.0010471204188481676,1.0
label_distribution_by_audit_group,same_scaffold,-4.0876,1,0.0010471204188481676,1.0
label_distribution_by_audit_group,same_scaffold,-4.0851,1,0.0010471204188481676,1.0
label_distribution_by_audit_group,same_scaffold,-4.08,1,0.0010471204188481676,1.0
label_distribution_by_audit_group,same_scaffold,-4.0717,1,0.0010471204188481676,1.0
label_distribution_by_audit_group,same_scaffold,-4.06,1,0.0010471204188481676,1.0
label_distribution_by_audit_group,same_scaffold,-4.05,1,0.0010471204188481676,1.0
label_distribution_by_audit_group,same_scaffold,-4.037430925,1,0.0010471204188481676,1.0
label_distribution_by_audit_group,same_scaffold,-4.0223191178,1,0.0010471204188481676,1.0
label_distribution_by_audit_group,same_scaffold,-4.0,1,0.0010471204188481676,1.0
label_distribution_by_audit_group,same_scaffold,-3.9922483547000014,1,0.0010471204188481676,1.0
label_distribution_by_audit_group,same_scaffold,-3.97,2,0.0020942408376963353,2.0
label_distribution_by_audit_group,same_scaffold,-3.96,2,0.0020942408376963353,2.0
label_distribution_by_audit_group,same_scaffold,-3.9548,1,0.0010471204188481676,1.0
label_distribution_by_audit_group,same_scaffold,-3.94,1,0.0010471204188481676,1.0
label_distribution_by_audit_group,same_scaffold,-3.9172,1,0.0010471204188481676,1.0
label_distribution_by_audit_group,same_scaffold,-3.9,1,0.0010471204188481676,1.0
label_distribution_by_audit_group,same_scaffold,-3.8971,1,0.0010471204188481676,1.0
label_distribution_by_audit_group,same_scaffold,-3.89,1,0.0010471204188481676,1.0
label_distribution_by_audit_group,same_scaffold,-3.8813,1,0.0010471204188481676,1.0
label_distribution_by_audit_group,same_scaffold,-3.87,1,0.0010471204188481676,1.0
label_distribution_by_audit_group,same_scaffold,-3.85,3,0.0031413612565445027,3.0
label_distribution_by_audit_group,same_scaffold,-3.83,1,0.0010471204188481676,1.0
label_distribution_by_audit_group,same_scaffold,-3.8279,1,0.0010471204188481676,1.0
label_distribution_by_audit_group,same_scaffold,-3.82,1,0.0010471204188481676,1.0
label_distribution_by_audit_group,same_scaffold,-3.8124,1,0.0010471204188481676,1.0
label_distribution_by_audit_group,same_scaffold,-3.8,2,0.0020942408376963353,2.0
label_distribution_by_audit_group,same_scaffold,-3.796856222,1,0.0010471204188481676,1.0
label_distribution_by_audit_group,same_scaffold,-3.795,1,0.0010471204188481676,1.0
label_distribution_by_audit_group,same_scaffold,-3.7849,1,0.0010471204188481676,1.0
label_distribution_by_audit_group,same_scaffold,-3.76,2,0.0020942408376963353,2.0
label_distribution_by_audit_group,same_scaffold,-3.7531,1,0.0010471204188481676,1.0
label_distribution_by_audit_group,same_scaffold,-3.7440777388,1,0.0010471204188481676,1.0
label_distribution_by_audit_group,same_scaffold,-3.74,2,0.0020942408376963353,2.0
label_distribution_by_audit_group,same_scaffold,-3.7232,1,0.0010471204188481676,1.0
label_distribution_by_audit_group,same_scaffold,-3.7219886724,1,0.0010471204188481676,1.0
label_distribution_by_audit_group,same_scaffold,-3.71,1,0.0010471204188481676,1.0
label_distribution_by_audit_group,same_scaffold,-3.7082,1,0.0010471204188481676,1.0
label_distribution_by_audit_group,same_scaffold,-3.7,1,0.0010471204188481676,1.0
label_distribution_by_audit_group,same_scaffold,-3.698734262,1,0.0010471204188481676,1.0
label_distribution_by_audit_group,same_scaffold,-3.6912,1,0.0010471204188481676,1.0
label_distribution_by_audit_group,same_scaffold,-3.68,2,0.0020942408376963353,2.0
label_distribution_by_audit_group,same_scaffold,-3.6752800895,1,0.0010471204188481676,1.0
label_distribution_by_audit_group,same_scaffold,-3.6723,1,0.0010471204188481676,1.0
label_distribution_by_audit_group,same_scaffold,-3.6702,1,0.0010471204188481676,1.0
label_distribution_by_audit_group,same_scaffold,-3.658,1,0.0010471204188481676,1.0
label_distribution_by_audit_group,same_scaffold,-3.65,1,0.0010471204188481676,1.0
label_distribution_by_audit_group,same_scaffold,-3.638,1,0.0010471204188481676,1.0
label_distribution_by_audit_group,same_scaffold,-3.6174,1,0.0010471204188481676,1.0
label_distribution_by_audit_group,same_scaffold,-3.613,1,0.0010471204188481676,1.0
label_distribution_by_audit_group,same_scaffold,-3.6036,1,0.0010471204188481676,1.0
label_distribution_by_audit_group,same_scaffold,-3.6,1,0.0010471204188481676,1.0
label_distribution_by_audit_group,same_scaffold,-3.5889,1,0.0010471204188481676,1.0
label_distribution_by_audit_group,same_scaffold,-3.5481536429,1,0.0010471204188481676,1.0
label_distribution_by_audit_group,same_scaffold,-3.5442781768,1,0.0010471204188481676,1.0
label_distribution_by_audit_group,same_scaffold,-3.5440597008,1,0.0010471204188481676,1.0
label_distribution_by_audit_group,same_scaffold,-3.54,1,0.0010471204188481676,1.0
label_distribution_by_audit_group,same_scaffold,-3.539328096,1,0.0010471204188481676,1.0
label_distribution_by_audit_group,same_scaffold,-3.5372,1,0.0010471204188481676,1.0
label_distribution_by_audit_group,same_scaffold,-3.5342474855000003,1,0.0010471204188481676,1.0
label_distribution_by_audit_group,same_scaffold,-3.5134687407,1,0.0010471204188481676,1.0
label_distribution_by_audit_group,same_scaffold,-3.5118956043000003,1,0.0010471204188481676,1.0
label_distribution_by_audit_group,same_scaffold,-3.51,1,0.0010471204188481676,1.0
label_distribution_by_audit_group,same_scaffold,-3.4994,1,0.0010471204188481676,1.0
label_distribution_by_audit_group,same_scaffold,-3.49,1,0.0010471204188481676,1.0
label_distribution_by_audit_group,same_scaffold,-3.4886,1,0.0010471204188481676,1.0
label_distribution_by_audit_group,same_scaffold,-3.4881,1,0.0010471204188481676,1.0
label_distribution_by_audit_group,same_scaffold,-3.48,1,0.0010471204188481676,1.0
label_distribution_by_audit_group,same_scaffold,-3.4792,1,0.0010471204188481676,1.0
label_distribution_by_audit_group,same_scaffold,-3.47,1,0.0010471204188481676,1.0
label_distribution_by_audit_group,same_scaffold,-3.4657606101,1,0.0010471204188481676,1.0
label_distribution_by_audit_group,same_scaffold,-3.4527,1,0.0010471204188481676,1.0
label_distribution_by_audit_group,same_scaffold,-3.429,1,0.0010471204188481676,1.0
label_distribution_by_audit_group,same_scaffold,-3.42,1,0.0010471204188481676,1.0
label_distribution_by_audit_group,same_scaffold,-3.4174,1,0.0010471204188481676,1.0
label_distribution_by_audit_group,same_scaffold,-3.411619706,1,0.0010471204188481676,1.0
label_distribution_by_audit_group,same_scaffold,-3.41,1,0.0010471204188481676,1.0
label_distribution_by_audit_group,same_scaffold,-3.4086,1,0.0010471204188481676,1.0
label_distribution_by_audit_group,same_scaffold,-3.3984573794,1,0.0010471204188481676,1.0
label_distribution_by_audit_group,same_scaffold,-3.3979,1,0.0010471204188481676,1.0
label_distribution_by_audit_group,same_scaffold,-3.3963665007,1,0.0010471204188481676,1.0
label_distribution_by_audit_group,same_scaffold,-3.39,1,0.0010471204188481676,1.0
label_distribution_by_audit_group,same_scaffold,-3.36,1,0.0010471204188481676,1.0
label_distribution_by_audit_group,same_scaffold,-3.3533,1,0.0010471204188481676,1.0
label_distribution_by_audit_group,same_scaffold,-3.3503,1,0.0010471204188481676,1.0
label_distribution_by_audit_group,same_scaffold,-3.35,1,0.0010471204188481676,1.0
label_distribution_by_audit_group,same_scaffold,-3.3451078238,1,0.0010471204188481676,1.0
label_distribution_by_audit_group,same_scaffold,-3.34,2,0.0020942408376963353,2.0
label_distribution_by_audit_group,same_scaffold,-3.3380498278,1,0.0010471204188481676,1.0
label_distribution_by_audit_group,same_scaffold,-3.3228,1,0.0010471204188481676,1.0
label_distribution_by_audit_group,same_scaffold,-3.32,1,0.0010471204188481676,1.0
label_distribution_by_audit_group,same_scaffold,-3.31,2,0.0020942408376963353,2.0
label_distribution_by_audit_group,same_scaffold,-3.2959363681,1,0.0010471204188481676,1.0
label_distribution_by_audit_group,same_scaffold,-3.2883,1,0.0010471204188481676,1.0
label_distribution_by_audit_group,same_scaffold,-3.28,2,0.0020942408376963353,2.0
label_distribution_by_audit_group,same_scaffold,-3.2789428853,1,0.0010471204188481676,1.0
label_distribution_by_audit_group,same_scaffold,-3.25,1,0.0010471204188481676,1.0
label_distribution_by_audit_group,same_scaffold,-3.2477605654,1,0.0010471204188481676,1.0
label_distribution_by_audit_group,same_scaffold,-3.2423,1,0.0010471204188481676,1.0
label_distribution_by_audit_group,same_scaffold,-3.2350788163,1,0.0010471204188481676,1.0
label_distribution_by_audit_group,same_scaffold,-3.23,1,0.0010471204188481676,1.0
label_distribution_by_audit_group,same_scaffold,-3.2230398856,1,0.0010471204188481676,1.0
label_distribution_by_audit_group,same_scaffold,-3.22,1,0.0010471204188481676,1.0
label_distribution_by_audit_group,same_scaffold,-3.2113,1,0.0010471204188481676,1.0
label_distribution_by_audit_group,same_scaffold,-3.19,2,0.0020942408376963353,2.0
label_distribution_by_audit_group,same_scaffold,-3.1793123652999995,1,0.0010471204188481676,1.0
label_distribution_by_audit_group,same_scaffold,-3.17,1,0.0010471204188481676,1.0
label_distribution_by_audit_group,same_scaffold,-3.1666,1,0.0010471204188481676,1.0
label_distribution_by_audit_group,same_scaffold,-3.1639,1,0.0010471204188481676,1.0
label_distribution_by_audit_group,same_scaffold,-3.1547687559,1,0.0010471204188481676,1.0
label_distribution_by_audit_group,same_scaffold,-3.151,1,0.0010471204188481676,1.0
label_distribution_by_audit_group,same_scaffold,-3.1364,1,0.0010471204188481676,1.0
label_distribution_by_audit_group,same_scaffold,-3.1346,1,0.0010471204188481676,1.0
label_distribution_by_audit_group,same_scaffold,-3.13,1,0.0010471204188481676,1.0
label_distribution_by_audit_group,same_scaffold,-3.1284,1,0.0010471204188481676,1.0
label_distribution_by_audit_group,same_scaffold,-3.1257,1,0.0010471204188481676,1.0
label_distribution_by_audit_group,same_scaffold,-3.11,1,0.0010471204188481676,1.0
label_distribution_by_audit_group,same_scaffold,-3.094,1,0.0010471204188481676,1.0
label_distribution_by_audit_group,same_scaffold,-3.0799294807,1,0.0010471204188481676,1.0
label_distribution_by_audit_group,same_scaffold,-3.0668187599000003,1,0.0010471204188481676,1.0
label_distribution_by_audit_group,same_scaffold,-3.0555996074,1,0.0010471204188481676,1.0
label_distribution_by_audit_group,same_scaffold,-3.0514,1,0.0010471204188481676,1.0
label_distribution_by_audit_group,same_scaffold,-3.05,2,0.0020942408376963353,2.0
label_distribution_by_audit_group,same_scaffold,-3.0272,1,0.0010471204188481676,1.0
label_distribution_by_audit_group,same_scaffold,-3.0203942687,1,0.0010471204188481676,1.0
label_distribution_by_audit_group,same_scaffold,-3.02,1,0.0010471204188481676,1.0
label_distribution_by_audit_group,same_scaffold,-3.0138,1,0.0010471204188481676,1.0
label_distribution_by_audit_group,same_scaffold,-3.0104,1,0.0010471204188481676,1.0
label_distribution_by_audit_group,same_scaffold,-3.0052489876,1,0.0010471204188481676,1.0
label_distribution_by_audit_group,same_scaffold,-3.0,1,0.0010471204188481676,1.0
label_distribution_by_audit_group,same_scaffold,-2.9887953027,1,0.0010471204188481676,1.0
label_distribution_by_audit_group,same_scaffold,-2.9864,1,0.0010471204188481676,1.0
label_distribution_by_audit_group,same_scaffold,-2.9839461582,1,0.0010471204188481676,1.0
label_distribution_by_audit_group,same_scaffold,-2.9792447784,1,0.0010471204188481676,1.0
label_distribution_by_audit_group,same_scaffold,-2.9758,1,0.0010471204188481676,1.0
label_distribution_by_audit_group,same_scaffold,-2.9677,1,0.0010471204188481676,1.0
label_distribution_by_audit_group,same_scaffold,-2.96,1,0.0010471204188481676,1.0
label_distribution_by_audit_group,same_scaffold,-2.9501,1,0.0010471204188481676,1.0
label_distribution_by_audit_group,same_scaffold,-2.9206,1,0.0010471204188481676,1.0
label_distribution_by_audit_group,same_scaffold,-2.92,1,0.0010471204188481676,1.0
label_distribution_by_audit_group,same_scaffold,-2.9191416399000003,1,0.0010471204188481676,1.0
label_distribution_by_audit_group,same_scaffold,-2.9085159963,1,0.0010471204188481676,1.0
label_distribution_by_audit_group,same_scaffold,-2.9,1,0.0010471204188481676,1.0
label_distribution_by_audit_group,same_scaffold,-2.89,1,0.0010471204188481676,1.0
label_distribution_by_audit_group,same_scaffold,-2.8846346488,1,0.0010471204188481676,1.0
label_distribution_by_audit_group,same_scaffold,-2.8803,1,0.0010471204188481676,1.0
label_distribution_by_audit_group,same_scaffold,-2.88,1,0.0010471204188481676,1.0
label_distribution_by_audit_group,same_scaffold,-2.8772524161,1,0.0010471204188481676,1.0
label_distribution_by_audit_group,same_scaffold,-2.8741,1,0.0010471204188481676,1.0
label_distribution_by_audit_group,same_scaffold,-2.87,1,0.0010471204188481676,1.0
label_distribution_by_audit_group,same_scaffold,-2.8684,1,0.0010471204188481676,1.0
label_distribution_by_audit_group,same_scaffold,-2.8664,1,0.0010471204188481676,1.0
label_distribution_by_audit_group,same_scaffold,-2.8611137345,1,0.0010471204188481676,1.0
label_distribution_by_audit_group,same_scaffold,-2.8608,1,0.0010471204188481676,1.0
label_distribution_by_audit_group,same_scaffold,-2.8497223519,1,0.0010471204188481676,1.0
label_distribution_by_audit_group,same_scaffold,-2.8497,1,0.0010471204188481676,1.0
label_distribution_by_audit_group,same_scaffold,-2.8480980227,1,0.0010471204188481676,1.0
label_distribution_by_audit_group,same_scaffold,-2.84,1,0.0010471204188481676,1.0
label_distribution_by_audit_group,same_scaffold,-2.8267,1,0.0010471204188481676,1.0
label_distribution_by_audit_group,same_scaffold,-2.8265,1,0.0010471204188481676,1.0
label_distribution_by_audit_group,same_scaffold,-2.8258731416,1,0.0010471204188481676,1.0
label_distribution_by_audit_group,same_scaffold,-2.812,1,0.0010471204188481676,1.0
label_distribution_by_audit_group,same_scaffold,-2.81,2,0.0020942408376963353,2.0
label_distribution_by_audit_group,same_scaffold,-2.77,1,0.0010471204188481676,1.0
label_distribution_by_audit_group,same_scaffold,-2.7673615716000004,1,0.0010471204188481676,1.0
label_distribution_by_audit_group,same_scaffold,-2.7460000000000004,1,0.0010471204188481676,1.0
label_distribution_by_audit_group,same_scaffold,-2.7436,1,0.0010471204188481676,1.0
label_distribution_by_audit_group,same_scaffold,-2.7435,1,0.0010471204188481676,1.0
label_distribution_by_audit_group,same_scaffold,-2.74,1,0.0010471204188481676,1.0
label_distribution_by_audit_group,same_scaffold,-2.7377,1,0.0010471204188481676,1.0
label_distribution_by_audit_group,same_scaffold,-2.7372,1,0.0010471204188481676,1.0
label_distribution_by_audit_group,same_scaffold,-2.7321,1,0.0010471204188481676,1.0
label_distribution_by_audit_group,same_scaffold,-2.7226339225,1,0.0010471204188481676,1.0
label_distribution_by_audit_group,same_scaffold,-2.72,1,0.0010471204188481676,1.0
label_distribution_by_audit_group,same_scaffold,-2.7171,1,0.0010471204188481676,1.0
label_distribution_by_audit_group,same_scaffold,-2.71,1,0.0010471204188481676,1.0
label_distribution_by_audit_group,same_scaffold,-2.7063,1,0.0010471204188481676,1.0
label_distribution_by_audit_group,same_scaffold,-2.7,3,0.0031413612565445027,3.0
label_distribution_by_audit_group,same_scaffold,-2.6959998037,1,0.0010471204188481676,1.0
label_distribution_by_audit_group,same_scaffold,-2.6917536232,1,0.0010471204188481676,1.0
label_distribution_by_audit_group,same_scaffold,-2.69,1,0.0010471204188481676,1.0
label_distribution_by_audit_group,same_scaffold,-2.68,2,0.0020942408376963353,2.0
label_distribution_by_audit_group,same_scaffold,-2.672674663,1,0.0010471204188481676,1.0
label_distribution_by_audit_group,same_scaffold,-2.67,4,0.004188481675392671,4.0
label_distribution_by_audit_group,same_scaffold,-2.6618,1,0.0010471204188481676,1.0
label_distribution_by_audit_group,same_scaffold,-2.6600258381,1,0.0010471204188481676,1.0
label_distribution_by_audit_group,same_scaffold,-2.66,1,0.0010471204188481676,1.0
label_distribution_by_audit_group,same_scaffold,-2.6514,1,0.0010471204188481676,1.0
label_distribution_by_audit_group,same_scaffold,-2.65,1,0.0010471204188481676,1.0
label_distribution_by_audit_group,same_scaffold,-2.6472,1,0.0010471204188481676,1.0
label_distribution_by_audit_group,same_scaffold,-2.6432618239,1,0.0010471204188481676,1.0
label_distribution_by_audit_group,same_scaffold,-2.6422,1,0.0010471204188481676,1.0
label_distribution_by_audit_group,same_scaffold,-2.6404,1,0.0010471204188481676,1.0
label_distribution_by_audit_group,same_scaffold,-2.64,1,0.0010471204188481676,1.0
label_distribution_by_audit_group,same_scaffold,-2.6268,1,0.0010471204188481676,1.0
label_distribution_by_audit_group,same_scaffold,-2.62,2,0.0020942408376963353,2.0
label_distribution_by_audit_group,same_scaffold,-2.6099,1,0.0010471204188481676,1.0
label_distribution_by_audit_group,same_scaffold,-2.6,3,0.0031413612565445027,3.0
label_distribution_by_audit_group,same_scaffold,-2.597,1,0.0010471204188481676,1.0
label_distribution_by_audit_group,same_scaffold,-2.5955,1,0.0010471204188481676,1.0
label_distribution_by_audit_group,same_scaffold,-2.5888216416,1,0.0010471204188481676,1.0
label_distribution_by_audit_group,same_scaffold,-2.5825419737,1,0.0010471204188481676,1.0
label_distribution_by_audit_group,same_scaffold,-2.58,1,0.0010471204188481676,1.0
label_distribution_by_audit_group,same_scaffold,-2.5648,1,0.0010471204188481676,1.0
label_distribution_by_audit_group,same_scaffold,-2.5636257131,1,0.0010471204188481676,1.0
label_distribution_by_audit_group,same_scaffold,-2.5626,1,0.0010471204188481676,1.0
label_distribution_by_audit_group,same_scaffold,-2.5494,1,0.0010471204188481676,1.0
label_distribution_by_audit_group,same_scaffold,-2.5387,1,0.0010471204188481676,1.0
label_distribution_by_audit_group,same_scaffold,-2.53,1,0.0010471204188481676,1.0
label_distribution_by_audit_group,same_scaffold,-2.5283,1,0.0010471204188481676,1.0
label_distribution_by_audit_group,same_scaffold,-2.52,1,0.0010471204188481676,1.0
label_distribution_by_audit_group,same_scaffold,-2.5141,1,0.0010471204188481676,1.0
label_distribution_by_audit_group,same_scaffold,-2.5057,1,0.0010471204188481676,1.0
label_distribution_by_audit_group,same_scaffold,-2.503,1,0.0010471204188481676,1.0
label_distribution_by_audit_group,same_scaffold,-2.5,1,0.0010471204188481676,1.0
label_distribution_by_audit_group,same_scaffold,-2.49,1,0.0010471204188481676,1.0
label_distribution_by_audit_group,same_scaffold,-2.4817,1,0.0010471204188481676,1.0
label_distribution_by_audit_group,same_scaffold,-2.48,2,0.0020942408376963353,2.0
label_distribution_by_audit_group,same_scaffold,-2.4707735629,1,0.0010471204188481676,1.0
label_distribution_by_audit_group,same_scaffold,-2.47,2,0.0020942408376963353,2.0
label_distribution_by_audit_group,same_scaffold,-2.4639,1,0.0010471204188481676,1.0
label_distribution_by_audit_group,same_scaffold,-2.46,2,0.0020942408376963353,2.0
label_distribution_by_audit_group,same_scaffold,-2.4542650743000003,1,0.0010471204188481676,1.0
label_distribution_by_audit_group,same_scaffold,-2.452,1,0.0010471204188481676,1.0
label_distribution_by_audit_group,same_scaffold,-2.45,1,0.0010471204188481676,1.0
label_distribution_by_audit_group,same_scaffold,-2.4496899299,1,0.0010471204188481676,1.0
label_distribution_by_audit_group,same_scaffold,-2.4446,1,0.0010471204188481676,1.0
label_distribution_by_audit_group,same_scaffold,-2.44,1,0.0010471204188481676,1.0
label_distribution_by_audit_group,same_scaffold,-2.4318,1,0.0010471204188481676,1.0
label_distribution_by_audit_group,same_scaffold,-2.427057806,1,0.0010471204188481676,1.0
label_distribution_by_audit_group,same_scaffold,-2.4259,1,0.0010471204188481676,1.0
label_distribution_by_audit_group,same_scaffold,-2.4255,1,0.0010471204188481676,1.0
label_distribution_by_audit_group,same_scaffold,-2.4206,1,0.0010471204188481676,1.0
label_distribution_by_audit_group,same_scaffold,-2.42,2,0.0020942408376963353,2.0
label_distribution_by_audit_group,same_scaffold,-2.4135,1,0.0010471204188481676,1.0
label_distribution_by_audit_group,same_scaffold,-2.4096512377,1,0.0010471204188481676,1.0
label_distribution_by_audit_group,same_scaffold,-2.3999022404,1,0.0010471204188481676,1.0
label_distribution_by_audit_group,same_scaffold,-2.3922,1,0.0010471204188481676,1.0
label_distribution_by_audit_group,same_scaffold,-2.39,3,0.0031413612565445027,3.0
label_distribution_by_audit_group,same_scaffold,-2.3791,1,0.0010471204188481676,1.0
label_distribution_by_audit_group,same_scaffold,-2.3711973931,1,0.0010471204188481676,1.0
label_distribution_by_audit_group,same_scaffold,-2.3676,1,0.0010471204188481676,1.0
label_distribution_by_audit_group,same_scaffold,-2.365667988,1,0.0010471204188481676,1.0
label_distribution_by_audit_group,same_scaffold,-2.3647374971,1,0.0010471204188481676,1.0
label_distribution_by_audit_group,same_scaffold,-2.3617,1,0.0010471204188481676,1.0
label_distribution_by_audit_group,same_scaffold,-2.36,1,0.0010471204188481676,1.0
label_distribution_by_audit_group,same_scaffold,-2.3558504459000003,1,0.0010471204188481676,1.0
label_distribution_by_audit_group,same_scaffold,-2.3527,1,0.0010471204188481676,1.0
label_distribution_by_audit_group,same_scaffold,-2.3525,1,0.0010471204188481676,1.0
label_distribution_by_audit_group,same_scaffold,-2.350745656,1,0.0010471204188481676,1.0
label_distribution_by_audit_group,same_scaffold,-2.3502,1,0.0010471204188481676,1.0
label_distribution_by_audit_group,same_scaffold,-2.35,1,0.0010471204188481676,1.0
label_distribution_by_audit_group,same_scaffold,-2.3466,1,0.0010471204188481676,1.0
label_distribution_by_audit_group,same_scaffold,-2.33,1,0.0010471204188481676,1.0
label_distribution_by_audit_group,same_scaffold,-2.3271,1,0.0010471204188481676,1.0
label_distribution_by_audit_group,same_scaffold,-2.3256,1,0.0010471204188481676,1.0
label_distribution_by_audit_group,same_scaffold,-2.3243,1,0.0010471204188481676,1.0
label_distribution_by_audit_group,same_scaffold,-2.32,1,0.0010471204188481676,1.0
label_distribution_by_audit_group,same_scaffold,-2.3134381403,1,0.0010471204188481676,1.0
label_distribution_by_audit_group,same_scaffold,-2.31,2,0.0020942408376963353,2.0
label_distribution_by_audit_group,same_scaffold,-2.3005,1,0.0010471204188481676,1.0
label_distribution_by_audit_group,same_scaffold,-2.3,2,0.0020942408376963353,2.0
label_distribution_by_audit_group,same_scaffold,-2.29,1,0.0010471204188481676,1.0
label_distribution_by_audit_group,same_scaffold,-2.2840000000000003,1,0.0010471204188481676,1.0
label_distribution_by_audit_group,same_scaffold,-2.2839,1,0.0010471204188481676,1.0
label_distribution_by_audit_group,same_scaffold,-2.2827688499,1,0.0010471204188481676,1.0
label_distribution_by_audit_group,same_scaffold,-2.28,2,0.0020942408376963353,2.0
label_distribution_by_audit_group,same_scaffold,-2.2644,1,0.0010471204188481676,1.0
label_distribution_by_audit_group,same_scaffold,-2.2472,1,0.0010471204188481676,1.0
label_distribution_by_audit_group,same_scaffold,-2.24666187,1,0.0010471204188481676,1.0
label_distribution_by_audit_group,same_scaffold,-2.2430987475,1,0.0010471204188481676,1.0
label_distribution_by_audit_group,same_scaffold,-2.24,1,0.0010471204188481676,1.0
label_distribution_by_audit_group,same_scaffold,-2.23,1,0.0010471204188481676,1.0
label_distribution_by_audit_group,same_scaffold,-2.2232,1,0.0010471204188481676,1.0
label_distribution_by_audit_group,same_scaffold,-2.2230000000000003,1,0.0010471204188481676,1.0
label_distribution_by_audit_group,same_scaffold,-2.2193,1,0.0010471204188481676,1.0
label_distribution_by_audit_group,same_scaffold,-2.2144,1,0.0010471204188481676,1.0
label_distribution_by_audit_group,same_scaffold,-2.2130969417,1,0.0010471204188481676,1.0
label_distribution_by_audit_group,same_scaffold,-2.21,1,0.0010471204188481676,1.0
label_distribution_by_audit_group,same_scaffold,-2.2084701124,1,0.0010471204188481676,1.0
label_distribution_by_audit_group,same_scaffold,-2.2062982993,1,0.0010471204188481676,1.0
label_distribution_by_audit_group,same_scaffold,-2.2,1,0.0010471204188481676,1.0
label_distribution_by_audit_group,same_scaffold,-2.1899589144,1,0.0010471204188481676,1.0
label_distribution_by_audit_group,same_scaffold,-2.1850914787,1,0.0010471204188481676,1.0
label_distribution_by_audit_group,same_scaffold,-2.1830000000000003,1,0.0010471204188481676,1.0
label_distribution_by_audit_group,same_scaffold,-2.1798872233,1,0.0010471204188481676,1.0
label_distribution_by_audit_group,same_scaffold,-2.17,2,0.0020942408376963353,2.0
label_distribution_by_audit_group,same_scaffold,-2.1693,1,0.0010471204188481676,1.0
label_distribution_by_audit_group,same_scaffold,-2.16,1,0.0010471204188481676,1.0
label_distribution_by_audit_group,same_scaffold,-2.1531779235,1,0.0010471204188481676,1.0
label_distribution_by_audit_group,same_scaffold,-2.15,1,0.0010471204188481676,1.0
label_distribution_by_audit_group,same_scaffold,-2.1445,1,0.0010471204188481676,1.0
label_distribution_by_audit_group,same_scaffold,-2.1362024863,1,0.0010471204188481676,1.0
label_distribution_by_audit_group,same_scaffold,-2.1351,1,0.0010471204188481676,1.0
label_distribution_by_audit_group,same_scaffold,-2.1339,1,0.0010471204188481676,1.0
label_distribution_by_audit_group,same_scaffold,-2.13,1,0.0010471204188481676,1.0
label_distribution_by_audit_group,same_scaffold,-2.1296,1,0.0010471204188481676,1.0
label_distribution_by_audit_group,same_scaffold,-2.1209,1,0.0010471204188481676,1.0
label_distribution_by_audit_group,same_scaffold,-2.1195,1,0.0010471204188481676,1.0
label_distribution_by_audit_group,same_scaffold,-2.1105897103,1,0.0010471204188481676,1.0
label_distribution_by_audit_group,same_scaffold,-2.11,2,0.0020942408376963353,2.0
label_distribution_by_audit_group,same_scaffold,-2.1,1,0.0010471204188481676,1.0
label_distribution_by_audit_group,same_scaffold,-2.09612479,1,0.0010471204188481676,1.0
label_distribution_by_audit_group,same_scaffold,-2.0948968063,1,0.0010471204188481676,1.0
label_distribution_by_audit_group,same_scaffold,-2.0886,1,0.0010471204188481676,1.0
label_distribution_by_audit_group,same_scaffold,-2.0853,1,0.0010471204188481676,1.0
label_distribution_by_audit_group,same_scaffold,-2.0829703418000003,1,0.0010471204188481676,1.0
label_distribution_by_audit_group,same_scaffold,-2.0798,1,0.0010471204188481676,1.0
label_distribution_by_audit_group,same_scaffold,-2.0750002801,1,0.0010471204188481676,1.0
label_distribution_by_audit_group,same_scaffold,-2.0737299237,1,0.0010471204188481676,1.0
label_distribution_by_audit_group,same_scaffold,-2.07,1,0.0010471204188481676,1.0
label_distribution_by_audit_group,same_scaffold,-2.0686300615,1,0.0010471204188481676,1.0
label_distribution_by_audit_group,same_scaffold,-2.0674,1,0.0010471204188481676,1.0
label_distribution_by_audit_group,same_scaffold,-2.0587,1,0.0010471204188481676,1.0
label_distribution_by_audit_group,same_scaffold,-2.0584,1,0.0010471204188481676,1.0
label_distribution_by_audit_group,same_scaffold,-2.0568,1,0.0010471204188481676,1.0
label_distribution_by_audit_group,same_scaffold,-2.0566,1,0.0010471204188481676,1.0
label_distribution_by_audit_group,same_scaffold,-2.05,2,0.0020942408376963353,2.0
label_distribution_by_audit_group,same_scaffold,-2.0347,1,0.0010471204188481676,1.0
label_distribution_by_audit_group,same_scaffold,-2.03,1,0.0010471204188481676,1.0
label_distribution_by_audit_group,same_scaffold,-2.0276,1,0.0010471204188481676,1.0
label_distribution_by_audit_group,same_scaffold,-2.0216,1,0.0010471204188481676,1.0
label_distribution_by_audit_group,same_scaffold,-2.02,2,0.0020942408376963353,2.0
label_distribution_by_audit_group,same_scaffold,-2.016,1,0.0010471204188481676,1.0
label_distribution_by_audit_group,same_scaffold,-2.01,1,0.0010471204188481676,1.0
label_distribution_by_audit_group,same_scaffold,-2.0063585886,1,0.0010471204188481676,1.0
label_distribution_by_audit_group,same_scaffold,-1.9948,1,0.0010471204188481676,1.0
label_distribution_by_audit_group,same_scaffold,-1.9933265855,1,0.0010471204188481676,1.0
label_distribution_by_audit_group,same_scaffold,-1.9916,1,0.0010471204188481676,1.0
label_distribution_by_audit_group,same_scaffold,-1.99,1,0.0010471204188481676,1.0
label_distribution_by_audit_group,same_scaffold,-1.9803097957,1,0.0010471204188481676,1.0
label_distribution_by_audit_group,same_scaffold,-1.98,2,0.0020942408376963353,2.0
label_distribution_by_audit_group,same_scaffold,-1.9771384819,1,0.0010471204188481676,1.0
label_distribution_by_audit_group,same_scaffold,-1.97,1,0.0010471204188481676,1.0
label_distribution_by_audit_group,same_scaffold,-1.9616,1,0.0010471204188481676,1.0
label_distribution_by_audit_group,same_scaffold,-1.9549,1,0.0010471204188481676,1.0
label_distribution_by_audit_group,same_scaffold,-1.9424,1,0.0010471204188481676,1.0
label_distribution_by_audit_group,same_scaffold,-1.93,2,0.0020942408376963353,2.0
label_distribution_by_audit_group,same_scaffold,-1.9220736974,1,0.0010471204188481676,1.0
label_distribution_by_audit_group,same_scaffold,-1.92,1,0.0010471204188481676,1.0
label_distribution_by_audit_group,same_scaffold,-1.9171,1,0.0010471204188481676,1.0
label_distribution_by_audit_group,same_scaffold,-1.9169,1,0.0010471204188481676,1.0
label_distribution_by_audit_group,same_scaffold,-1.9013447833,1,0.0010471204188481676,1.0
label_distribution_by_audit_group,same_scaffold,-1.8934476814,1,0.0010471204188481676,1.0
label_distribution_by_audit_group,same_scaffold,-1.89,1,0.0010471204188481676,1.0
label_distribution_by_audit_group,same_scaffold,-1.8868,1,0.0010471204188481676,1.0
label_distribution_by_audit_group,same_scaffold,-1.8832793564,1,0.0010471204188481676,1.0
label_distribution_by_audit_group,same_scaffold,-1.8708,1,0.0010471204188481676,1.0
label_distribution_by_audit_group,same_scaffold,-1.86983286,1,0.0010471204188481676,1.0
label_distribution_by_audit_group,same_scaffold,-1.8635330455,1,0.0010471204188481676,1.0
label_distribution_by_audit_group,same_scaffold,-1.860061225,1,0.0010471204188481676,1.0
label_distribution_by_audit_group,same_scaffold,-1.8556550616,1,0.0010471204188481676,1.0
label_distribution_by_audit_group,same_scaffold,-1.85,1,0.0010471204188481676,1.0
label_distribution_by_audit_group,same_scaffold,-1.8434,1,0.0010471204188481676,1.0
label_distribution_by_audit_group,same_scaffold,-1.8422414993,1,0.0010471204188481676,1.0
label_distribution_by_audit_group,same_scaffold,-1.8210383613,1,0.0010471204188481676,1.0
label_distribution_by_audit_group,same_scaffold,-1.82,1,0.0010471204188481676,1.0
label_distribution_by_audit_group,same_scaffold,-1.8184,1,0.0010471204188481676,1.0
label_distribution_by_audit_group,same_scaffold,-1.8138,1,0.0010471204188481676,1.0
label_distribution_by_audit_group,same_scaffold,-1.8101,1,0.0010471204188481676,1.0
label_distribution_by_audit_group,same_scaffold,-1.8076460763,1,0.0010471204188481676,1.0
label_distribution_by_audit_group,same_scaffold,-1.7997284582,1,0.0010471204188481676,1.0
label_distribution_by_audit_group,same_scaffold,-1.7990172934,1,0.0010471204188481676,1.0
label_distribution_by_audit_group,same_scaffold,-1.7957,1,0.0010471204188481676,1.0
label_distribution_by_audit_group,same_scaffold,-1.79,3,0.0031413612565445027,3.0
label_distribution_by_audit_group,same_scaffold,-1.7894220529,1,0.0010471204188481676,1.0
label_distribution_by_audit_group,same_scaffold,-1.7827,1,0.0010471204188481676,1.0
label_distribution_by_audit_group,same_scaffold,-1.78,1,0.0010471204188481676,1.0
label_distribution_by_audit_group,same_scaffold,-1.7734,1,0.0010471204188481676,1.0
label_distribution_by_audit_group,same_scaffold,-1.7725870938,1,0.0010471204188481676,1.0
label_distribution_by_audit_group,same_scaffold,-1.77,1,0.0010471204188481676,1.0
label_distribution_by_audit_group,same_scaffold,-1.7675632436000002,1,0.0010471204188481676,1.0
label_distribution_by_audit_group,same_scaffold,-1.7631595965,1,0.0010471204188481676,1.0
label_distribution_by_audit_group,same_scaffold,-1.7593061432,1,0.0010471204188481676,1.0
label_distribution_by_audit_group,same_scaffold,-1.7565,1,0.0010471204188481676,1.0
label_distribution_by_audit_group,same_scaffold,-1.7471686412,1,0.0010471204188481676,1.0
label_distribution_by_audit_group,same_scaffold,-1.74,2,0.0020942408376963353,2.0
label_distribution_by_audit_group,same_scaffold,-1.7295012251,1,0.0010471204188481676,1.0
label_distribution_by_audit_group,same_scaffold,-1.7207775313,1,0.0010471204188481676,1.0
label_distribution_by_audit_group,same_scaffold,-1.72,4,0.004188481675392671,4.0
label_distribution_by_audit_group,same_scaffold,-1.7188473974,1,0.0010471204188481676,1.0
label_distribution_by_audit_group,same_scaffold,-1.712,1,0.0010471204188481676,1.0
label_distribution_by_audit_group,same_scaffold,-1.7102,1,0.0010471204188481676,1.0
label_distribution_by_audit_group,same_scaffold,-1.71,2,0.0020942408376963353,2.0
label_distribution_by_audit_group,same_scaffold,-1.7,2,0.0020942408376963353,2.0
label_distribution_by_audit_group,same_scaffold,-1.6952,1,0.0010471204188481676,1.0
label_distribution_by_audit_group,same_scaffold,-1.6935,1,0.0010471204188481676,1.0
label_distribution_by_audit_group,same_scaffold,-1.6926402974,1,0.0010471204188481676,1.0
label_distribution_by_audit_group,same_scaffold,-1.69,2,0.0020942408376963353,2.0
label_distribution_by_audit_group,same_scaffold,-1.6875,1,0.0010471204188481676,1.0
label_distribution_by_audit_group,same_scaffold,-1.6839,1,0.0010471204188481676,1.0
label_distribution_by_audit_group,same_scaffold,-1.6731198028999998,1,0.0010471204188481676,1.0
label_distribution_by_audit_group,same_scaffold,-1.6688,1,0.0010471204188481676,1.0
label_distribution_by_audit_group,same_scaffold,-1.6601758755,1,0.0010471204188481676,1.0
label_distribution_by_audit_group,same_scaffold,-1.6559,1,0.0010471204188481676,1.0
label_distribution_by_audit_group,same_scaffold,-1.6422660516999998,1,0.0010471204188481676,1.0
label_distribution_by_audit_group,same_scaffold,-1.64,2,0.0020942408376963353,2.0
label_distribution_by_audit_group,same_scaffold,-1.6336,1,0.0010471204188481676,1.0
label_distribution_by_audit_group,same_scaffold,-1.6324,1,0.0010471204188481676,1.0
label_distribution_by_audit_group,same_scaffold,-1.6172,1,0.0010471204188481676,1.0
label_distribution_by_audit_group,same_scaffold,-1.6154,1,0.0010471204188481676,1.0
label_distribution_by_audit_group,same_scaffold,-1.6066,1,0.0010471204188481676,1.0
label_distribution_by_audit_group,same_scaffold,-1.6,1,0.0010471204188481676,1.0
label_distribution_by_audit_group,same_scaffold,-1.5917,1,0.0010471204188481676,1.0
label_distribution_by_audit_group,same_scaffold,-1.5902,1,0.0010471204188481676,1.0
label_distribution_by_audit_group,same_scaffold,-1.59,1,0.0010471204188481676,1.0
label_distribution_by_audit_group,same_scaffold,-1.58,1,0.0010471204188481676,1.0
label_distribution_by_audit_group,same_scaffold,-1.5704,1,0.0010471204188481676,1.0
label_distribution_by_audit_group,same_scaffold,-1.57,2,0.0020942408376963353,2.0
label_distribution_by_audit_group,same_scaffold,-1.5636654662,1,0.0010471204188481676,1.0
label_distribution_by_audit_group,same_scaffold,-1.5614,1,0.0010471204188481676,1.0
label_distribution_by_audit_group,same_scaffold,-1.56,1,0.0010471204188481676,1.0
label_distribution_by_audit_group,same_scaffold,-1.5590000000000002,1,0.0010471204188481676,1.0
label_distribution_by_audit_group,same_scaffold,-1.55,1,0.0010471204188481676,1.0
label_distribution_by_audit_group,same_scaffold,-1.5376,1,0.0010471204188481676,1.0
label_distribution_by_audit_group,same_scaffold,-1.53,3,0.0031413612565445027,3.0
label_distribution_by_audit_group,same_scaffold,-1.5259868531,1,0.0010471204188481676,1.0
label_distribution_by_audit_group,same_scaffold,-1.5255,1,0.0010471204188481676,1.0
label_distribution_by_audit_group,same_scaffold,-1.5187,1,0.0010471204188481676,1.0
label_distribution_by_audit_group,same_scaffold,-1.51,1,0.0010471204188481676,1.0
label_distribution_by_audit_group,same_scaffold,-1.5043501961,1,0.0010471204188481676,1.0
label_distribution_by_audit_group,same_scaffold,-1.5008,1,0.0010471204188481676,1.0
label_distribution_by_audit_group,same_scaffold,-1.491314993,1,0.0010471204188481676,1.0
label_distribution_by_audit_group,same_scaffold,-1.4838,1,0.0010471204188481676,1.0
label_distribution_by_audit_group,same_scaffold,-1.48,1,0.0010471204188481676,1.0
label_distribution_by_audit_group,same_scaffold,-1.476228892,1,0.0010471204188481676,1.0
label_distribution_by_audit_group,same_scaffold,-1.47,1,0.0010471204188481676,1.0
label_distribution_by_audit_group,same_scaffold,-1.4690382322,1,0.0010471204188481676,1.0
label_distribution_by_audit_group,same_scaffold,-1.46,1,0.0010471204188481676,1.0
label_distribution_by_audit_group,same_scaffold,-1.4598,1,0.0010471204188481676,1.0
label_distribution_by_audit_group,same_scaffold,-1.4535787311,1,0.0010471204188481676,1.0
label_distribution_by_audit_group,same_scaffold,-1.4499,1,0.0010471204188481676,1.0
label_distribution_by_audit_group,same_scaffold,-1.4493,1,0.0010471204188481676,1.0
label_distribution_by_audit_group,same_scaffold,-1.4481,1,0.0010471204188481676,1.0
label_distribution_by_audit_group,same_scaffold,-1.4463316859,1,0.0010471204188481676,1.0
label_distribution_by_audit_group,same_scaffold,-1.44,1,0.0010471204188481676,1.0
label_distribution_by_audit_group,same_scaffold,-1.43,1,0.0010471204188481676,1.0
label_distribution_by_audit_group,same_scaffold,-1.4199,1,0.0010471204188481676,1.0
label_distribution_by_audit_group,same_scaffold,-1.4057514128,1,0.0010471204188481676,1.0
label_distribution_by_audit_group,same_scaffold,-1.4022004623,1,0.0010471204188481676,1.0
label_distribution_by_audit_group,same_scaffold,-1.4,1,0.0010471204188481676,1.0
label_distribution_by_audit_group,same_scaffold,-1.39,1,0.0010471204188481676,1.0
label_distribution_by_audit_group,same_scaffold,-1.3885,1,0.0010471204188481676,1.0
label_distribution_by_audit_group,same_scaffold,-1.3884,1,0.0010471204188481676,1.0
label_distribution_by_audit_group,same_scaffold,-1.3879839049,1,0.0010471204188481676,1.0
label_distribution_by_audit_group,same_scaffold,-1.3871946661,1,0.0010471204188481676,1.0
label_distribution_by_audit_group,same_scaffold,-1.3769999999999998,1,0.0010471204188481676,1.0
label_distribution_by_audit_group,same_scaffold,-1.3735951622999998,1,0.0010471204188481676,1.0
label_distribution_by_audit_group,same_scaffold,-1.3733684129,1,0.0010471204188481676,1.0
label_distribution_by_audit_group,same_scaffold,-1.372,1,0.0010471204188481676,1.0
label_distribution_by_audit_group,same_scaffold,-1.37,1,0.0010471204188481676,1.0
label_distribution_by_audit_group,same_scaffold,-1.3676,1,0.0010471204188481676,1.0
label_distribution_by_audit_group,same_scaffold,-1.3505,1,0.0010471204188481676,1.0
label_distribution_by_audit_group,same_scaffold,-1.3352536727,1,0.0010471204188481676,1.0
label_distribution_by_audit_group,same_scaffold,-1.33,1,0.0010471204188481676,1.0
label_distribution_by_audit_group,same_scaffold,-1.3288181975,1,0.0010471204188481676,1.0
label_distribution_by_audit_group,same_scaffold,-1.3285,1,0.0010471204188481676,1.0
label_distribution_by_audit_group,same_scaffold,-1.3247,1,0.0010471204188481676,1.0
label_distribution_by_audit_group,same_scaffold,-1.3055373023,1,0.0010471204188481676,1.0
label_distribution_by_audit_group,same_scaffold,-1.3054,1,0.0010471204188481676,1.0
label_distribution_by_audit_group,same_scaffold,-1.3019,1,0.0010471204188481676,1.0
label_distribution_by_audit_group,same_scaffold,-1.2915600389,1,0.0010471204188481676,1.0
label_distribution_by_audit_group,same_scaffold,-1.2803,1,0.0010471204188481676,1.0
label_distribution_by_audit_group,same_scaffold,-1.28,3,0.0031413612565445027,3.0
label_distribution_by_audit_group,same_scaffold,-1.2757105223,1,0.0010471204188481676,1.0
label_distribution_by_audit_group,same_scaffold,-1.27,1,0.0010471204188481676,1.0
label_distribution_by_audit_group,same_scaffold,-1.2678,1,0.0010471204188481676,1.0
label_distribution_by_audit_group,same_scaffold,-1.26,2,0.0020942408376963353,2.0
label_distribution_by_audit_group,same_scaffold,-1.2558,1,0.0010471204188481676,1.0
label_distribution_by_audit_group,same_scaffold,-1.25,1,0.0010471204188481676,1.0
label_distribution_by_audit_group,same_scaffold,-1.246,1,0.0010471204188481676,1.0
label_distribution_by_audit_group,same_scaffold,-1.237,1,0.0010471204188481676,1.0
label_distribution_by_audit_group,same_scaffold,-1.2286,1,0.0010471204188481676,1.0
label_distribution_by_audit_group,same_scaffold,-1.2280265929,1,0.0010471204188481676,1.0
label_distribution_by_audit_group,same_scaffold,-1.21,1,0.0010471204188481676,1.0
label_distribution_by_audit_group,same_scaffold,-1.1987753523,1,0.0010471204188481676,1.0
label_distribution_by_audit_group,same_scaffold,-1.1985,1,0.0010471204188481676,1.0
label_distribution_by_audit_group,same_scaffold,-1.19,1,0.0010471204188481676,1.0
label_distribution_by_audit_group,same_scaffold,-1.1841,1,0.0010471204188481676,1.0
label_distribution_by_audit_group,same_scaffold,-1.1831208545999998,1,0.0010471204188481676,1.0
label_distribution_by_audit_group,same_scaffold,-1.1822691023,1,0.0010471204188481676,1.0
label_distribution_by_audit_group,same_scaffold,-1.1745,1,0.0010471204188481676,1.0
label_distribution_by_audit_group,same_scaffold,-1.14,1,0.0010471204188481676,1.0
label_distribution_by_audit_group,same_scaffold,-1.1309,1,0.0010471204188481676,1.0
label_distribution_by_audit_group,same_scaffold,-1.13,1,0.0010471204188481676,1.0
label_distribution_by_audit_group,same_scaffold,-1.113,1,0.0010471204188481676,1.0
label_distribution_by_audit_group,same_scaffold,-1.0994,1,0.0010471204188481676,1.0
label_distribution_by_audit_group,same_scaffold,-1.0947,1,0.0010471204188481676,1.0
label_distribution_by_audit_group,same_scaffold,-1.0938,1,0.0010471204188481676,1.0
label_distribution_by_audit_group,same_scaffold,-1.07,1,0.0010471204188481676,1.0
label_distribution_by_audit_group,same_scaffold,-1.0632,1,0.0010471204188481676,1.0
label_distribution_by_audit_group,same_scaffold,-1.063,1,0.0010471204188481676,1.0
label_distribution_by_audit_group,same_scaffold,-1.0556,1,0.0010471204188481676,1.0
label_distribution_by_audit_group,same_scaffold,-1.05,1,0.0010471204188481676,1.0
label_distribution_by_audit_group,same_scaffold,-1.0477452605,1,0.0010471204188481676,1.0
label_distribution_by_audit_group,same_scaffold,-1.0466,1,0.0010471204188481676,1.0
label_distribution_by_audit_group,same_scaffold,-1.0235160951,1,0.0010471204188481676,1.0
label_distribution_by_audit_group,same_scaffold,-1.0197,1,0.0010471204188481676,1.0
label_distribution_by_audit_group,same_scaffold,-1.01,1,0.0010471204188481676,1.0
label_distribution_by_audit_group,same_scaffold,-1.0000005869,1,0.0010471204188481676,1.0
label_distribution_by_audit_group,same_scaffold,-0.99,1,0.0010471204188481676,1.0
label_distribution_by_audit_group,same_scaffold,-0.9702,1,0.0010471204188481676,1.0
label_distribution_by_audit_group,same_scaffold,-0.954,1,0.0010471204188481676,1.0
label_distribution_by_audit_group,same_scaffold,-0.953,1,0.0010471204188481676,1.0
label_distribution_by_audit_group,same_scaffold,-0.9525,1,0.0010471204188481676,1.0
label_distribution_by_audit_group,same_scaffold,-0.94,1,0.0010471204188481676,1.0
label_distribution_by_audit_group,same_scaffold,-0.9376,1,0.0010471204188481676,1.0
label_distribution_by_audit_group,same_scaffold,-0.93,1,0.0010471204188481676,1.0
label_distribution_by_audit_group,same_scaffold,-0.92,2,0.0020942408376963353,2.0
label_distribution_by_audit_group,same_scaffold,-0.9139223167,1,0.0010471204188481676,1.0
label_distribution_by_audit_group,same_scaffold,-0.9089,1,0.0010471204188481676,1.0
label_distribution_by_audit_group,same_scaffold,-0.8997243446,1,0.0010471204188481676,1.0
label_distribution_by_audit_group,same_scaffold,-0.8926,1,0.0010471204188481676,1.0
label_distribution_by_audit_group,same_scaffold,-0.89,1,0.0010471204188481676,1.0
label_distribution_by_audit_group,same_scaffold,-0.8806,1,0.0010471204188481676,1.0
label_distribution_by_audit_group,same_scaffold,-0.8749,1,0.0010471204188481676,1.0
label_distribution_by_audit_group,same_scaffold,-0.8723707236,1,0.0010471204188481676,1.0
label_distribution_by_audit_group,same_scaffold,-0.8385771725,1,0.0010471204188481676,1.0
label_distribution_by_audit_group,same_scaffold,-0.8370000000000001,1,0.0010471204188481676,1.0
label_distribution_by_audit_group,same_scaffold,-0.8356,1,0.0010471204188481676,1.0
label_distribution_by_audit_group,same_scaffold,-0.8354591701,1,0.0010471204188481676,1.0
label_distribution_by_audit_group,same_scaffold,-0.8122490226000001,1,0.0010471204188481676,1.0
label_distribution_by_audit_group,same_scaffold,-0.8053203897,1,0.0010471204188481676,1.0
label_distribution_by_audit_group,same_scaffold,-0.8,1,0.0010471204188481676,1.0
label_distribution_by_audit_group,same_scaffold,-0.7824,1,0.0010471204188481676,1.0
label_distribution_by_audit_group,same_scaffold,-0.7794,1,0.0010471204188481676,1.0
label_distribution_by_audit_group,same_scaffold,-0.7787,1,0.0010471204188481676,1.0
label_distribution_by_audit_group,same_scaffold,-0.7616,1,0.0010471204188481676,1.0
label_distribution_by_audit_group,same_scaffold,-0.7480293677,1,0.0010471204188481676,1.0
label_distribution_by_audit_group,same_scaffold,-0.7165256146,1,0.0010471204188481676,1.0
label_distribution_by_audit_group,same_scaffold,-0.71,1,0.0010471204188481676,1.0
label_distribution_by_audit_group,same_scaffold,-0.7015479053,1,0.0010471204188481676,1.0
label_distribution_by_audit_group,same_scaffold,-0.7,1,0.0010471204188481676,1.0
label_distribution_by_audit_group,same_scaffold,-0.6229779303,1,0.0010471204188481676,1.0
label_distribution_by_audit_group,same_scaffold,-0.5893,1,0.0010471204188481676,1.0
label_distribution_by_audit_group,same_scaffold,-0.57344678,1,0.0010471204188481676,1.0
label_distribution_by_audit_group,same_scaffold,-0.5579,1,0.0010471204188481676,1.0
label_distribution_by_audit_group,same_scaffold,-0.5504,1,0.0010471204188481676,1.0
label_distribution_by_audit_group,same_scaffold,-0.52,1,0.0010471204188481676,1.0
label_distribution_by_audit_group,same_scaffold,-0.4919,1,0.0010471204188481676,1.0
label_distribution_by_audit_group,same_scaffold,-0.4888,1,0.0010471204188481676,1.0
label_distribution_by_audit_group,same_scaffold,-0.4874,1,0.0010471204188481676,1.0
label_distribution_by_audit_group,same_scaffold,-0.4658,1,0.0010471204188481676,1.0
label_distribution_by_audit_group,same_scaffold,-0.4572403676,1,0.0010471204188481676,1.0
label_distribution_by_audit_group,same_scaffold,-0.4537890803,1,0.0010471204188481676,1.0
label_distribution_by_audit_group,same_scaffold,-0.4396098786999999,1,0.0010471204188481676,1.0
label_distribution_by_audit_group,same_scaffold,-0.4313,1,0.0010471204188481676,1.0
label_distribution_by_audit_group,same_scaffold,-0.43,1,0.0010471204188481676,1.0
label_distribution_by_audit_group,same_scaffold,-0.4168,1,0.0010471204188481676,1.0
label_distribution_by_audit_group,same_scaffold,-0.4154,1,0.0010471204188481676,1.0
label_distribution_by_audit_group,same_scaffold,-0.3861,1,0.0010471204188481676,1.0
label_distribution_by_audit_group,same_scaffold,-0.35,1,0.0010471204188481676,1.0
label_distribution_by_audit_group,same_scaffold,-0.3328,1,0.0010471204188481676,1.0
label_distribution_by_audit_group,same_scaffold,-0.3188,1,0.0010471204188481676,1.0
label_distribution_by_audit_group,same_scaffold,-0.2836980196999999,1,0.0010471204188481676,1.0
label_distribution_by_audit_group,same_scaffold,-0.2678,1,0.0010471204188481676,1.0
label_distribution_by_audit_group,same_scaffold,-0.2225,1,0.0010471204188481676,1.0
label_distribution_by_audit_group,same_scaffold,-0.215,1,0.0010471204188481676,1.0
label_distribution_by_audit_group,same_scaffold,-0.2074175173999999,1,0.0010471204188481676,1.0
label_distribution_by_audit_group,same_scaffold,-0.2072,1,0.0010471204188481676,1.0
label_distribution_by_audit_group,same_scaffold,-0.2016662739,1,0.0010471204188481676,1.0
label_distribution_by_audit_group,same_scaffold,-0.165,1,0.0010471204188481676,1.0
label_distribution_by_audit_group,same_scaffold,-0.1551,1,0.0010471204188481676,1.0
label_distribution_by_audit_group,same_scaffold,-0.1499,1,0.0010471204188481676,1.0
label_distribution_by_audit_group,same_scaffold,-0.1473736792,1,0.0010471204188481676,1.0
label_distribution_by_audit_group,same_scaffold,-0.1395608978999999,1,0.0010471204188481676,1.0
label_distribution_by_audit_group,same_scaffold,-0.1176,1,0.0010471204188481676,1.0
label_distribution_by_audit_group,same_scaffold,-0.0969056512,1,0.0010471204188481676,1.0
label_distribution_by_audit_group,same_scaffold,-0.0651,1,0.0010471204188481676,1.0
label_distribution_by_audit_group,same_scaffold,-0.0601,1,0.0010471204188481676,1.0
label_distribution_by_audit_group,same_scaffold,-0.0529,1,0.0010471204188481676,1.0
label_distribution_by_audit_group,same_scaffold,0.01,1,0.0010471204188481676,1.0
label_distribution_by_audit_group,same_scaffold,0.0255,1,0.0010471204188481676,1.0
label_distribution_by_audit_group,same_scaffold,0.049756882,1,0.0010471204188481676,1.0
label_distribution_by_audit_group,same_scaffold,0.0571886956,1,0.0010471204188481676,1.0
label_distribution_by_audit_group,same_scaffold,0.06,1,0.0010471204188481676,1.0
label_distribution_by_audit_group,same_scaffold,0.1128,1,0.0010471204188481676,1.0
label_distribution_by_audit_group,same_scaffold,0.1187844902,1,0.0010471204188481676,1.0
label_distribution_by_audit_group,same_scaffold,0.1216,1,0.0010471204188481676,1.0
label_distribution_by_audit_group,same_scaffold,0.188,1,0.0010471204188481676,1.0
label_distribution_by_audit_group,same_scaffold,0.2683337666,1,0.0010471204188481676,1.0
label_distribution_by_audit_group,same_scaffold,0.2872,1,0.0010471204188481676,1.0
label_distribution_by_audit_group,same_scaffold,0.2893,1,0.0010471204188481676,1.0
label_distribution_by_audit_group,same_scaffold,0.2919,1,0.0010471204188481676,1.0
label_distribution_by_audit_group,same_scaffold,0.3819230911,1,0.0010471204188481676,1.0
label_distribution_by_audit_group,same_scaffold,0.3827,1,0.0010471204188481676,1.0
label_distribution_by_audit_group,same_scaffold,0.4442593444,1,0.0010471204188481676,1.0
label_distribution_by_audit_group,same_scaffold,0.5055163708,1,0.0010471204188481676,1.0
label_distribution_by_audit_group,same_scaffold,0.5402,1,0.0010471204188481676,1.0
label_distribution_by_audit_group,same_scaffold,0.5536775573,1,0.0010471204188481676,1.0
label_distribution_by_audit_group,same_scaffold,0.5746150304,1,0.0010471204188481676,1.0
label_distribution_by_audit_group,same_scaffold,0.6033,1,0.0010471204188481676,1.0
label_distribution_by_audit_group,same_scaffold,0.6043,1,0.0010471204188481676,1.0
label_distribution_by_audit_group,same_scaffold,0.6087,1,0.0010471204188481676,1.0
label_distribution_by_audit_group,same_scaffold,0.6335459397,1,0.0010471204188481676,1.0
label_distribution_by_audit_group,same_scaffold,0.6515307225,1,0.0010471204188481676,1.0
label_distribution_by_audit_group,same_scaffold,0.6585802853,1,0.0010471204188481676,1.0
label_distribution_by_audit_group,same_scaffold,0.6752,1,0.0010471204188481676,1.0
label_distribution_by_audit_group,same_scaffold,0.6835,1,0.0010471204188481676,1.0
label_distribution_by_audit_group,same_scaffold,0.7037,1,0.0010471204188481676,1.0
label_distribution_by_audit_group,same_scaffold,0.7051,1,0.0010471204188481676,1.0
label_distribution_by_audit_group,same_scaffold,0.7286,1,0.0010471204188481676,1.0
label_distribution_by_audit_group,same_scaffold,0.749634411,1,0.0010471204188481676,1.0
label_distribution_by_audit_group,same_scaffold,0.8402733738,1,0.0010471204188481676,1.0
label_distribution_by_audit_group,same_scaffold,0.8489070931,1,0.0010471204188481676,1.0
label_distribution_by_audit_group,same_scaffold,0.8776773261,1,0.0010471204188481676,1.0
label_distribution_by_audit_group,same_scaffold,0.9277942328,1,0.0010471204188481676,1.0
label_distribution_by_audit_group,same_scaffold,0.9386,1,0.0010471204188481676,1.0
label_distribution_by_audit_group,same_scaffold,0.9621,1,0.0010471204188481676,1.0
label_distribution_by_audit_group,same_scaffold,0.9683905422,1,0.0010471204188481676,1.0
label_distribution_by_audit_group,same_scaffold,0.995,1,0.0010471204188481676,1.0
label_distribution_by_audit_group,same_scaffold,1.0058274476,1,0.0010471204188481676,1.0
label_distribution_by_audit_group,same_scaffold,1.0218,1,0.0010471204188481676,1.0
label_distribution_by_audit_group,same_scaffold,1.0309,1,0.0010471204188481676,1.0
label_distribution_by_audit_group,same_scaffold,1.0549945152,1,0.0010471204188481676,1.0
label_distribution_by_audit_group,same_scaffold,1.1303,1,0.0010471204188481676,1.0
label_distribution_by_audit_group,same_scaffold,1.2878896498,1,0.0010471204188481676,1.0
