family,task_type,metric,model,scenario,fraction,n,mean_degradation,median_degradation,positive_rate
dti,classification,pr_auc,lgbm,cliffs,0.01,33,3.921905744389082e-05,0.0,0.2727272727272727
dti,classification,pr_auc,lgbm,cliffs,0.02,33,0.0003013090208684505,0.0,0.30303030303030304
dti,classification,pr_auc,lgbm,cliffs,0.05,33,-2.9623228696986097e-05,0.0,0.45454545454545453
dti,classification,pr_auc,lgbm,cliffs,0.1,33,-0.00433647284534033,0.0,0.2727272727272727
dti,classification,pr_auc,lgbm,cliffs,0.2,33,-0.0034465716448620048,-0.00012105951952801064,0.36363636363636365
dti,classification,pr_auc,lgbm,cliffs,0.5,33,-0.0014001103709190461,0.0005124811520000883,0.6363636363636364
dti,classification,pr_auc,lgbm,cliffs,1.0,33,-0.0006826422538473196,0.0012340104415957676,0.6666666666666666
dti,classification,pr_auc,lgbm,conflicts,0.01,33,-0.0009202458717966059,0.0018231388250816716,0.7272727272727273
dti,classification,pr_auc,lgbm,conflicts,0.02,33,0.0012794174427072243,0.0026584194305055986,0.7272727272727273
dti,classification,pr_auc,lgbm,conflicts,0.05,33,0.002510260284289975,0.0066707724332176754,0.8181818181818182
dti,classification,pr_auc,lgbm,conflicts,0.1,33,0.010688051034204147,0.010689724819553992,0.8787878787878788
dti,classification,pr_auc,lgbm,conflicts,0.2,33,0.02445295318906896,0.023272469167512022,0.9696969696969697
dti,classification,pr_auc,lgbm,conflicts,0.5,33,0.049586315953685865,0.050663389766669065,0.9393939393939394
dti,classification,pr_auc,lgbm,conflicts,1.0,33,0.38602396430721075,0.4098540471392352,1.0
dti,classification,pr_auc,lgbm,contamination,0.01,33,-0.03394654389386446,-0.00236291907215036,0.21212121212121213
dti,classification,pr_auc,lgbm,contamination,0.02,33,-0.04056461336955614,-0.004234203678177728,0.09090909090909091
dti,classification,pr_auc,lgbm,contamination,0.05,33,-0.05967818488985895,-0.00995478131658234,0.030303030303030304
dti,classification,pr_auc,lgbm,contamination,0.1,33,-0.07378925977185091,-0.020114184570833027,0.030303030303030304
dti,classification,pr_auc,lgbm,contamination,0.2,33,-0.09222397338068777,-0.04376526079534504,0.0
dti,classification,pr_auc,lgbm,contamination,0.5,33,-0.12699452754208912,-0.09100098339543261,0.0
dti,classification,pr_auc,lgbm,contamination,1.0,33,-0.1590372516940716,-0.1143547312223514,0.0
dti,classification,pr_auc,lgbm,random_label_noise,0.01,33,-0.0029640103526556087,0.0018264900552446006,0.696969696969697
dti,classification,pr_auc,lgbm,random_label_noise,0.02,33,0.004009285956822829,0.002835754694766379,0.8181818181818182
dti,classification,pr_auc,lgbm,random_label_noise,0.05,33,0.007367870310534496,0.006819650640118802,0.9090909090909091
dti,classification,pr_auc,lgbm,random_label_noise,0.1,33,0.012497176270179697,0.014178758923640289,0.9090909090909091
dti,classification,pr_auc,lgbm,random_label_noise,0.2,33,0.029273870836885395,0.02903653771024539,0.8787878787878788
dti,classification,pr_auc,lgbm,random_label_noise,0.5,33,0.11256618354086266,0.11715213735848995,0.9696969696969697
dti,classification,pr_auc,lgbm,random_label_noise,1.0,33,0.38083518420543166,0.4198654999487019,0.9696969696969697
dti,classification,pr_auc,rf,cliffs,0.01,33,0.0018816981101688023,0.0,0.2727272727272727
dti,classification,pr_auc,rf,cliffs,0.02,33,0.0031633411279885153,0.0,0.3939393939393939
dti,classification,pr_auc,rf,cliffs,0.05,33,0.002594357483302183,0.0,0.3939393939393939
dti,classification,pr_auc,rf,cliffs,0.1,33,0.001743164148108284,0.0,0.3939393939393939
dti,classification,pr_auc,rf,cliffs,0.2,33,3.063225562827289e-05,0.0,0.3939393939393939
dti,classification,pr_auc,rf,cliffs,0.5,33,0.0010659582009311453,0.000701230302892597,0.6363636363636364
dti,classification,pr_auc,rf,cliffs,1.0,33,-0.0030484635680553397,0.0009830635003508226,0.6363636363636364
dti,classification,pr_auc,rf,conflicts,0.01,33,0.0002528062856826503,0.0002577790318911699,0.6363636363636364
dti,classification,pr_auc,rf,conflicts,0.02,33,0.004141154091813387,0.002634740000330593,0.7878787878787878
dti,classification,pr_auc,rf,conflicts,0.05,33,0.003847126446585104,0.004305427756492786,0.7878787878787878
dti,classification,pr_auc,rf,conflicts,0.1,33,0.008341175844277132,0.008057074205365944,0.8787878787878788
dti,classification,pr_auc,rf,conflicts,0.2,33,0.017541484612470615,0.017534713960211834,0.9696969696969697
dti,classification,pr_auc,rf,conflicts,0.5,33,0.046506512616448316,0.04465660838369234,0.9393939393939394
dti,classification,pr_auc,rf,conflicts,1.0,33,0.389074332370605,0.4108187225071794,1.0
dti,classification,pr_auc,rf,contamination,0.01,33,-0.027198922612638832,-0.0017245727073154082,0.15151515151515152
dti,classification,pr_auc,rf,contamination,0.02,33,-0.03741275179353731,-0.0034650061638661356,0.06060606060606061
dti,classification,pr_auc,rf,contamination,0.05,33,-0.050412317151165724,-0.012019636943735312,0.0
dti,classification,pr_auc,rf,contamination,0.1,33,-0.06357142870145717,-0.019767570865776407,0.0
dti,classification,pr_auc,rf,contamination,0.2,33,-0.08275649425633173,-0.04677195966034553,0.0
dti,classification,pr_auc,rf,contamination,0.5,33,-0.11953704700928985,-0.10023179751442812,0.0
dti,classification,pr_auc,rf,contamination,1.0,33,-0.15461419229509618,-0.1325859853262129,0.0
dti,classification,pr_auc,rf,random_label_noise,0.01,33,0.0003121523197195807,0.0014096880475396034,0.6666666666666666
dti,classification,pr_auc,rf,random_label_noise,0.02,33,0.0023937560359974016,0.002796486799055309,0.7878787878787878
dti,classification,pr_auc,rf,random_label_noise,0.05,33,0.0035267586117812906,0.004596540530094395,0.8181818181818182
dti,classification,pr_auc,rf,random_label_noise,0.1,33,0.010548213345701352,0.010941088857814751,0.9393939393939394
dti,classification,pr_auc,rf,random_label_noise,0.2,33,0.020487468961883394,0.021403016257770524,0.9090909090909091
dti,classification,pr_auc,rf,random_label_noise,0.5,33,0.09983861321143717,0.10162757844727277,0.9393939393939394
dti,classification,pr_auc,rf,random_label_noise,1.0,33,0.39267813941204993,0.4156953706293855,1.0
dti,classification,pr_auc,torch_mlp,cliffs,0.01,33,-0.0015389470232522766,0.0,0.2727272727272727
dti,classification,pr_auc,torch_mlp,cliffs,0.02,33,-0.00023772904936463158,0.0,0.36363636363636365
dti,classification,pr_auc,torch_mlp,cliffs,0.05,33,-0.0005089549189576852,0.0,0.30303030303030304
dti,classification,pr_auc,torch_mlp,cliffs,0.1,33,-0.002764387781751804,-0.001049253194973232,0.15151515151515152
dti,classification,pr_auc,torch_mlp,cliffs,0.2,33,0.00036556948083108366,0.0,0.45454545454545453
dti,classification,pr_auc,torch_mlp,cliffs,0.5,33,0.004881486257707054,0.005879196771739537,0.6666666666666666
dti,classification,pr_auc,torch_mlp,cliffs,1.0,33,0.008117556698570854,0.008535005550511121,0.7272727272727273
dti,classification,pr_auc,torch_mlp,conflicts,0.01,33,0.013811992613336885,0.016932680421410717,0.7575757575757576
dti,classification,pr_auc,torch_mlp,conflicts,0.02,33,0.017606826285358826,0.020124488976264066,0.8484848484848485
dti,classification,pr_auc,torch_mlp,conflicts,0.05,33,0.022669610338606577,0.02799818355712358,0.8181818181818182
dti,classification,pr_auc,torch_mlp,conflicts,0.1,33,0.03543141160822367,0.03864409827539683,0.9393939393939394
dti,classification,pr_auc,torch_mlp,conflicts,0.2,33,0.04892643887556103,0.050645584728014836,1.0
dti,classification,pr_auc,torch_mlp,conflicts,0.5,33,0.12448611594505855,0.11222387512980525,1.0
dti,classification,pr_auc,torch_mlp,conflicts,1.0,33,0.32239074949843743,0.3648745467810701,0.9393939393939394
dti,classification,pr_auc,torch_mlp,contamination,0.01,33,-0.017728380685883175,-0.006083000045004283,0.3333333333333333
dti,classification,pr_auc,torch_mlp,contamination,0.02,33,-0.02716926072728903,-0.005026690514205123,0.36363636363636365
dti,classification,pr_auc,torch_mlp,contamination,0.05,33,-0.04911314156405459,-0.019477345352316267,0.09090909090909091
dti,classification,pr_auc,torch_mlp,contamination,0.1,33,-0.07150611128066377,-0.030392338904355554,0.0
dti,classification,pr_auc,torch_mlp,contamination,0.2,33,-0.10420517420564242,-0.05877591425742135,0.0
dti,classification,pr_auc,torch_mlp,contamination,0.5,33,-0.16288410545376364,-0.10640625392628023,0.0
dti,classification,pr_auc,torch_mlp,contamination,1.0,33,-0.2194471126310014,-0.138744665275361,0.0
dti,classification,pr_auc,torch_mlp,random_label_noise,0.01,33,0.007652523708719698,0.005356396513065076,0.7272727272727273
dti,classification,pr_auc,torch_mlp,random_label_noise,0.02,33,0.005728430586911817,0.004596835248917186,0.7272727272727273
dti,classification,pr_auc,torch_mlp,random_label_noise,0.05,33,0.02119930002822857,0.014160193549376365,0.8787878787878788
dti,classification,pr_auc,torch_mlp,random_label_noise,0.1,33,0.04143290618305492,0.045657241152199934,0.9696969696969697
dti,classification,pr_auc,torch_mlp,random_label_noise,0.2,33,0.06936118868538153,0.07168288951250235,0.9696969696969697
dti,classification,pr_auc,torch_mlp,random_label_noise,0.5,33,0.1764293990812404,0.1979915755142697,0.9393939393939394
dti,classification,pr_auc,torch_mlp,random_label_noise,1.0,33,0.3310057237393489,0.35882292821687506,0.9090909090909091
dti,classification,roc_auc,lgbm,cliffs,0.01,33,1.8232309667364323e-05,0.0,0.2727272727272727
dti,classification,roc_auc,lgbm,cliffs,0.02,33,-0.00018867537233554802,0.0,0.3333333333333333
dti,classification,roc_auc,lgbm,cliffs,0.05,33,-0.0009712652974648934,0.0,0.30303030303030304
dti,classification,roc_auc,lgbm,cliffs,0.1,33,-0.003939137664966667,0.0,0.3333333333333333
dti,classification,roc_auc,lgbm,cliffs,0.2,33,-0.0024916094369296597,0.0,0.3939393939393939
dti,classification,roc_auc,lgbm,cliffs,0.5,33,-0.0023821066850122203,0.0006873033793264316,0.6060606060606061
dti,classification,roc_auc,lgbm,cliffs,1.0,33,-3.6497530581927535e-05,0.0009861895543366028,0.6666666666666666
dti,classification,roc_auc,lgbm,conflicts,0.01,33,-0.0008653001500177674,0.0009448039396335872,0.6060606060606061
dti,classification,roc_auc,lgbm,conflicts,0.02,33,0.0016463865595997568,0.0019389935187347218,0.7575757575757576
dti,classification,roc_auc,lgbm,conflicts,0.05,33,0.00017598200487067503,0.004039569830697198,0.7272727272727273
dti,classification,roc_auc,lgbm,conflicts,0.1,33,0.006719877597161891,0.008899621178117934,0.8484848484848485
dti,classification,roc_auc,lgbm,conflicts,0.2,33,0.02047258288974172,0.01686336171866709,0.9393939393939394
dti,classification,roc_auc,lgbm,conflicts,0.5,33,0.039187420143524214,0.041187214611872136,0.9393939393939394
dti,classification,roc_auc,lgbm,conflicts,1.0,33,0.3467560711016572,0.38043183269476377,1.0
dti,classification,roc_auc,lgbm,contamination,0.01,33,-0.032097679404102,-0.002479152580572408,0.24242424242424243
dti,classification,roc_auc,lgbm,contamination,0.02,33,-0.038169910200846056,-0.003412859396632273,0.12121212121212122
dti,classification,roc_auc,lgbm,contamination,0.05,33,-0.05410772178408171,-0.01095495669532165,0.0
dti,classification,roc_auc,lgbm,contamination,0.1,33,-0.06791795162766266,-0.020788822683061037,0.0
dti,classification,roc_auc,lgbm,contamination,0.2,33,-0.08711343805630631,-0.04951174406580883,0.0
dti,classification,roc_auc,lgbm,contamination,0.5,33,-0.12029931233968172,-0.09509691396037079,0.0
dti,classification,roc_auc,lgbm,contamination,1.0,33,-0.1505385451362892,-0.11956816730523623,0.0
dti,classification,roc_auc,lgbm,random_label_noise,0.01,33,-0.002930371997608449,0.0008815284527999845,0.6060606060606061
dti,classification,roc_auc,lgbm,random_label_noise,0.02,33,0.0017927241318697355,0.0021744368502399913,0.8181818181818182
dti,classification,roc_auc,lgbm,random_label_noise,0.05,33,0.005619747293270551,0.00562700964630225,0.8484848484848485
dti,classification,roc_auc,lgbm,random_label_noise,0.1,33,0.010670156206238585,0.012657301726660575,0.9090909090909091
dti,classification,roc_auc,lgbm,random_label_noise,0.2,33,0.02320147085072426,0.023076152121140225,0.8787878787878788
dti,classification,roc_auc,lgbm,random_label_noise,0.5,33,0.09186929178630121,0.09024712023922765,1.0
dti,classification,roc_auc,lgbm,random_label_noise,1.0,33,0.34753900269416516,0.3848200031928481,0.9696969696969697
dti,classification,roc_auc,rf,cliffs,0.01,33,0.0015112427010288295,0.0,0.24242424242424243
dti,classification,roc_auc,rf,cliffs,0.02,33,0.003331342368576987,0.0,0.42424242424242425
dti,classification,roc_auc,rf,cliffs,0.05,33,0.002660534986685012,0.0,0.48484848484848486
dti,classification,roc_auc,rf,cliffs,0.1,33,0.00233679153644403,0.0,0.30303030303030304
dti,classification,roc_auc,rf,cliffs,0.2,33,4.7777740940376084e-05,-5.131707938599295e-05,0.36363636363636365
dti,classification,roc_auc,rf,cliffs,0.5,33,4.623231964308263e-05,0.0007046618659497517,0.7272727272727273
dti,classification,roc_auc,rf,cliffs,1.0,33,-0.004978961092966798,0.0005965083825482109,0.5757575757575758
dti,classification,roc_auc,rf,conflicts,0.01,33,-0.0008909405168145036,0.0004362735417152708,0.6060606060606061
dti,classification,roc_auc,rf,conflicts,0.02,33,0.004010563737155316,0.00151878289210583,0.7878787878787878
dti,classification,roc_auc,rf,conflicts,0.05,33,0.0018532054285999896,0.003839891049374211,0.7878787878787878
dti,classification,roc_auc,rf,conflicts,0.1,33,0.007050878079555915,0.005971588026382424,0.8484848484848485
dti,classification,roc_auc,rf,conflicts,0.2,33,0.01386974840700442,0.014226796548593823,0.9696969696969697
dti,classification,roc_auc,rf,conflicts,0.5,33,0.03579182295394327,0.036298852505808,0.9393939393939394
dti,classification,roc_auc,rf,conflicts,1.0,33,0.343328014616346,0.3419504506718399,1.0
dti,classification,roc_auc,rf,contamination,0.01,33,-0.02516074271208797,-0.003065262711565042,0.12121212121212122
dti,classification,roc_auc,rf,contamination,0.02,33,-0.03342448268313473,-0.006101392249774573,0.0
dti,classification,roc_auc,rf,contamination,0.05,33,-0.04505009342113448,-0.014236180376669516,0.030303030303030304
dti,classification,roc_auc,rf,contamination,0.1,33,-0.059036771467073944,-0.022357867213172566,0.0
dti,classification,roc_auc,rf,contamination,0.2,33,-0.07907531049472302,-0.05123795027904632,0.0
dti,classification,roc_auc,rf,contamination,0.5,33,-0.11505141589752507,-0.10561732838765214,0.0
dti,classification,roc_auc,rf,contamination,1.0,33,-0.14815644013963408,-0.1382104086845466,0.0
dti,classification,roc_auc,rf,random_label_noise,0.01,33,-0.0023208704031641015,0.0007703881745227958,0.6363636363636364
dti,classification,roc_auc,rf,random_label_noise,0.02,33,0.0014500090770774147,0.0020598680872652153,0.7272727272727273
dti,classification,roc_auc,rf,random_label_noise,0.05,33,0.0025308387011134634,0.003926539698243969,0.8484848484848485
dti,classification,roc_auc,rf,random_label_noise,0.1,33,0.006840808815629896,0.009201388274460043,0.9090909090909091
dti,classification,roc_auc,rf,random_label_noise,0.2,33,0.01597530811139933,0.01965564911398765,0.9090909090909091
dti,classification,roc_auc,rf,random_label_noise,0.5,33,0.0799011326915661,0.08614804471158077,0.9393939393939394
dti,classification,roc_auc,rf,random_label_noise,1.0,33,0.367319231852845,0.3812365287445675,1.0
dti,classification,roc_auc,torch_mlp,cliffs,0.01,33,-0.0025760561856878034,0.0,0.15151515151515152
dti,classification,roc_auc,torch_mlp,cliffs,0.02,33,-0.0007228180692584547,0.0,0.3333333333333333
dti,classification,roc_auc,torch_mlp,cliffs,0.05,33,-0.0016262202666791836,0.0,0.3333333333333333
dti,classification,roc_auc,torch_mlp,cliffs,0.1,33,-0.0028289926595600596,0.0,0.24242424242424243
dti,classification,roc_auc,torch_mlp,cliffs,0.2,33,-0.0012959186522621402,0.0,0.42424242424242425
dti,classification,roc_auc,torch_mlp,cliffs,0.5,33,0.0018766095367356952,0.0026613558122102754,0.6060606060606061
dti,classification,roc_auc,torch_mlp,cliffs,1.0,33,0.0059254084664317865,0.007912732994432403,0.696969696969697
dti,classification,roc_auc,torch_mlp,conflicts,0.01,33,0.008297386735206604,0.008720982423382706,0.8181818181818182
dti,classification,roc_auc,torch_mlp,conflicts,0.02,33,0.010786218044687742,0.012703100594265604,0.8181818181818182
dti,classification,roc_auc,torch_mlp,conflicts,0.05,33,0.01575691905565319,0.018057470898828365,0.8787878787878788
dti,classification,roc_auc,torch_mlp,conflicts,0.1,33,0.025270903962636624,0.0254921348054733,0.9393939393939394
dti,classification,roc_auc,torch_mlp,conflicts,0.2,33,0.04119600974820527,0.03905513283256923,1.0
dti,classification,roc_auc,torch_mlp,conflicts,0.5,33,0.09988458489839934,0.09921376117496794,1.0
dti,classification,roc_auc,torch_mlp,conflicts,1.0,33,0.299707378610939,0.36182950191570873,0.9393939393939394
dti,classification,roc_auc,torch_mlp,contamination,0.01,33,-0.020246573133101985,-0.00548733827979675,0.30303030303030304
dti,classification,roc_auc,torch_mlp,contamination,0.02,33,-0.0290735454153206,-0.006497120243101007,0.2727272727272727
dti,classification,roc_auc,torch_mlp,contamination,0.05,33,-0.050533105853349476,-0.02042330659694025,0.09090909090909091
dti,classification,roc_auc,torch_mlp,contamination,0.1,33,-0.06872222011820808,-0.03194643997445712,0.0
dti,classification,roc_auc,torch_mlp,contamination,0.2,33,-0.09766756950200299,-0.06430595466155797,0.0
dti,classification,roc_auc,torch_mlp,contamination,0.5,33,-0.14945666168251306,-0.11089378280047668,0.0
dti,classification,roc_auc,torch_mlp,contamination,1.0,33,-0.19553948194141083,-0.1427806754885862,0.0
dti,classification,roc_auc,torch_mlp,random_label_noise,0.01,33,0.0031809626200193855,0.001955997066230508,0.6666666666666666
dti,classification,roc_auc,torch_mlp,random_label_noise,0.02,33,0.002834828621472967,0.006435332753791045,0.6363636363636364
dti,classification,roc_auc,torch_mlp,random_label_noise,0.05,33,0.014662138884660458,0.012165092648639964,0.8787878787878788
dti,classification,roc_auc,torch_mlp,random_label_noise,0.1,33,0.03143896590813917,0.03308258995509028,0.9696969696969697
dti,classification,roc_auc,torch_mlp,random_label_noise,0.2,33,0.05295786910520217,0.060409221159728244,0.9393939393939394
dti,classification,roc_auc,torch_mlp,random_label_noise,0.5,33,0.1481000059913106,0.16297110349731703,0.9696969696969697
dti,classification,roc_auc,torch_mlp,random_label_noise,1.0,33,0.3115215871346115,0.3734263820470718,0.9696969696969697
dti,regression,mae,lgbm,cliffs,0.01,6,0.0005059469735549197,0.0,0.16666666666666666
dti,regression,mae,lgbm,cliffs,0.02,6,-0.004144582079200321,0.0,0.16666666666666666
dti,regression,mae,lgbm,cliffs,0.05,6,-0.0187138049886925,-0.02118885913793167,0.0
dti,regression,mae,lgbm,cliffs,0.1,6,-0.007563534013740473,-0.006005332074373038,0.0
dti,regression,mae,lgbm,cliffs,0.2,6,-0.00019128455438414496,0.0026554051596235917,0.6666666666666666
dti,regression,mae,lgbm,cliffs,0.5,6,-0.010122144337598579,-0.0064292531483072235,0.3333333333333333
dti,regression,mae,lgbm,cliffs,1.0,6,0.0021862457998954588,0.0037436397707998337,0.5
dti,regression,mae,lgbm,conflicts,0.01,6,0.006016087918927937,0.006540561837140246,0.6666666666666666
dti,regression,mae,lgbm,conflicts,0.02,6,0.003102093953190943,-0.006142494756741779,0.3333333333333333
dti,regression,mae,lgbm,conflicts,0.05,6,0.02080031299846104,0.020888160794886645,0.6666666666666666
dti,regression,mae,lgbm,conflicts,0.1,6,0.03551093837913003,0.03859352567495289,0.6666666666666666
dti,regression,mae,lgbm,conflicts,0.2,6,0.1061229220612473,0.08278384223755186,0.8333333333333334
dti,regression,mae,lgbm,conflicts,0.5,6,0.23555449521045876,0.23428511692371556,1.0
dti,regression,mae,lgbm,conflicts,1.0,6,0.3400055431339782,0.3121553362203725,1.0
dti,regression,mae,lgbm,contamination,0.01,6,-0.016819528003658935,-0.013909912299539973,0.0
dti,regression,mae,lgbm,contamination,0.02,6,-0.031326909547138536,-0.028224605650903012,0.0
dti,regression,mae,lgbm,contamination,0.05,6,-0.05699905019251369,-0.056436470615387924,0.0
dti,regression,mae,lgbm,contamination,0.1,6,-0.09991872039091403,-0.10031381948607077,0.0
dti,regression,mae,lgbm,contamination,0.2,6,-0.1787483979652713,-0.1690633497065877,0.0
dti,regression,mae,lgbm,contamination,0.5,6,-0.3536786119257184,-0.35901302282698727,0.0
dti,regression,mae,lgbm,contamination,1.0,6,-0.6442060978307333,-0.6442060978307333,0.0
dti,regression,mae,lgbm,random_label_noise,0.01,6,-0.013446968687601424,-0.015290005537724749,0.3333333333333333
dti,regression,mae,lgbm,random_label_noise,0.02,6,0.008601490237987508,0.01024335549596489,0.6666666666666666
dti,regression,mae,lgbm,random_label_noise,0.05,6,0.005267560089024441,0.006517583465560861,0.6666666666666666
dti,regression,mae,lgbm,random_label_noise,0.1,6,0.01794733471266367,0.0040365499622956325,0.5
dti,regression,mae,lgbm,random_label_noise,0.2,6,0.05932508465165931,0.06351214746826794,0.6666666666666666
dti,regression,mae,lgbm,random_label_noise,0.5,6,0.24589329721774633,0.2383157196206892,1.0
dti,regression,mae,lgbm,random_label_noise,1.0,6,0.6090006277198775,0.5946372205149875,1.0
dti,regression,mae,rf,cliffs,0.01,6,-6.0875560667768745e-05,0.0,0.16666666666666666
dti,regression,mae,rf,cliffs,0.02,6,0.0006339498885301239,0.0,0.16666666666666666
dti,regression,mae,rf,cliffs,0.05,6,0.00023111618749031373,-0.00046890242939667814,0.3333333333333333
dti,regression,mae,rf,cliffs,0.1,6,-0.001699546753965664,-0.003732552053373195,0.3333333333333333
dti,regression,mae,rf,cliffs,0.2,6,0.00033510799470034175,0.0007449828062802144,0.6666666666666666
dti,regression,mae,rf,cliffs,0.5,6,0.0029515132985409678,0.00204064752177735,0.5
dti,regression,mae,rf,cliffs,1.0,6,0.006506726693190967,0.008010118639018127,0.8333333333333334
dti,regression,mae,rf,conflicts,0.01,6,0.0030322322134426574,0.004404742821972341,0.6666666666666666
dti,regression,mae,rf,conflicts,0.02,6,0.009329170235082137,0.012182033412483695,0.6666666666666666
dti,regression,mae,rf,conflicts,0.05,6,0.017476848891302892,0.024568761662485672,0.8333333333333334
dti,regression,mae,rf,conflicts,0.1,6,0.022984317845818447,0.014355211764870313,0.8333333333333334
dti,regression,mae,rf,conflicts,0.2,6,0.09181735190189107,0.0695144060316284,1.0
dti,regression,mae,rf,conflicts,0.5,6,0.2625408602218227,0.2503176955506837,1.0
dti,regression,mae,rf,conflicts,1.0,6,0.43727978811874735,0.41241752883149063,1.0
dti,regression,mae,rf,contamination,0.01,6,-0.018935908313679046,-0.02003258926823992,0.0
dti,regression,mae,rf,contamination,0.02,6,-0.03512702811719626,-0.025094793923876035,0.0
dti,regression,mae,rf,contamination,0.05,6,-0.06504357631604567,-0.060115851045539515,0.0
dti,regression,mae,rf,contamination,0.1,6,-0.12109513391143172,-0.11864355020461503,0.0
dti,regression,mae,rf,contamination,0.2,6,-0.22263495519920432,-0.22688511122471466,0.0
dti,regression,mae,rf,contamination,0.5,6,-0.4670779651653402,-0.4521175558025688,0.0
dti,regression,mae,rf,contamination,1.0,6,-0.8369772780827036,-0.8340938680963704,0.0
dti,regression,mae,rf,random_label_noise,0.01,6,0.005569328139568748,0.009540567317630089,0.6666666666666666
dti,regression,mae,rf,random_label_noise,0.02,6,0.011819732335611066,0.012680913932466065,0.6666666666666666
dti,regression,mae,rf,random_label_noise,0.05,6,0.012612650838562112,0.010033938790935837,0.8333333333333334
dti,regression,mae,rf,random_label_noise,0.1,6,0.022089383720213074,0.006552768933926756,0.6666666666666666
dti,regression,mae,rf,random_label_noise,0.2,6,0.06285351599457327,0.07157480804238281,0.8333333333333334
dti,regression,mae,rf,random_label_noise,0.5,6,0.2027471840607575,0.19746776402804123,1.0
dti,regression,mae,rf,random_label_noise,1.0,6,0.5274554254493232,0.5278471273832661,1.0
dti,regression,mae,torch_mlp,cliffs,0.01,6,0.007920266865988864,0.0,0.16666666666666666
dti,regression,mae,torch_mlp,cliffs,0.02,6,-0.033625361900867144,0.0,0.0
dti,regression,mae,torch_mlp,cliffs,0.05,6,-0.0016731640289684064,0.0013359054177998209,0.5
dti,regression,mae,torch_mlp,cliffs,0.1,6,-0.03197127792413845,-0.026677051935758755,0.3333333333333333
dti,regression,mae,torch_mlp,cliffs,0.2,6,0.004168938998768172,0.033686020506752734,0.6666666666666666
dti,regression,mae,torch_mlp,cliffs,0.5,6,0.038749836461715,0.05642146200252984,0.6666666666666666
dti,regression,mae,torch_mlp,cliffs,1.0,6,0.07275524510638076,0.05099259144249779,0.8333333333333334
dti,regression,mae,torch_mlp,conflicts,0.01,6,-0.01630425711089878,0.009728900053434741,0.5
dti,regression,mae,torch_mlp,conflicts,0.02,6,-0.0013219608921642607,0.042416424248229,0.6666666666666666
dti,regression,mae,torch_mlp,conflicts,0.05,6,0.11778455924898823,0.11011316117322845,1.0
dti,regression,mae,torch_mlp,conflicts,0.1,6,0.14988344801081607,0.14762085874047548,1.0
dti,regression,mae,torch_mlp,conflicts,0.2,6,0.24464400699444014,0.256927534766377,1.0
dti,regression,mae,torch_mlp,conflicts,0.5,6,0.6891926749814844,0.6650020756189519,1.0
dti,regression,mae,torch_mlp,conflicts,1.0,6,1.0692224310901022,0.9894932017475969,1.0
dti,regression,mae,torch_mlp,contamination,0.01,6,-0.040355934853400166,-0.026731222950750144,0.3333333333333333
dti,regression,mae,torch_mlp,contamination,0.02,6,-0.10372215611581193,-0.054200649799572176,0.0
dti,regression,mae,torch_mlp,contamination,0.05,6,-0.11042671199291638,-0.07661586673929066,0.0
dti,regression,mae,torch_mlp,contamination,0.1,6,-0.2527005955041574,-0.25858196582615,0.0
dti,regression,mae,torch_mlp,contamination,0.2,6,-0.38530450395490345,-0.3276267702539747,0.0
dti,regression,mae,torch_mlp,contamination,0.5,6,-0.7821127008293706,-0.7464398978818552,0.0
dti,regression,mae,torch_mlp,contamination,1.0,6,-1.3769385569864772,-1.388760581799298,0.0
dti,regression,mae,torch_mlp,random_label_noise,0.01,6,0.002994140105501216,0.02653639820014897,0.6666666666666666
dti,regression,mae,torch_mlp,random_label_noise,0.02,6,0.00801109679063002,0.009621815714305648,0.5
dti,regression,mae,torch_mlp,random_label_noise,0.05,6,0.05923442336763748,0.07823931870696665,0.6666666666666666
dti,regression,mae,torch_mlp,random_label_noise,0.1,6,0.08957928776605872,0.10061536798046689,0.8333333333333334
dti,regression,mae,torch_mlp,random_label_noise,0.2,6,0.19822197408816314,0.24903184008030665,0.6666666666666666
dti,regression,mae,torch_mlp,random_label_noise,0.5,6,0.48005639615253576,0.5439250961827022,1.0
dti,regression,mae,torch_mlp,random_label_noise,1.0,6,0.8479178749112117,0.8648744534199578,1.0
dti,regression,rmse,lgbm,cliffs,0.01,6,0.0006726030769547142,0.0,0.16666666666666666
dti,regression,rmse,lgbm,cliffs,0.02,6,-0.005659992163814557,0.0,0.0
dti,regression,rmse,lgbm,cliffs,0.05,6,-0.021320951769934277,-0.0221682046302204,0.0
dti,regression,rmse,lgbm,cliffs,0.1,6,-0.01207040508509564,-0.012874421850250783,0.16666666666666666
dti,regression,rmse,lgbm,cliffs,0.2,6,-0.004194663755174892,-0.006229734422914968,0.3333333333333333
dti,regression,rmse,lgbm,cliffs,0.5,6,-0.016314197480534826,-0.014469561727298852,0.3333333333333333
dti,regression,rmse,lgbm,cliffs,1.0,6,0.0006753469817157113,-0.0032095153064780613,0.5
dti,regression,rmse,lgbm,conflicts,0.01,6,0.010177398116201442,0.010773118228938339,0.8333333333333334
dti,regression,rmse,lgbm,conflicts,0.02,6,-0.00273558772533955,-0.007742315334437699,0.3333333333333333
dti,regression,rmse,lgbm,conflicts,0.05,6,0.027830343095365584,0.016691264879318823,0.6666666666666666
dti,regression,rmse,lgbm,conflicts,0.1,6,0.040995528278666295,0.03569153427303684,1.0
dti,regression,rmse,lgbm,conflicts,0.2,6,0.12396525198574533,0.10867878195639336,0.8333333333333334
dti,regression,rmse,lgbm,conflicts,0.5,6,0.3057882580583998,0.2954551201381713,1.0
dti,regression,rmse,lgbm,conflicts,1.0,6,0.40695480237651344,0.35202657137176074,1.0
dti,regression,rmse,lgbm,contamination,0.01,6,-0.019738244080707457,-0.010112510352991988,0.0
dti,regression,rmse,lgbm,contamination,0.02,6,-0.030491942482961942,-0.022600131809647594,0.0
dti,regression,rmse,lgbm,contamination,0.05,6,-0.05618289861257068,-0.06041260609765442,0.0
dti,regression,rmse,lgbm,contamination,0.1,6,-0.09990480673065645,-0.09767833609660026,0.0
dti,regression,rmse,lgbm,contamination,0.2,6,-0.18216104138039058,-0.1755423474670288,0.0
dti,regression,rmse,lgbm,contamination,0.5,6,-0.360444935420459,-0.36127919676604814,0.0
dti,regression,rmse,lgbm,contamination,1.0,6,-0.7860563135740967,-0.7860563135740966,0.0
dti,regression,rmse,lgbm,random_label_noise,0.01,6,-0.01133931644909103,-0.018725532172226722,0.3333333333333333
dti,regression,rmse,lgbm,random_label_noise,0.02,6,0.005716320673338937,0.012518791930860473,0.6666666666666666
dti,regression,rmse,lgbm,random_label_noise,0.05,6,0.0037552436442735613,0.001718587168421437,0.5
dti,regression,rmse,lgbm,random_label_noise,0.1,6,0.02345361897015356,0.0068023381260740035,0.5
dti,regression,rmse,lgbm,random_label_noise,0.2,6,0.07640154897604534,0.08943357371229765,0.6666666666666666
dti,regression,rmse,lgbm,random_label_noise,0.5,6,0.2723801247300639,0.24863707518429812,1.0
dti,regression,rmse,lgbm,random_label_noise,1.0,6,0.690056483336089,0.6704219900091,1.0
dti,regression,rmse,rf,cliffs,0.01,6,-0.0002196572227820548,0.0,0.0
dti,regression,rmse,rf,cliffs,0.02,6,0.00015434610966654402,0.0,0.16666666666666666
dti,regression,rmse,rf,cliffs,0.05,6,-0.0021621358012551273,-0.00278597702491179,0.16666666666666666
dti,regression,rmse,rf,cliffs,0.1,6,-0.003701151026675009,-0.003912757714342074,0.16666666666666666
dti,regression,rmse,rf,cliffs,0.2,6,-0.003967069370728327,-0.0025614084294645068,0.3333333333333333
dti,regression,rmse,rf,cliffs,0.5,6,0.002444736020444408,0.002729630502703806,0.5
dti,regression,rmse,rf,cliffs,1.0,6,0.005760355602170179,0.006886346438746083,0.8333333333333334
dti,regression,rmse,rf,conflicts,0.01,6,0.0019599878615876123,-0.00187684043515568,0.3333333333333333
dti,regression,rmse,rf,conflicts,0.02,6,0.01178883635781188,0.014096586754897333,0.6666666666666666
dti,regression,rmse,rf,conflicts,0.05,6,0.027037324552164937,0.026172012544711798,0.8333333333333334
dti,regression,rmse,rf,conflicts,0.1,6,0.02578887683990283,0.02761570983449979,0.8333333333333334
dti,regression,rmse,rf,conflicts,0.2,6,0.09334478364130556,0.08256400737507708,0.8333333333333334
dti,regression,rmse,rf,conflicts,0.5,6,0.29918126604308176,0.3035874562129587,1.0
dti,regression,rmse,rf,conflicts,1.0,6,0.485298978390303,0.46132777668418434,1.0
dti,regression,rmse,rf,contamination,0.01,6,-0.020580320710138007,-0.019900902293892186,0.0
dti,regression,rmse,rf,contamination,0.02,6,-0.03468008445733058,-0.020487045911613544,0.0
dti,regression,rmse,rf,contamination,0.05,6,-0.061062692775653384,-0.06600247942385251,0.0
dti,regression,rmse,rf,contamination,0.1,6,-0.11440197139450566,-0.11344598074303036,0.0
dti,regression,rmse,rf,contamination,0.2,6,-0.21000420708520895,-0.21081220952029422,0.0
dti,regression,rmse,rf,contamination,0.5,6,-0.46755694344658055,-0.46654653126481643,0.0
dti,regression,rmse,rf,contamination,1.0,6,-1.038888810406845,-1.0346846556998133,0.0
dti,regression,rmse,rf,random_label_noise,0.01,6,0.005639448961136033,0.006710272301447051,0.6666666666666666
dti,regression,rmse,rf,random_label_noise,0.02,6,0.013489458631670023,0.01351632791162849,0.6666666666666666
dti,regression,rmse,rf,random_label_noise,0.05,6,0.010203775582722193,0.008732035515448322,0.8333333333333334
dti,regression,rmse,rf,random_label_noise,0.1,6,0.022951059957080983,0.009929147668220617,0.6666666666666666
dti,regression,rmse,rf,random_label_noise,0.2,6,0.07030975083446152,0.08050557936564606,0.8333333333333334
dti,regression,rmse,rf,random_label_noise,0.5,6,0.2225752117610027,0.226015444274137,1.0
dti,regression,rmse,rf,random_label_noise,1.0,6,0.5840104964587088,0.5786867759164308,1.0
dti,regression,rmse,torch_mlp,cliffs,0.01,6,0.006765675429229678,0.0,0.16666666666666666
dti,regression,rmse,torch_mlp,cliffs,0.02,6,-0.03366640417175496,0.0,0.0
dti,regression,rmse,torch_mlp,cliffs,0.05,6,-0.012744028540441654,-0.009665797342666593,0.3333333333333333
dti,regression,rmse,torch_mlp,cliffs,0.1,6,-0.028920820602298614,-0.03652056357872724,0.3333333333333333
dti,regression,rmse,torch_mlp,cliffs,0.2,6,0.010377945515370338,0.03189749345776316,0.6666666666666666
dti,regression,rmse,torch_mlp,cliffs,0.5,6,0.04758065943615697,0.06935948271166614,0.6666666666666666
dti,regression,rmse,torch_mlp,cliffs,1.0,6,0.10494982459561182,0.06992035411668807,0.6666666666666666
dti,regression,rmse,torch_mlp,conflicts,0.01,6,-0.026931659200882214,-0.008160088545444588,0.5
dti,regression,rmse,torch_mlp,conflicts,0.02,6,0.012387737679773228,0.05307977581793344,0.8333333333333334
dti,regression,rmse,torch_mlp,conflicts,0.05,6,0.1383177224050086,0.14838689634579982,1.0
dti,regression,rmse,torch_mlp,conflicts,0.1,6,0.20501096787326648,0.19483045569184387,1.0
dti,regression,rmse,torch_mlp,conflicts,0.2,6,0.33320066390203523,0.3604148734849624,1.0
dti,regression,rmse,torch_mlp,conflicts,0.5,6,0.8765874759949597,0.870407254498136,1.0
dti,regression,rmse,torch_mlp,conflicts,1.0,6,1.3453457593892695,1.2370071466781374,1.0
dti,regression,rmse,torch_mlp,contamination,0.01,6,-0.0316177729220903,-0.023809448060168714,0.3333333333333333
dti,regression,rmse,torch_mlp,contamination,0.02,6,-0.11896419523856465,-0.07716817642349205,0.16666666666666666
dti,regression,rmse,torch_mlp,contamination,0.05,6,-0.10715098927930396,-0.06814675967750361,0.0
dti,regression,rmse,torch_mlp,contamination,0.1,6,-0.22468894484668675,-0.21238861351052152,0.0
dti,regression,rmse,torch_mlp,contamination,0.2,6,-0.327731752251099,-0.25132578480396983,0.0
dti,regression,rmse,torch_mlp,contamination,0.5,6,-0.6737127800688256,-0.6476745214343499,0.0
dti,regression,rmse,torch_mlp,contamination,1.0,6,-1.7008789037132288,-1.7143532542600681,0.0
dti,regression,rmse,torch_mlp,random_label_noise,0.01,6,-0.0006068223481372851,0.037926871032997855,0.6666666666666666
dti,regression,rmse,torch_mlp,random_label_noise,0.02,6,0.02391135733600221,0.040058095342625166,0.6666666666666666
dti,regression,rmse,torch_mlp,random_label_noise,0.05,6,0.08207235644664694,0.07919650884579477,0.8333333333333334
dti,regression,rmse,torch_mlp,random_label_noise,0.1,6,0.1113259790433702,0.11124506290261438,1.0
dti,regression,rmse,torch_mlp,random_label_noise,0.2,6,0.29577546776312785,0.35272790774897445,0.8333333333333334
dti,regression,rmse,torch_mlp,random_label_noise,0.5,6,0.5900282519646031,0.6314548895872724,1.0
dti,regression,rmse,torch_mlp,random_label_noise,1.0,6,1.0706325962153327,1.1320735910955682,1.0
moleculenet,classification,pr_auc,lgbm,cliffs,0.01,9,0.0015777065727430812,0.0,0.4444444444444444
moleculenet,classification,pr_auc,lgbm,cliffs,0.02,9,-0.001553464980315142,0.0005430770023071574,0.5555555555555556
moleculenet,classification,pr_auc,lgbm,cliffs,0.05,9,-0.002578701097722612,-0.0011582699619374637,0.4444444444444444
moleculenet,classification,pr_auc,lgbm,cliffs,0.1,9,0.009741160967996702,0.00686572305162414,0.8888888888888888
moleculenet,classification,pr_auc,lgbm,cliffs,0.2,9,0.006460736908200908,0.004213820929834355,0.6666666666666666
moleculenet,classification,pr_auc,lgbm,cliffs,0.5,9,0.029926536710260892,0.009999791647147482,0.7777777777777778
moleculenet,classification,pr_auc,lgbm,cliffs,1.0,9,0.0574489724703083,0.029836865629049802,1.0
moleculenet,classification,pr_auc,lgbm,conflicts,0.01,9,0.006888414959492162,0.004715052048734902,0.7777777777777778
moleculenet,classification,pr_auc,lgbm,conflicts,0.02,9,0.015228268949696212,0.01569273742288324,0.7777777777777778
moleculenet,classification,pr_auc,lgbm,conflicts,0.05,9,0.014708429323335461,0.00654272253122079,0.6666666666666666
moleculenet,classification,pr_auc,lgbm,conflicts,0.1,9,0.02358535512427277,0.022069499049628405,0.7777777777777778
moleculenet,classification,pr_auc,lgbm,conflicts,0.2,9,0.02319849163045773,0.03436565735557895,0.7777777777777778
moleculenet,classification,pr_auc,lgbm,conflicts,0.5,9,0.08416955404832252,0.1036664197174223,1.0
moleculenet,classification,pr_auc,lgbm,conflicts,1.0,9,0.3372463194658675,0.3852699811307718,1.0
moleculenet,classification,pr_auc,lgbm,contamination,0.01,9,0.0001565816564654142,-0.00032044728684882395,0.4444444444444444
moleculenet,classification,pr_auc,lgbm,contamination,0.02,9,-0.0010097633722164396,-0.0011577226440726562,0.3333333333333333
moleculenet,classification,pr_auc,lgbm,contamination,0.05,9,-0.018381325487998052,-0.009629123990978039,0.0
moleculenet,classification,pr_auc,lgbm,contamination,0.1,9,-0.018235517437074564,-0.008321670996062847,0.1111111111111111
moleculenet,classification,pr_auc,lgbm,contamination,0.2,9,-0.062319291988253415,-0.06203635537240615,0.0
moleculenet,classification,pr_auc,lgbm,contamination,0.5,9,-0.143476324771305,-0.11349982647243384,0.0
moleculenet,classification,pr_auc,lgbm,contamination,1.0,9,-0.2665092541235816,-0.20564087935240227,0.0
moleculenet,classification,pr_auc,lgbm,random_label_noise,0.01,9,0.008014679852845616,-0.00018278055304582486,0.4444444444444444
moleculenet,classification,pr_auc,lgbm,random_label_noise,0.02,9,0.010012180334853757,0.012542720512715544,0.7777777777777778
moleculenet,classification,pr_auc,lgbm,random_label_noise,0.05,9,0.012099310041188175,0.01407597294613161,0.8888888888888888
moleculenet,classification,pr_auc,lgbm,random_label_noise,0.1,9,0.018540289880393315,0.0083826668143544,0.8888888888888888
moleculenet,classification,pr_auc,lgbm,random_label_noise,0.2,9,0.03476424281061584,0.03907835869892812,0.7777777777777778
moleculenet,classification,pr_auc,lgbm,random_label_noise,0.5,9,0.12351983881805152,0.12363183229068181,1.0
moleculenet,classification,pr_auc,lgbm,random_label_noise,1.0,9,0.32648193713529744,0.3806175484262306,1.0
moleculenet,classification,pr_auc,rf,cliffs,0.01,9,0.002673046731956224,0.0008933203261720646,0.6666666666666666
moleculenet,classification,pr_auc,rf,cliffs,0.02,9,0.00024653928849349693,0.00013410035062449976,0.5555555555555556
moleculenet,classification,pr_auc,rf,cliffs,0.05,9,0.0036590118853315943,0.0009692277372558289,0.6666666666666666
moleculenet,classification,pr_auc,rf,cliffs,0.1,9,0.00961358056953351,0.0016780797416143245,0.6666666666666666
moleculenet,classification,pr_auc,rf,cliffs,0.2,9,0.005064362670376521,0.004428252700564017,0.6666666666666666
moleculenet,classification,pr_auc,rf,cliffs,0.5,9,0.0287946340972188,0.00904665671169258,0.5555555555555556
moleculenet,classification,pr_auc,rf,cliffs,1.0,9,0.0628493236849384,0.0454336961606599,1.0
moleculenet,classification,pr_auc,rf,conflicts,0.01,9,0.002234538619612215,0.0009595360870445768,0.6666666666666666
moleculenet,classification,pr_auc,rf,conflicts,0.02,9,0.009431186001826445,0.004579672713835858,0.6666666666666666
moleculenet,classification,pr_auc,rf,conflicts,0.05,9,0.017578975637340566,0.011165201295936122,0.7777777777777778
moleculenet,classification,pr_auc,rf,conflicts,0.1,9,0.03094922073769144,0.016012382279610438,0.8888888888888888
moleculenet,classification,pr_auc,rf,conflicts,0.2,9,0.04143673233787878,0.020113801515004304,0.8888888888888888
moleculenet,classification,pr_auc,rf,conflicts,0.5,9,0.07959110344376431,0.08330524772864345,1.0
moleculenet,classification,pr_auc,rf,conflicts,1.0,9,0.33188907678547835,0.3693495763547746,1.0
moleculenet,classification,pr_auc,rf,contamination,0.01,9,-0.007041533292344433,-0.00669889168071669,0.2222222222222222
moleculenet,classification,pr_auc,rf,contamination,0.02,9,-0.004375523904884469,-0.005483672263709383,0.2222222222222222
moleculenet,classification,pr_auc,rf,contamination,0.05,9,-0.0221144212004981,-0.018215259530770855,0.1111111111111111
moleculenet,classification,pr_auc,rf,contamination,0.1,9,-0.027987893894477606,-0.011198033459430268,0.2222222222222222
moleculenet,classification,pr_auc,rf,contamination,0.2,9,-0.07691182601925146,-0.0663289331534811,0.0
moleculenet,classification,pr_auc,rf,contamination,0.5,9,-0.17035246959641995,-0.14532097055733506,0.0
moleculenet,classification,pr_auc,rf,contamination,1.0,9,-0.28976498229590186,-0.2362282257424364,0.0
moleculenet,classification,pr_auc,rf,random_label_noise,0.01,9,0.00546413541764942,0.00230296901642868,0.5555555555555556
moleculenet,classification,pr_auc,rf,random_label_noise,0.02,9,0.0019187291981603788,0.003682520597042549,0.6666666666666666
moleculenet,classification,pr_auc,rf,random_label_noise,0.05,9,0.006379598305243255,0.005375902941721744,0.6666666666666666
moleculenet,classification,pr_auc,rf,random_label_noise,0.1,9,0.014617072930286733,0.01369783695771487,0.7777777777777778
moleculenet,classification,pr_auc,rf,random_label_noise,0.2,9,0.02561862835929407,0.03155796550035761,0.8888888888888888
moleculenet,classification,pr_auc,rf,random_label_noise,0.5,9,0.1023551521453448,0.1356604399258452,1.0
moleculenet,classification,pr_auc,rf,random_label_noise,1.0,9,0.32051457683617157,0.372079344835542,1.0
moleculenet,classification,pr_auc,torch_mlp,cliffs,0.01,9,-0.0040256479158448195,2.7421420870532565e-05,0.5555555555555556
moleculenet,classification,pr_auc,torch_mlp,cliffs,0.02,9,-0.005020332285983343,4.319630680393871e-05,0.5555555555555556
moleculenet,classification,pr_auc,torch_mlp,cliffs,0.05,9,0.007162412282703824,0.007175622463243547,0.5555555555555556
moleculenet,classification,pr_auc,torch_mlp,cliffs,0.1,9,0.011814661742286507,0.013210797475163294,0.5555555555555556
moleculenet,classification,pr_auc,torch_mlp,cliffs,0.2,9,0.01437476969435479,0.009654465045737526,0.6666666666666666
moleculenet,classification,pr_auc,torch_mlp,cliffs,0.5,9,0.05552650362609622,0.022600473480130834,0.6666666666666666
moleculenet,classification,pr_auc,torch_mlp,cliffs,1.0,9,0.07573540799622787,0.036460241006836286,0.8888888888888888
moleculenet,classification,pr_auc,torch_mlp,conflicts,0.01,9,0.0025250116479184227,0.006960722174387923,0.6666666666666666
moleculenet,classification,pr_auc,torch_mlp,conflicts,0.02,9,0.023734001022699618,0.027699428817586802,1.0
moleculenet,classification,pr_auc,torch_mlp,conflicts,0.05,9,0.02609185410058321,0.02357501180871238,0.8888888888888888
moleculenet,classification,pr_auc,torch_mlp,conflicts,0.1,9,0.043543724726133465,0.029341181080825396,1.0
moleculenet,classification,pr_auc,torch_mlp,conflicts,0.2,9,0.046782465551269255,0.050040055002269684,1.0
moleculenet,classification,pr_auc,torch_mlp,conflicts,0.5,9,0.10672124669944455,0.11345396144088238,1.0
moleculenet,classification,pr_auc,torch_mlp,conflicts,1.0,9,0.251800793369974,0.2312626891255925,1.0
moleculenet,classification,pr_auc,torch_mlp,contamination,0.01,9,-0.012160623753005834,-0.004899419936666538,0.3333333333333333
moleculenet,classification,pr_auc,torch_mlp,contamination,0.02,9,-0.003979319009064536,0.0019428293274406094,0.5555555555555556
moleculenet,classification,pr_auc,torch_mlp,contamination,0.05,9,-0.02957959285847098,-0.01731081785917421,0.2222222222222222
moleculenet,classification,pr_auc,torch_mlp,contamination,0.1,9,-0.04241374283771079,-0.016214194193940212,0.1111111111111111
moleculenet,classification,pr_auc,torch_mlp,contamination,0.2,9,-0.08547334440740212,-0.059556122596325145,0.0
moleculenet,classification,pr_auc,torch_mlp,contamination,0.5,9,-0.20444780969367937,-0.15278893430513762,0.0
moleculenet,classification,pr_auc,torch_mlp,contamination,1.0,9,-0.3670274547129395,-0.25789706383889455,0.0
moleculenet,classification,pr_auc,torch_mlp,random_label_noise,0.01,9,0.0041472343804986106,0.002331998987191053,0.6666666666666666
moleculenet,classification,pr_auc,torch_mlp,random_label_noise,0.02,9,0.009037932953272135,0.010196611236625075,0.6666666666666666
moleculenet,classification,pr_auc,torch_mlp,random_label_noise,0.05,9,0.015485920167358145,0.011899216506410792,0.8888888888888888
moleculenet,classification,pr_auc,torch_mlp,random_label_noise,0.1,9,0.025935073967880792,0.007197996545761698,0.6666666666666666
moleculenet,classification,pr_auc,torch_mlp,random_label_noise,0.2,9,0.05922465312640421,0.05132185890493213,1.0
moleculenet,classification,pr_auc,torch_mlp,random_label_noise,0.5,9,0.13774675273032125,0.147076722342114,1.0
moleculenet,classification,pr_auc,torch_mlp,random_label_noise,1.0,9,0.26230464482321814,0.24415601351895827,1.0
moleculenet,classification,roc_auc,lgbm,cliffs,0.01,9,-0.0006224926410943619,0.0,0.3333333333333333
moleculenet,classification,roc_auc,lgbm,cliffs,0.02,9,9.114845320234988e-05,0.0004965243296922717,0.5555555555555556
moleculenet,classification,roc_auc,lgbm,cliffs,0.05,9,-0.0015076339297813465,-0.0018619662363456024,0.4444444444444444
moleculenet,classification,roc_auc,lgbm,cliffs,0.1,9,0.005988700310887385,0.005503144654087966,0.8888888888888888
moleculenet,classification,roc_auc,lgbm,cliffs,0.2,9,0.010467761504018958,0.0077319587628866815,0.8888888888888888
moleculenet,classification,roc_auc,lgbm,cliffs,0.5,9,0.022322669477836517,0.012889382167961538,0.7777777777777778
moleculenet,classification,roc_auc,lgbm,cliffs,1.0,9,0.04923592271699041,0.02693118756936741,1.0
moleculenet,classification,roc_auc,lgbm,conflicts,0.01,9,0.003301204010270268,0.0042073621901590474,0.5555555555555556
moleculenet,classification,roc_auc,lgbm,conflicts,0.02,9,0.00966022206654946,0.009912767644726483,0.8888888888888888
moleculenet,classification,roc_auc,lgbm,conflicts,0.05,9,0.013355168513142482,0.005958291956305817,0.5555555555555556
moleculenet,classification,roc_auc,lgbm,conflicts,0.1,9,0.024466272375397606,0.022272475027746985,1.0
moleculenet,classification,roc_auc,lgbm,conflicts,0.2,9,0.021653062168197908,0.031179245283018853,0.7777777777777778
moleculenet,classification,roc_auc,lgbm,conflicts,0.5,9,0.0787314405417445,0.09298176050753382,1.0
moleculenet,classification,roc_auc,lgbm,conflicts,1.0,9,0.3387426952956708,0.34694637537239326,1.0
moleculenet,classification,roc_auc,lgbm,contamination,0.01,9,-0.006840057311222429,-0.006688864224935309,0.1111111111111111
moleculenet,classification,roc_auc,lgbm,contamination,0.02,9,-0.004303927194425936,-0.003509988901220895,0.1111111111111111
moleculenet,classification,roc_auc,lgbm,contamination,0.05,9,-0.011102567017547823,-0.009806355511420062,0.0
moleculenet,classification,roc_auc,lgbm,contamination,0.1,9,-0.017300778666274726,-0.015019860973187638,0.1111111111111111
moleculenet,classification,roc_auc,lgbm,contamination,0.2,9,-0.039044949998017726,-0.03667724028548758,0.0
moleculenet,classification,roc_auc,lgbm,contamination,0.5,9,-0.09133792985606515,-0.09692563817980016,0.0
moleculenet,classification,roc_auc,lgbm,contamination,1.0,9,-0.16022111035237463,-0.15305362462760674,0.0
moleculenet,classification,roc_auc,lgbm,random_label_noise,0.01,9,0.0050385701760794245,0.003464668886422495,0.6666666666666666
moleculenet,classification,roc_auc,lgbm,random_label_noise,0.02,9,0.0064784504645773395,0.00766925638179794,0.7777777777777778
moleculenet,classification,roc_auc,lgbm,random_label_noise,0.05,9,0.010164482675579962,0.009010358860525258,0.8888888888888888
moleculenet,classification,roc_auc,lgbm,random_label_noise,0.1,9,0.008085728961418435,0.0031465038845727156,0.8888888888888888
moleculenet,classification,roc_auc,lgbm,random_label_noise,0.2,9,0.016120515605274548,0.008494265630780595,0.7777777777777778
moleculenet,classification,roc_auc,lgbm,random_label_noise,0.5,9,0.11032471013973903,0.1036875495638383,1.0
moleculenet,classification,roc_auc,lgbm,random_label_noise,1.0,9,0.36270312484266454,0.3440538290788014,1.0
moleculenet,classification,roc_auc,rf,cliffs,0.01,9,0.0015252660556185596,0.0003965107057890549,0.5555555555555556
moleculenet,classification,roc_auc,rf,cliffs,0.02,9,-0.002513471724305124,-0.002234359483614612,0.3333333333333333
moleculenet,classification,roc_auc,rf,cliffs,0.05,9,0.00046409338130342585,0.001090404440920123,0.5555555555555556
moleculenet,classification,roc_auc,rf,cliffs,0.1,9,-0.0004084748482017724,0.0010432852386237368,0.5555555555555556
moleculenet,classification,roc_auc,rf,cliffs,0.2,9,0.003136145453831649,0.006495560488346319,0.6666666666666666
moleculenet,classification,roc_auc,rf,cliffs,0.5,9,0.01685622450760725,0.00756474287828357,0.7777777777777778
moleculenet,classification,roc_auc,rf,cliffs,1.0,9,0.04566449478159841,0.023772660007399304,1.0
moleculenet,classification,roc_auc,rf,conflicts,0.01,9,0.0014150488862932785,-9.912767644726372e-05,0.3333333333333333
moleculenet,classification,roc_auc,rf,conflicts,0.02,9,0.009384280814311592,0.006827209533266987,0.7777777777777778
moleculenet,classification,roc_auc,rf,conflicts,0.05,9,0.006791895710570249,-0.0006938937351308461,0.4444444444444444
moleculenet,classification,roc_auc,rf,conflicts,0.1,9,0.016356659454406747,0.006542426645519517,0.8888888888888888
moleculenet,classification,roc_auc,rf,conflicts,0.2,9,0.02625602508394466,0.01992466296590001,0.8888888888888888
moleculenet,classification,roc_auc,rf,conflicts,0.5,9,0.05311205191653639,0.05055511498810472,1.0
moleculenet,classification,roc_auc,rf,conflicts,1.0,9,0.3640408122824026,0.36016633565044687,1.0
moleculenet,classification,roc_auc,rf,contamination,0.01,9,-0.004699092654092827,-0.006740681998413933,0.2222222222222222
moleculenet,classification,roc_auc,rf,contamination,0.02,9,-0.003756980032788509,-0.005452022204599505,0.2222222222222222
moleculenet,classification,roc_auc,rf,contamination,0.05,9,-0.011486409571174552,-0.008761561228264658,0.0
moleculenet,classification,roc_auc,rf,contamination,0.1,9,-0.013052752551630223,-0.011719385867554277,0.1111111111111111
moleculenet,classification,roc_auc,rf,contamination,0.2,9,-0.03627924654526339,-0.036082474226803996,0.0
moleculenet,classification,roc_auc,rf,contamination,0.5,9,-0.0922207836803213,-0.08019429024583646,0.0
moleculenet,classification,roc_auc,rf,contamination,1.0,9,-0.1427376532110691,-0.12708168120539243,0.0
moleculenet,classification,roc_auc,rf,random_label_noise,0.01,9,0.005799151717599853,0.0059476605868358234,0.6666666666666666
moleculenet,classification,roc_auc,rf,random_label_noise,0.02,9,0.003639425545716218,-0.0005540140584533448,0.4444444444444444
moleculenet,classification,roc_auc,rf,random_label_noise,0.05,9,0.007469981612423355,0.007307621161672162,0.8888888888888888
moleculenet,classification,roc_auc,rf,random_label_noise,0.1,9,0.004088944094117136,0.0034756703078452356,0.6666666666666666
moleculenet,classification,roc_auc,rf,random_label_noise,0.2,9,0.014625396799587779,0.015950844091360605,0.8888888888888888
moleculenet,classification,roc_auc,rf,random_label_noise,0.5,9,0.08332487131054533,0.09010705789056306,1.0
moleculenet,classification,roc_auc,rf,random_label_noise,1.0,9,0.3386144224700138,0.3327441731409548,1.0
moleculenet,classification,roc_auc,torch_mlp,cliffs,0.01,9,-0.0011531161940500695,0.0006853496115426516,0.5555555555555556
moleculenet,classification,roc_auc,torch_mlp,cliffs,0.02,9,0.004603226679740187,0.0009912767644727483,0.5555555555555556
moleculenet,classification,roc_auc,torch_mlp,cliffs,0.05,9,0.005539776498949187,0.010923535253227423,0.7777777777777778
moleculenet,classification,roc_auc,torch_mlp,cliffs,0.1,9,0.011164687178245715,0.01272343594836145,0.7777777777777778
moleculenet,classification,roc_auc,torch_mlp,cliffs,0.2,9,0.014230275086123142,0.010861469712015848,0.7777777777777778
moleculenet,classification,roc_auc,torch_mlp,cliffs,0.5,9,0.04508472493310137,0.02985352532274077,0.7777777777777778
moleculenet,classification,roc_auc,torch_mlp,cliffs,1.0,9,0.08067826864594099,0.07087884806355516,0.8888888888888888
moleculenet,classification,roc_auc,torch_mlp,conflicts,0.01,9,0.010521375419618038,0.004468718967229335,0.6666666666666666
moleculenet,classification,roc_auc,torch_mlp,conflicts,0.02,9,0.02750464899587056,0.02557100297914594,0.8888888888888888
moleculenet,classification,roc_auc,torch_mlp,conflicts,0.05,9,0.03817048386360655,0.03905630452022213,1.0
moleculenet,classification,roc_auc,torch_mlp,conflicts,0.1,9,0.054589965686969805,0.05325223435948356,1.0
moleculenet,classification,roc_auc,torch_mlp,conflicts,0.2,9,0.0668400864353243,0.07229374768775443,1.0
moleculenet,classification,roc_auc,torch_mlp,conflicts,0.5,9,0.12489411893332332,0.1301970033296338,1.0
moleculenet,classification,roc_auc,torch_mlp,conflicts,1.0,9,0.29427403532726615,0.3066658391261171,1.0
moleculenet,classification,roc_auc,torch_mlp,contamination,0.01,9,-0.006924942190974133,-0.002294672586015567,0.4444444444444444
moleculenet,classification,roc_auc,torch_mlp,contamination,0.02,9,-0.00021232870650949524,0.004344587884806295,0.6666666666666666
moleculenet,classification,roc_auc,torch_mlp,contamination,0.05,9,-0.010793151474926913,-0.010705789056304593,0.2222222222222222
moleculenet,classification,roc_auc,torch_mlp,contamination,0.1,9,-0.0186261140082601,-0.021293932667406534,0.1111111111111111
moleculenet,classification,roc_auc,torch_mlp,contamination,0.2,9,-0.04411740888457843,-0.04262490087232351,0.0
moleculenet,classification,roc_auc,torch_mlp,contamination,0.5,9,-0.11427227632588169,-0.10863854975952647,0.0
moleculenet,classification,roc_auc,torch_mlp,contamination,1.0,9,-0.2038175378076693,-0.17682472691161866,0.0
moleculenet,classification,roc_auc,torch_mlp,random_label_noise,0.01,9,0.001252355121134838,0.005154639175257714,0.6666666666666666
moleculenet,classification,roc_auc,torch_mlp,random_label_noise,0.02,9,0.004517113397703961,0.009119746233148374,0.6666666666666666
moleculenet,classification,roc_auc,torch_mlp,random_label_noise,0.05,9,0.0115345058206023,0.015463917525773252,0.8888888888888888
moleculenet,classification,roc_auc,torch_mlp,random_label_noise,0.1,9,0.01934481672990254,0.014875138734739335,1.0
moleculenet,classification,roc_auc,torch_mlp,random_label_noise,0.2,9,0.05660302144532606,0.0590800951625694,1.0
moleculenet,classification,roc_auc,torch_mlp,random_label_noise,0.5,9,0.13871745705249725,0.1378475670307845,1.0
moleculenet,classification,roc_auc,torch_mlp,random_label_noise,1.0,9,0.3453610288983613,0.34536256011838706,1.0
moleculenet,regression,mae,lgbm,cliffs,0.01,9,0.029793482036567027,0.00827792685893769,0.7777777777777778
moleculenet,regression,mae,lgbm,cliffs,0.02,9,0.022226008266177807,0.016875841131175018,0.8888888888888888
moleculenet,regression,mae,lgbm,cliffs,0.05,9,0.14024105269520223,0.12799010463736005,1.0
moleculenet,regression,mae,lgbm,cliffs,0.1,9,0.1622901815834069,0.025538761003351063,0.8888888888888888
moleculenet,regression,mae,lgbm,cliffs,0.2,9,0.2604470980339147,0.3269138716036256,1.0
moleculenet,regression,mae,lgbm,cliffs,0.5,9,0.7971557602637831,0.4993702700463686,1.0
moleculenet,regression,mae,lgbm,cliffs,1.0,9,1.3175737480167689,1.0687029423594407,1.0
moleculenet,regression,mae,lgbm,conflicts,0.01,9,0.015290910845207764,0.008140451516303493,0.8888888888888888
moleculenet,regression,mae,lgbm,conflicts,0.02,9,0.0066414948669347475,0.009815462196606006,0.7777777777777778
moleculenet,regression,mae,lgbm,conflicts,0.05,9,0.08974153486878282,0.07985905394801762,1.0
moleculenet,regression,mae,lgbm,conflicts,0.1,9,0.2010902912685187,0.19557613685007758,1.0
moleculenet,regression,mae,lgbm,conflicts,0.2,9,0.28902716325921535,0.35350869210037417,1.0
moleculenet,regression,mae,lgbm,conflicts,0.5,9,0.5859679155843476,0.6080128186127208,1.0
moleculenet,regression,mae,lgbm,conflicts,1.0,9,0.9679328138771672,0.7691721068571596,1.0
moleculenet,regression,mae,lgbm,contamination,0.01,9,-0.00757809818837063,-0.0015525247401166897,0.4444444444444444
moleculenet,regression,mae,lgbm,contamination,0.02,9,-0.017557377034229476,-0.011015000931029029,0.0
moleculenet,regression,mae,lgbm,contamination,0.05,9,-0.02765768993708997,-0.020681067509749962,0.0
moleculenet,regression,mae,lgbm,contamination,0.1,9,-0.0414120840145818,-0.029486848824689216,0.0
moleculenet,regression,mae,lgbm,contamination,0.2,9,-0.09712874246036295,-0.06320399087023976,0.0
moleculenet,regression,mae,lgbm,contamination,0.5,9,-0.22248134183792262,-0.19575463924831826,0.0
moleculenet,regression,mae,lgbm,contamination,1.0,9,-0.4172792744372107,-0.35951387728007844,0.0
moleculenet,regression,mae,lgbm,random_label_noise,0.01,9,-0.009167203005148148,0.00442755533333361,0.6666666666666666
moleculenet,regression,mae,lgbm,random_label_noise,0.02,9,0.010002924083148389,0.011854059234191361,0.8888888888888888
moleculenet,regression,mae,lgbm,random_label_noise,0.05,9,0.035833948789043585,0.02820108072274985,1.0
moleculenet,regression,mae,lgbm,random_label_noise,0.1,9,0.10037507550689616,0.06791478929291139,1.0
moleculenet,regression,mae,lgbm,random_label_noise,0.2,9,0.21676048191910322,0.22009569769873116,1.0
moleculenet,regression,mae,lgbm,random_label_noise,0.5,9,0.5353035518487453,0.45947149714033075,1.0
moleculenet,regression,mae,lgbm,random_label_noise,1.0,9,1.1479780645003257,1.0774930947638972,1.0
moleculenet,regression,mae,rf,cliffs,0.01,9,0.0275873584191944,0.01225997500238074,0.6666666666666666
moleculenet,regression,mae,rf,cliffs,0.02,9,0.02185634565319245,0.008592879155180144,0.6666666666666666
moleculenet,regression,mae,rf,cliffs,0.05,9,0.06686874674259985,0.02251074995376523,0.5555555555555556
moleculenet,regression,mae,rf,cliffs,0.1,9,0.209981149227662,0.1018593242550726,0.8888888888888888
moleculenet,regression,mae,rf,cliffs,0.2,9,0.22451325951942447,0.09506131786232619,1.0
moleculenet,regression,mae,rf,cliffs,0.5,9,0.7407921683463425,0.44327817223361465,1.0
moleculenet,regression,mae,rf,cliffs,1.0,9,1.2893030514688797,0.9111424753283109,1.0
moleculenet,regression,mae,rf,conflicts,0.01,9,0.010845306706522593,0.010885817781414953,0.6666666666666666
moleculenet,regression,mae,rf,conflicts,0.02,9,0.006944190221594833,0.010499078439107468,0.6666666666666666
moleculenet,regression,mae,rf,conflicts,0.05,9,0.0679157736937572,0.034644890999085964,1.0
moleculenet,regression,mae,rf,conflicts,0.1,9,0.1358933702465325,0.09108220327351724,1.0
moleculenet,regression,mae,rf,conflicts,0.2,9,0.2542636449058312,0.18615207762020336,1.0
moleculenet,regression,mae,rf,conflicts,0.5,9,0.6453728410341281,0.5018733443466996,1.0
moleculenet,regression,mae,rf,conflicts,1.0,9,0.8744017306296159,0.7665322961281139,1.0
moleculenet,regression,mae,rf,contamination,0.01,9,-0.010044374813912479,-0.005374606103552559,0.1111111111111111
moleculenet,regression,mae,rf,contamination,0.02,9,-0.011117892866293463,-0.011686700854701249,0.0
moleculenet,regression,mae,rf,contamination,0.05,9,-0.03543207017968412,-0.04024235205535276,0.0
moleculenet,regression,mae,rf,contamination,0.1,9,-0.06156483789536192,-0.055153634432021925,0.0
moleculenet,regression,mae,rf,contamination,0.2,9,-0.10925692513286828,-0.10613455003174554,0.0
moleculenet,regression,mae,rf,contamination,0.5,9,-0.26958976254654277,-0.23833676953617583,0.0
moleculenet,regression,mae,rf,contamination,1.0,9,-0.5200819880642965,-0.47520192987134213,0.0
moleculenet,regression,mae,rf,random_label_noise,0.01,9,0.006289825648710513,0.0017169744583018787,0.5555555555555556
moleculenet,regression,mae,rf,random_label_noise,0.02,9,0.011685153843855108,0.0059576745086925564,0.6666666666666666
moleculenet,regression,mae,rf,random_label_noise,0.05,9,0.04245425930184859,0.02714117393893578,1.0
moleculenet,regression,mae,rf,random_label_noise,0.1,9,0.06449254297670354,0.03816674812467047,1.0
moleculenet,regression,mae,rf,random_label_noise,0.2,9,0.15937606061565365,0.14010895484882202,1.0
moleculenet,regression,mae,rf,random_label_noise,0.5,9,0.4743105686182438,0.4391026813978386,1.0
moleculenet,regression,mae,rf,random_label_noise,1.0,9,1.1212541349116976,1.0039234318986883,1.0
moleculenet,regression,mae,torch_mlp,cliffs,0.01,9,0.08208711628865141,0.004823552473048998,0.6666666666666666
moleculenet,regression,mae,torch_mlp,cliffs,0.02,9,0.10860416754849717,0.08677149758032998,0.8888888888888888
moleculenet,regression,mae,torch_mlp,cliffs,0.05,9,0.3081985815687173,0.1915849674217469,0.8888888888888888
moleculenet,regression,mae,torch_mlp,cliffs,0.1,9,0.5316304138599991,0.28157445994520613,1.0
moleculenet,regression,mae,torch_mlp,cliffs,0.2,9,0.987089753398324,0.459155629483472,1.0
moleculenet,regression,mae,torch_mlp,cliffs,0.5,9,1.6225433669587048,0.9866269903837053,1.0
moleculenet,regression,mae,torch_mlp,cliffs,1.0,9,2.772207072524118,1.7059276405546515,1.0
moleculenet,regression,mae,torch_mlp,conflicts,0.01,9,0.02539625293669365,0.02235560075796783,0.6666666666666666
moleculenet,regression,mae,torch_mlp,conflicts,0.02,9,0.06440176405200708,0.05151079559326166,0.7777777777777778
moleculenet,regression,mae,torch_mlp,conflicts,0.05,9,0.11963446138269518,0.11322588200867179,1.0
moleculenet,regression,mae,torch_mlp,conflicts,0.1,9,0.28898338912041033,0.2557564109199866,1.0
moleculenet,regression,mae,torch_mlp,conflicts,0.2,9,0.5757930408482115,0.5512901107795471,1.0
moleculenet,regression,mae,torch_mlp,conflicts,0.5,9,1.077362210024234,0.990107334681317,1.0
moleculenet,regression,mae,torch_mlp,conflicts,1.0,9,1.4525799661862058,1.1696083072107453,1.0
moleculenet,regression,mae,torch_mlp,contamination,0.01,9,-0.02044839209222989,-0.010501400834747598,0.1111111111111111
moleculenet,regression,mae,torch_mlp,contamination,0.02,9,-0.037016000439832566,-0.03647476577887754,0.0
moleculenet,regression,mae,torch_mlp,contamination,0.05,9,-0.07492584031571686,-0.08428591033372168,0.0
moleculenet,regression,mae,torch_mlp,contamination,0.1,9,-0.09129944788824518,-0.08750737152848609,0.0
moleculenet,regression,mae,torch_mlp,contamination,0.2,9,-0.20678666536551807,-0.24771405121446732,0.0
moleculenet,regression,mae,torch_mlp,contamination,0.5,9,-0.4681883095279065,-0.5106495970018143,0.0
moleculenet,regression,mae,torch_mlp,contamination,1.0,9,-0.8962886788547492,-0.9577956031592548,0.0
moleculenet,regression,mae,torch_mlp,random_label_noise,0.01,9,0.02030727967788691,0.01640005405832612,0.8888888888888888
moleculenet,regression,mae,torch_mlp,random_label_noise,0.02,9,0.04761399266026631,0.03761144014980111,1.0
moleculenet,regression,mae,torch_mlp,random_label_noise,0.05,9,0.10232729357397394,0.07013232979852524,1.0
moleculenet,regression,mae,torch_mlp,random_label_noise,0.1,9,0.26338135451061434,0.11060819623691875,1.0
moleculenet,regression,mae,torch_mlp,random_label_noise,0.2,9,0.401187770060633,0.33580771496390893,1.0
moleculenet,regression,mae,torch_mlp,random_label_noise,0.5,9,0.9319418874896539,0.6181780996939776,1.0
moleculenet,regression,mae,torch_mlp,random_label_noise,1.0,9,1.5344264221942374,1.244244475435367,1.0
moleculenet,regression,rmse,lgbm,cliffs,0.01,9,0.02659459253556033,0.01015606639414579,0.6666666666666666
moleculenet,regression,rmse,lgbm,cliffs,0.02,9,0.005328955606457519,0.005925493427224704,0.7777777777777778
moleculenet,regression,rmse,lgbm,cliffs,0.05,9,0.12083904661565034,0.12172512678072467,0.8888888888888888
moleculenet,regression,rmse,lgbm,cliffs,0.1,9,0.17606303671337076,0.03985677718407277,0.7777777777777778
moleculenet,regression,rmse,lgbm,cliffs,0.2,9,0.24196177070155483,0.23834595815054294,1.0
moleculenet,regression,rmse,lgbm,cliffs,0.5,9,0.8956518682227408,0.6619437428969781,1.0
moleculenet,regression,rmse,lgbm,cliffs,1.0,9,1.48330303638599,1.2437336561994095,1.0
moleculenet,regression,rmse,lgbm,conflicts,0.01,9,0.01621399634833578,0.012158772316113509,0.8888888888888888
moleculenet,regression,rmse,lgbm,conflicts,0.02,9,-0.019719527129499228,-0.010667023241972107,0.4444444444444444
moleculenet,regression,rmse,lgbm,conflicts,0.05,9,0.09075190818105569,0.055309748967274475,1.0
moleculenet,regression,rmse,lgbm,conflicts,0.1,9,0.16678782894963373,0.10155567598367554,1.0
moleculenet,regression,rmse,lgbm,conflicts,0.2,9,0.2689996780702587,0.33623256804922774,1.0
moleculenet,regression,rmse,lgbm,conflicts,0.5,9,0.6053387407341551,0.5956728581592936,1.0
moleculenet,regression,rmse,lgbm,conflicts,1.0,9,1.038493214341249,0.8366123422560019,1.0
moleculenet,regression,rmse,lgbm,contamination,0.01,9,-0.0037772260004231097,-0.0016412221603094856,0.4444444444444444
moleculenet,regression,rmse,lgbm,contamination,0.02,9,-0.021679936052006712,-0.011655532786325473,0.0
moleculenet,regression,rmse,lgbm,contamination,0.05,9,-0.03270583393792822,-0.02088562683709161,0.1111111111111111
moleculenet,regression,rmse,lgbm,contamination,0.1,9,-0.03796775625176448,-0.02977588375119966,0.1111111111111111
moleculenet,regression,rmse,lgbm,contamination,0.2,9,-0.11148611321465908,-0.06734141459277765,0.0
moleculenet,regression,rmse,lgbm,contamination,0.5,9,-0.30019768301870337,-0.23478037646959904,0.0
moleculenet,regression,rmse,lgbm,contamination,1.0,9,-0.6037858832516403,-0.5088575461420138,0.0
moleculenet,regression,rmse,lgbm,random_label_noise,0.01,9,-0.0010432531139830362,0.0032295145181796547,0.5555555555555556
moleculenet,regression,rmse,lgbm,random_label_noise,0.02,9,0.004868109949040596,0.005470272312426361,0.6666666666666666
moleculenet,regression,rmse,lgbm,random_label_noise,0.05,9,0.01898745921360613,0.018413099809835076,0.8888888888888888
moleculenet,regression,rmse,lgbm,random_label_noise,0.1,9,0.09623954648863552,0.06155114911774551,1.0
moleculenet,regression,rmse,lgbm,random_label_noise,0.2,9,0.2758087726632867,0.26769296580318214,1.0
moleculenet,regression,rmse,lgbm,random_label_noise,0.5,9,0.5668997395364337,0.5358521245885199,1.0
moleculenet,regression,rmse,lgbm,random_label_noise,1.0,9,1.3272143526767015,1.2937125452022602,1.0
moleculenet,regression,rmse,rf,cliffs,0.01,9,0.04505204819148683,0.011763107955768848,0.7777777777777778
moleculenet,regression,rmse,rf,cliffs,0.02,9,0.03454673640437448,0.007403030580000802,0.7777777777777778
moleculenet,regression,rmse,rf,cliffs,0.05,9,0.09210563264166678,0.014020893397560963,0.6666666666666666
moleculenet,regression,rmse,rf,cliffs,0.1,9,0.27826639504176665,0.14544168074159314,0.8888888888888888
moleculenet,regression,rmse,rf,cliffs,0.2,9,0.33144614911350384,0.1520649504394822,1.0
moleculenet,regression,rmse,rf,cliffs,0.5,9,1.0080467162633509,0.6083126750627866,1.0
moleculenet,regression,rmse,rf,cliffs,1.0,9,1.6547488443485487,1.2514362505008572,1.0
moleculenet,regression,rmse,rf,conflicts,0.01,9,0.008965694953055226,0.0038908447907221033,0.5555555555555556
moleculenet,regression,rmse,rf,conflicts,0.02,9,0.00617735924597065,0.009345621192919373,0.5555555555555556
moleculenet,regression,rmse,rf,conflicts,0.05,9,0.0897368924136836,0.0439285422480884,0.8888888888888888
moleculenet,regression,rmse,rf,conflicts,0.1,9,0.14443131686434882,0.07481482161150987,1.0
moleculenet,regression,rmse,rf,conflicts,0.2,9,0.2813223251472024,0.18951756697295075,1.0
moleculenet,regression,rmse,rf,conflicts,0.5,9,0.6936311037926549,0.5269262207639807,1.0
moleculenet,regression,rmse,rf,conflicts,1.0,9,0.9041539484653899,0.8043016494057263,1.0
moleculenet,regression,rmse,rf,contamination,0.01,9,-0.006067410560973386,-0.004859371581429683,0.3333333333333333
moleculenet,regression,rmse,rf,contamination,0.02,9,-0.008809982551945896,-0.007341766192009214,0.1111111111111111
moleculenet,regression,rmse,rf,contamination,0.05,9,-0.028261865606798862,-0.020256905324737673,0.0
moleculenet,regression,rmse,rf,contamination,0.1,9,-0.05785875888252413,-0.043864976065773664,0.0
moleculenet,regression,rmse,rf,contamination,0.2,9,-0.09388451045137071,-0.08709023993237719,0.0
moleculenet,regression,rmse,rf,contamination,0.5,9,-0.3093195173371113,-0.2588731859937152,0.0
moleculenet,regression,rmse,rf,contamination,1.0,9,-0.7223017162834489,-0.6317382937167783,0.0
moleculenet,regression,rmse,rf,random_label_noise,0.01,9,0.008154128442613354,0.00392742291352044,0.6666666666666666
moleculenet,regression,rmse,rf,random_label_noise,0.02,9,0.01054249863262592,-0.007598951951284572,0.3333333333333333
moleculenet,regression,rmse,rf,random_label_noise,0.05,9,0.02919612416416896,0.023754530067853552,0.8888888888888888
moleculenet,regression,rmse,rf,random_label_noise,0.1,9,0.07392431833701739,0.051455797846490015,0.8888888888888888
moleculenet,regression,rmse,rf,random_label_noise,0.2,9,0.21665105437329057,0.15480520206004988,1.0
moleculenet,regression,rmse,rf,random_label_noise,0.5,9,0.5374771355245124,0.5885396210133081,1.0
moleculenet,regression,rmse,rf,random_label_noise,1.0,9,1.2752358890272655,1.215880296392825,1.0
moleculenet,regression,rmse,torch_mlp,cliffs,0.01,9,0.11866202736062784,0.007916853526763967,0.6666666666666666
moleculenet,regression,rmse,torch_mlp,cliffs,0.02,9,0.16262368074087238,0.12742534970205277,0.8888888888888888
moleculenet,regression,rmse,torch_mlp,cliffs,0.05,9,0.44952797069329026,0.21259891762625172,0.8888888888888888
moleculenet,regression,rmse,torch_mlp,cliffs,0.1,9,0.8072440978689568,0.4370969427864826,1.0
moleculenet,regression,rmse,torch_mlp,cliffs,0.2,9,1.4137151303610032,0.6883252609206705,1.0
moleculenet,regression,rmse,torch_mlp,cliffs,0.5,9,2.2067759111390677,1.3198185554372472,1.0
moleculenet,regression,rmse,torch_mlp,cliffs,1.0,9,3.651141256055443,2.0780440261637505,1.0
moleculenet,regression,rmse,torch_mlp,conflicts,0.01,9,0.03510707981654246,0.030752854342721125,0.6666666666666666
moleculenet,regression,rmse,torch_mlp,conflicts,0.02,9,0.08266760708484602,0.08222737447949569,0.7777777777777778
moleculenet,regression,rmse,torch_mlp,conflicts,0.05,9,0.18161775572115652,0.12300077229038586,0.8888888888888888
moleculenet,regression,rmse,torch_mlp,conflicts,0.1,9,0.3587308056169747,0.2807571423391104,1.0
moleculenet,regression,rmse,torch_mlp,conflicts,0.2,9,0.6898544209011974,0.664880307117744,1.0
moleculenet,regression,rmse,torch_mlp,conflicts,0.5,9,1.2871523338994646,1.1099500419982775,1.0
moleculenet,regression,rmse,torch_mlp,conflicts,1.0,9,1.7635294462167879,1.3835986829110603,1.0
moleculenet,regression,rmse,torch_mlp,contamination,0.01,9,-0.01535972229909034,-0.012477790798108623,0.3333333333333333
moleculenet,regression,rmse,torch_mlp,contamination,0.02,9,-0.03352333920593659,-0.02117833828320337,0.0
moleculenet,regression,rmse,torch_mlp,contamination,0.05,9,-0.07171487591959108,-0.044687353263577645,0.0
moleculenet,regression,rmse,torch_mlp,contamination,0.1,9,-0.060497609237541536,-0.05012032526275312,0.0
moleculenet,regression,rmse,torch_mlp,contamination,0.2,9,-0.16509703365119185,-0.1743976216149603,0.0
moleculenet,regression,rmse,torch_mlp,contamination,0.5,9,-0.40926505208121433,-0.39623892791951876,0.0
moleculenet,regression,rmse,torch_mlp,contamination,1.0,9,-1.1635293752842863,-1.2494143602507664,0.0
moleculenet,regression,rmse,torch_mlp,random_label_noise,0.01,9,0.022875475298389663,0.016869683509262767,0.7777777777777778
moleculenet,regression,rmse,torch_mlp,random_label_noise,0.02,9,0.07009971225224286,0.027678081961052148,0.8888888888888888
moleculenet,regression,rmse,torch_mlp,random_label_noise,0.05,9,0.12701832326919002,0.0883417803956581,0.8888888888888888
moleculenet,regression,rmse,torch_mlp,random_label_noise,0.1,9,0.32768362591548744,0.13479715384393043,1.0
moleculenet,regression,rmse,torch_mlp,random_label_noise,0.2,9,0.5384102275405837,0.4409684876692037,1.0
moleculenet,regression,rmse,torch_mlp,random_label_noise,0.5,9,1.2176548777400713,0.7813616219963333,1.0
moleculenet,regression,rmse,torch_mlp,random_label_noise,1.0,9,1.8627236602598838,1.6018002369452224,1.0
tdc,classification,pr_auc,lgbm,cliffs,0.01,39,0.0009214303462973606,0.0,0.38461538461538464
tdc,classification,pr_auc,lgbm,cliffs,0.02,39,0.0004137025777706975,0.0,0.48717948717948717
tdc,classification,pr_auc,lgbm,cliffs,0.05,39,0.00251645351853912,0.0011965525890058615,0.6410256410256411
tdc,classification,pr_auc,lgbm,cliffs,0.1,39,0.003762408901275458,0.002531833429171071,0.7692307692307693
tdc,classification,pr_auc,lgbm,cliffs,0.2,39,0.007045670396660966,0.0036440762066736188,0.8461538461538461
tdc,classification,pr_auc,lgbm,cliffs,0.5,39,0.012498306549295573,0.006728853177499494,0.8461538461538461
tdc,classification,pr_auc,lgbm,cliffs,1.0,39,0.0271155179455849,0.023926819479745842,1.0
tdc,classification,pr_auc,lgbm,conflicts,0.01,39,0.002701480143052948,0.0013508284451712038,0.6153846153846154
tdc,classification,pr_auc,lgbm,conflicts,0.02,39,0.004288208621640275,0.003619470279759507,0.7435897435897436
tdc,classification,pr_auc,lgbm,conflicts,0.05,39,0.006633397421717862,0.004909758196502412,0.717948717948718
tdc,classification,pr_auc,lgbm,conflicts,0.1,39,0.018352249246940115,0.013302231477827053,0.8974358974358975
tdc,classification,pr_auc,lgbm,conflicts,0.2,39,0.023417320097544814,0.02532053837156556,0.8205128205128205
tdc,classification,pr_auc,lgbm,conflicts,0.5,39,0.04844242552569042,0.052973062024496476,0.8974358974358975
tdc,classification,pr_auc,lgbm,conflicts,1.0,39,0.2815476903049736,0.21731638937131162,1.0
tdc,classification,pr_auc,lgbm,contamination,0.01,39,-0.001267488425724062,-0.000983539108663889,0.38461538461538464
tdc,classification,pr_auc,lgbm,contamination,0.02,39,-0.007114855592810661,-0.0034623246631564353,0.1282051282051282
tdc,classification,pr_auc,lgbm,contamination,0.05,39,-0.01507275150644862,-0.008571836462752058,0.05128205128205128
tdc,classification,pr_auc,lgbm,contamination,0.1,39,-0.022506287712922717,-0.01708800963324708,0.0
tdc,classification,pr_auc,lgbm,contamination,0.2,39,-0.05046907350523083,-0.02980967356406683,0.0
tdc,classification,pr_auc,lgbm,contamination,0.5,39,-0.12095099859061119,-0.06902075286388565,0.0
tdc,classification,pr_auc,lgbm,contamination,1.0,39,-0.2109932304857156,-0.12150336139604423,0.0
tdc,classification,pr_auc,lgbm,random_label_noise,0.01,39,0.003769143268982459,0.0010970368169472833,0.6666666666666666
tdc,classification,pr_auc,lgbm,random_label_noise,0.02,39,0.0039402449551318415,0.003854616578442993,0.7692307692307693
tdc,classification,pr_auc,lgbm,random_label_noise,0.05,39,0.010069746165930232,0.0076470910235121314,0.8717948717948718
tdc,classification,pr_auc,lgbm,random_label_noise,0.1,39,0.016209481560677714,0.014102549961533595,0.8717948717948718
tdc,classification,pr_auc,lgbm,random_label_noise,0.2,39,0.030852956801225247,0.03016267554958252,0.9487179487179487
tdc,classification,pr_auc,lgbm,random_label_noise,0.5,39,0.08428871081465553,0.08928215302388731,0.8717948717948718
tdc,classification,pr_auc,lgbm,random_label_noise,1.0,39,0.26976804196220605,0.2567042858215828,0.9230769230769231
tdc,classification,pr_auc,rf,cliffs,0.01,39,3.4293198154407466e-05,0.0,0.358974358974359
tdc,classification,pr_auc,rf,cliffs,0.02,39,0.00018596923137555356,0.0,0.38461538461538464
tdc,classification,pr_auc,rf,cliffs,0.05,39,-4.475163835578518e-06,-0.0001526071448572086,0.46153846153846156
tdc,classification,pr_auc,rf,cliffs,0.1,39,0.0031972201077102858,0.001015081656866812,0.6153846153846154
tdc,classification,pr_auc,rf,cliffs,0.2,39,0.002227802917177769,0.0009413754200462421,0.6153846153846154
tdc,classification,pr_auc,rf,cliffs,0.5,39,0.006798260275474484,0.00276631662897342,0.7692307692307693
tdc,classification,pr_auc,rf,cliffs,1.0,39,0.020368361389517343,0.014286258764585447,0.9487179487179487
tdc,classification,pr_auc,rf,conflicts,0.01,39,-0.0008156846865813092,0.0006608240488761297,0.5641025641025641
tdc,classification,pr_auc,rf,conflicts,0.02,39,-0.0004890214308288538,0.0017209587392408299,0.5641025641025641
tdc,classification,pr_auc,rf,conflicts,0.05,39,0.0031722023366288887,0.003714898932493549,0.6923076923076923
tdc,classification,pr_auc,rf,conflicts,0.1,39,0.008009575403054624,0.004810955847205811,0.8205128205128205
tdc,classification,pr_auc,rf,conflicts,0.2,39,0.014837886944758169,0.012270024808783586,0.8461538461538461
tdc,classification,pr_auc,rf,conflicts,0.5,39,0.03334969177520941,0.03527868241688081,0.8461538461538461
tdc,classification,pr_auc,rf,conflicts,1.0,39,0.26542485384768283,0.18621753074186653,1.0
tdc,classification,pr_auc,rf,contamination,0.01,39,-0.003410759942285987,-0.002612561283510617,0.28205128205128205
tdc,classification,pr_auc,rf,contamination,0.02,39,-0.010617763276775046,-0.005508339678193974,0.1282051282051282
tdc,classification,pr_auc,rf,contamination,0.05,39,-0.021345999170946664,-0.0121043423011582,0.15384615384615385
tdc,classification,pr_auc,rf,contamination,0.1,39,-0.035262690147644445,-0.02723577243239028,0.02564102564102564
tdc,classification,pr_auc,rf,contamination,0.2,39,-0.06611657265425824,-0.04980226673374899,0.0
tdc,classification,pr_auc,rf,contamination,0.5,39,-0.14940218808208572,-0.10780596114897723,0.0
tdc,classification,pr_auc,rf,contamination,1.0,39,-0.21577331726047602,-0.15287834829310842,0.0
tdc,classification,pr_auc,rf,random_label_noise,0.01,39,0.0008661656733652795,0.001552366256548754,0.6410256410256411
tdc,classification,pr_auc,rf,random_label_noise,0.02,39,7.751515756118298e-05,0.001973578860741898,0.5897435897435898
tdc,classification,pr_auc,rf,random_label_noise,0.05,39,0.0042493747009863195,0.004289322689313146,0.8717948717948718
tdc,classification,pr_auc,rf,random_label_noise,0.1,39,0.013499752321610665,0.010226315670684327,0.8974358974358975
tdc,classification,pr_auc,rf,random_label_noise,0.2,39,0.023149440422493603,0.01939218074007598,0.9230769230769231
tdc,classification,pr_auc,rf,random_label_noise,0.5,39,0.08668170741886717,0.08463468901703464,0.9743589743589743
tdc,classification,pr_auc,rf,random_label_noise,1.0,39,0.2764597927217778,0.2602120037060193,1.0
tdc,classification,pr_auc,torch_mlp,cliffs,0.01,39,0.0005568046231921692,0.0,0.3333333333333333
tdc,classification,pr_auc,torch_mlp,cliffs,0.02,39,0.002748106503810568,0.0007214001742198439,0.5384615384615384
tdc,classification,pr_auc,torch_mlp,cliffs,0.05,39,0.002055125774737466,0.002375792922567066,0.6153846153846154
tdc,classification,pr_auc,torch_mlp,cliffs,0.1,39,0.009072133837166858,0.007289729781421284,0.717948717948718
tdc,classification,pr_auc,torch_mlp,cliffs,0.2,39,0.010975031770967746,0.007910987623471866,0.8717948717948718
tdc,classification,pr_auc,torch_mlp,cliffs,0.5,39,0.023629304933917388,0.019780371727629587,0.8205128205128205
tdc,classification,pr_auc,torch_mlp,cliffs,1.0,39,0.03687028196396155,0.02590064939669967,0.8974358974358975
tdc,classification,pr_auc,torch_mlp,conflicts,0.01,39,0.004997596224833876,0.0053237532131886756,0.6666666666666666
tdc,classification,pr_auc,torch_mlp,conflicts,0.02,39,0.00820485435745809,0.010558583943697242,0.7692307692307693
tdc,classification,pr_auc,torch_mlp,conflicts,0.05,39,0.01664260819492927,0.01765912320919505,0.7692307692307693
tdc,classification,pr_auc,torch_mlp,conflicts,0.1,39,0.022254186640561988,0.02312479256001243,0.8461538461538461
tdc,classification,pr_auc,torch_mlp,conflicts,0.2,39,0.037859363834837,0.046083049563405365,0.8461538461538461
tdc,classification,pr_auc,torch_mlp,conflicts,0.5,39,0.08541207467578846,0.09430063588793625,0.9230769230769231
tdc,classification,pr_auc,torch_mlp,conflicts,1.0,39,0.25270717129026427,0.20409593946455706,1.0
tdc,classification,pr_auc,torch_mlp,contamination,0.01,39,-0.004513431212682138,-0.0025146343047433017,0.358974358974359
tdc,classification,pr_auc,torch_mlp,contamination,0.02,39,-0.008011679381763512,-0.005074137576834503,0.2564102564102564
tdc,classification,pr_auc,torch_mlp,contamination,0.05,39,-0.019427326050755152,-0.010737192272403662,0.10256410256410256
tdc,classification,pr_auc,torch_mlp,contamination,0.1,39,-0.0347053892163991,-0.02274843853720032,0.02564102564102564
tdc,classification,pr_auc,torch_mlp,contamination,0.2,39,-0.061984019966575876,-0.040896853186931814,0.02564102564102564
tdc,classification,pr_auc,torch_mlp,contamination,0.5,39,-0.15346405626516546,-0.0982928066395421,0.0
tdc,classification,pr_auc,torch_mlp,contamination,1.0,39,-0.24330886727951834,-0.17233300909243454,0.0
tdc,classification,pr_auc,torch_mlp,random_label_noise,0.01,39,0.0031436828321917396,0.0008116704802230146,0.5384615384615384
tdc,classification,pr_auc,torch_mlp,random_label_noise,0.02,39,0.007811238135819143,0.007712697836487592,0.8205128205128205
tdc,classification,pr_auc,torch_mlp,random_label_noise,0.05,39,0.016852005115562563,0.018505102992235123,0.8974358974358975
tdc,classification,pr_auc,torch_mlp,random_label_noise,0.1,39,0.03155854566859246,0.029403982347335766,0.9487179487179487
tdc,classification,pr_auc,torch_mlp,random_label_noise,0.2,39,0.05676277407779963,0.0559012138124661,0.9743589743589743
tdc,classification,pr_auc,torch_mlp,random_label_noise,0.5,39,0.13489101648884808,0.13362830882665333,0.9487179487179487
tdc,classification,pr_auc,torch_mlp,random_label_noise,1.0,39,0.2651320656355552,0.255771851262924,0.9743589743589743
tdc,classification,roc_auc,lgbm,cliffs,0.01,39,0.0002483725751677292,0.0,0.38461538461538464
tdc,classification,roc_auc,lgbm,cliffs,0.02,39,0.0017252810066686857,0.00035671009191040604,0.5641025641025641
tdc,classification,roc_auc,lgbm,cliffs,0.05,39,0.002937253700932284,0.0006946979838545753,0.5897435897435898
tdc,classification,roc_auc,lgbm,cliffs,0.1,39,0.004522580937433259,0.0025588464970995872,0.717948717948718
tdc,classification,roc_auc,lgbm,cliffs,0.2,39,0.006965373995678408,0.0020086081263321898,0.6923076923076923
tdc,classification,roc_auc,lgbm,cliffs,0.5,39,0.01646936456534153,0.009255815914981036,0.8717948717948718
tdc,classification,roc_auc,lgbm,cliffs,1.0,39,0.03575324422672737,0.02829137892626421,1.0
tdc,classification,roc_auc,lgbm,conflicts,0.01,39,0.00203821845804295,0.0013919313618109275,0.6410256410256411
tdc,classification,roc_auc,lgbm,conflicts,0.02,39,0.0035686338118683892,0.0037976628094138487,0.717948717948718
tdc,classification,roc_auc,lgbm,conflicts,0.05,39,0.008043402171921428,0.006108146338326903,0.8461538461538461
tdc,classification,roc_auc,lgbm,conflicts,0.1,39,0.020882646651744764,0.01350534166498707,0.8974358974358975
tdc,classification,roc_auc,lgbm,conflicts,0.2,39,0.026166765075459706,0.02061110715617087,0.8974358974358975
tdc,classification,roc_auc,lgbm,conflicts,0.5,39,0.06250349561295056,0.0541323234573402,0.9487179487179487
tdc,classification,roc_auc,lgbm,conflicts,1.0,39,0.31446767686104504,0.3840738121262779,1.0
tdc,classification,roc_auc,lgbm,contamination,0.01,39,-0.0014387953159062398,-0.0011442438874114114,0.28205128205128205
tdc,classification,roc_auc,lgbm,contamination,0.02,39,-0.007137657564840265,-0.0020595880280159795,0.20512820512820512
tdc,classification,roc_auc,lgbm,contamination,0.05,39,-0.013810934439883281,-0.0064071370640712555,0.02564102564102564
tdc,classification,roc_auc,lgbm,contamination,0.1,39,-0.024290935019951488,-0.014520580672337635,0.0
tdc,classification,roc_auc,lgbm,contamination,0.2,39,-0.04543462221864519,-0.02984264785675539,0.0
tdc,classification,roc_auc,lgbm,contamination,0.5,39,-0.1100118286839255,-0.06549326013280388,0.0
tdc,classification,roc_auc,lgbm,contamination,1.0,39,-0.17826398189863404,-0.11589403973509926,0.0
tdc,classification,roc_auc,lgbm,random_label_noise,0.01,39,0.005037667846708301,0.0012670204898419524,0.6410256410256411
tdc,classification,roc_auc,lgbm,random_label_noise,0.02,39,0.004604470184167792,0.0030655676895702255,0.8461538461538461
tdc,classification,roc_auc,lgbm,random_label_noise,0.05,39,0.009772359630006635,0.007659746018947811,0.8717948717948718
tdc,classification,roc_auc,lgbm,random_label_noise,0.1,39,0.017693223001328973,0.011502752255655446,0.9230769230769231
tdc,classification,roc_auc,lgbm,random_label_noise,0.2,39,0.032916035994931876,0.02275136770763253,0.9230769230769231
tdc,classification,roc_auc,lgbm,random_label_noise,0.5,39,0.09392046987738163,0.0801536556077379,0.9487179487179487
tdc,classification,roc_auc,lgbm,random_label_noise,1.0,39,0.31758243087113663,0.3690331139151374,0.9743589743589743
tdc,classification,roc_auc,rf,cliffs,0.01,39,0.00021517262790627108,0.0,0.358974358974359
tdc,classification,roc_auc,rf,cliffs,0.02,39,0.0005356892730271281,0.0,0.358974358974359
tdc,classification,roc_auc,rf,cliffs,0.05,39,0.0014699057837940317,0.0003668496199475957,0.5384615384615384
tdc,classification,roc_auc,rf,cliffs,0.1,39,0.0009839201239736505,0.0009474344032265325,0.6153846153846154
tdc,classification,roc_auc,rf,cliffs,0.2,39,0.002142150448137179,0.0011758382046630489,0.6153846153846154
tdc,classification,roc_auc,rf,cliffs,0.5,39,0.008491847707022356,0.0018346745568131873,0.7435897435897436
tdc,classification,roc_auc,rf,cliffs,1.0,39,0.025352826531527477,0.014912280701754321,1.0
tdc,classification,roc_auc,rf,conflicts,0.01,39,0.0004758892345186495,0.0010414250644719125,0.5897435897435898
tdc,classification,roc_auc,rf,conflicts,0.02,39,0.002372990897295041,0.001857968225244977,0.6666666666666666
tdc,classification,roc_auc,rf,conflicts,0.05,39,0.005881772557708131,0.003380549111324793,0.8717948717948718
tdc,classification,roc_auc,rf,conflicts,0.1,39,0.00853725979746152,0.005176446179671501,0.7692307692307693
tdc,classification,roc_auc,rf,conflicts,0.2,39,0.016181752593737133,0.013132825519009295,0.8461538461538461
tdc,classification,roc_auc,rf,conflicts,0.5,39,0.03579940639403453,0.029532317179275402,0.8974358974358975
tdc,classification,roc_auc,rf,conflicts,1.0,39,0.30425222306511956,0.3689017841606126,1.0
tdc,classification,roc_auc,rf,contamination,0.01,39,-0.0033661129325853177,-0.0018138151731769137,0.1794871794871795
tdc,classification,roc_auc,rf,contamination,0.02,39,-0.00965271188738341,-0.004642675267356955,0.1282051282051282
tdc,classification,roc_auc,rf,contamination,0.05,39,-0.016087359112415288,-0.011338175711104626,0.07692307692307693
tdc,classification,roc_auc,rf,contamination,0.1,39,-0.02864623956009477,-0.020963515420277967,0.0
tdc,classification,roc_auc,rf,contamination,0.2,39,-0.05628787559864328,-0.0409232973790995,0.0
tdc,classification,roc_auc,rf,contamination,0.5,39,-0.12813600729057584,-0.08696661428198549,0.0
tdc,classification,roc_auc,rf,contamination,1.0,39,-0.18013296734276155,-0.12966337085371638,0.0
tdc,classification,roc_auc,rf,random_label_noise,0.01,39,0.0018006283524505651,0.0012973336602601915,0.717948717948718
tdc,classification,roc_auc,rf,random_label_noise,0.02,39,0.0007534978323157338,0.0009771253912520539,0.5897435897435898
tdc,classification,roc_auc,rf,random_label_noise,0.05,39,0.004628616339611669,0.004093567251462149,0.8205128205128205
tdc,classification,roc_auc,rf,random_label_noise,0.1,39,0.01012874771512195,0.00832084651738263,0.8461538461538461
tdc,classification,roc_auc,rf,random_label_noise,0.2,39,0.02374019282439505,0.019720486461063058,0.9230769230769231
tdc,classification,roc_auc,rf,random_label_noise,0.5,39,0.08867365501105479,0.07963911784361777,0.9743589743589743
tdc,classification,roc_auc,rf,random_label_noise,1.0,39,0.31529363490652124,0.3584523068655976,1.0
tdc,classification,roc_auc,torch_mlp,cliffs,0.01,39,0.0010654058007125626,0.0,0.358974358974359
tdc,classification,roc_auc,torch_mlp,cliffs,0.02,39,0.0017889317551477869,0.0,0.48717948717948717
tdc,classification,roc_auc,torch_mlp,cliffs,0.05,39,0.0024578046237623617,0.0021571009420665588,0.5897435897435898
tdc,classification,roc_auc,torch_mlp,cliffs,0.1,39,0.006569274662932966,0.00473548233337362,0.6666666666666666
tdc,classification,roc_auc,torch_mlp,cliffs,0.2,39,0.009756906273404206,0.006261597325522339,0.8461538461538461
tdc,classification,roc_auc,torch_mlp,cliffs,0.5,39,0.023749144901018714,0.017568957757345904,0.8461538461538461
tdc,classification,roc_auc,torch_mlp,cliffs,1.0,39,0.04161530611070467,0.019804666304937713,0.9743589743589743
tdc,classification,roc_auc,torch_mlp,conflicts,0.01,39,0.005105303557921501,0.004224900507365126,0.7435897435897436
tdc,classification,roc_auc,torch_mlp,conflicts,0.02,39,0.008992229827108048,0.010573882318917094,0.7948717948717948
tdc,classification,roc_auc,torch_mlp,conflicts,0.05,39,0.016291647505672618,0.012121661156305752,0.8717948717948718
tdc,classification,roc_auc,torch_mlp,conflicts,0.1,39,0.0218599792325065,0.02292724163842408,0.8974358974358975
tdc,classification,roc_auc,torch_mlp,conflicts,0.2,39,0.04236400321440261,0.045456399269152126,0.9230769230769231
tdc,classification,roc_auc,torch_mlp,conflicts,0.5,39,0.0940914261113673,0.10169053740213385,0.9743589743589743
tdc,classification,roc_auc,torch_mlp,conflicts,1.0,39,0.28692053840551257,0.2935142747568481,1.0
tdc,classification,roc_auc,torch_mlp,contamination,0.01,39,-0.004613519278539042,-0.003325942350332567,0.23076923076923078
tdc,classification,roc_auc,torch_mlp,contamination,0.02,39,-0.006603900922182819,-0.0041658267822346495,0.15384615384615385
tdc,classification,roc_auc,torch_mlp,contamination,0.05,39,-0.016617654869932556,-0.01474837062420209,0.05128205128205128
tdc,classification,roc_auc,torch_mlp,contamination,0.1,39,-0.028465323245839762,-0.02666905494024341,0.0
tdc,classification,roc_auc,torch_mlp,contamination,0.2,39,-0.054684580124574944,-0.044782357101523895,0.02564102564102564
tdc,classification,roc_auc,torch_mlp,contamination,0.5,39,-0.13495428603284368,-0.10313185296508165,0.0
tdc,classification,roc_auc,torch_mlp,contamination,1.0,39,-0.2087126506641566,-0.17064568638090072,0.0
tdc,classification,roc_auc,torch_mlp,random_label_noise,0.01,39,0.003986678864698783,0.0015453873547000008,0.6153846153846154
tdc,classification,roc_auc,torch_mlp,random_label_noise,0.02,39,0.007888100157366197,0.007567368032484478,0.8205128205128205
tdc,classification,roc_auc,torch_mlp,random_label_noise,0.05,39,0.018152981193570932,0.01666777660150187,0.8461538461538461
tdc,classification,roc_auc,torch_mlp,random_label_noise,0.1,39,0.02712090955311089,0.02755095479971703,0.8974358974358975
tdc,classification,roc_auc,torch_mlp,random_label_noise,0.2,39,0.06003839483989004,0.05728849458389529,0.9743589743589743
tdc,classification,roc_auc,torch_mlp,random_label_noise,0.5,39,0.14429744697047334,0.14992203163288037,1.0
tdc,classification,roc_auc,torch_mlp,random_label_noise,1.0,39,0.30863697777556265,0.3435991499902551,1.0
tdc,regression,mae,lgbm,cliffs,0.01,27,0.01739398338703976,0.0,0.4444444444444444
tdc,regression,mae,lgbm,cliffs,0.02,27,0.044660856095518627,0.0012145257277444976,0.5185185185185185
tdc,regression,mae,lgbm,cliffs,0.05,27,0.15630959358690288,0.05173453267633876,0.8518518518518519
tdc,regression,mae,lgbm,cliffs,0.1,27,0.3358871988904613,0.12017620806485851,0.9259259259259259
tdc,regression,mae,lgbm,cliffs,0.2,27,0.5657286352899115,0.2902619242099349,0.9629629629629629
tdc,regression,mae,lgbm,cliffs,0.5,27,1.457720151701071,0.8800200373718123,1.0
tdc,regression,mae,lgbm,cliffs,1.0,27,3.1308225768409708,2.29829026717875,1.0
tdc,regression,mae,lgbm,conflicts,0.01,27,0.16728688687612756,0.03261149236722982,0.8888888888888888
tdc,regression,mae,lgbm,conflicts,0.02,27,0.5460939459293372,0.09453621583302585,0.8888888888888888
tdc,regression,mae,lgbm,conflicts,0.05,27,0.7698500300460863,0.1221813259576554,1.0
tdc,regression,mae,lgbm,conflicts,0.1,27,1.8830443791503906,0.7300173775945398,1.0
tdc,regression,mae,lgbm,conflicts,0.2,27,3.5002064369864923,1.1711206220797843,1.0
tdc,regression,mae,lgbm,conflicts,0.5,27,6.12835796822382,1.9795892334333605,1.0
tdc,regression,mae,lgbm,conflicts,1.0,27,10.260803388198656,3.3953271962314693,1.0
tdc,regression,mae,lgbm,contamination,0.01,27,-0.13885352976993146,-0.00640048681888139,0.3333333333333333
tdc,regression,mae,lgbm,contamination,0.02,27,-0.27418949158557404,-0.027781896018069574,0.07407407407407407
tdc,regression,mae,lgbm,contamination,0.05,27,-0.34143808023336875,-0.06727329558569117,0.07407407407407407
tdc,regression,mae,lgbm,contamination,0.1,27,-0.8646815070970616,-0.29553270160911893,0.0
tdc,regression,mae,lgbm,contamination,0.2,27,-1.757029719076532,-0.49225706871775765,0.0
tdc,regression,mae,lgbm,contamination,0.5,27,-4.1589695748198485,-1.1772434586608274,0.0
tdc,regression,mae,lgbm,contamination,1.0,27,-8.031751462254086,-2.3713553567069603,0.0
tdc,regression,mae,lgbm,random_label_noise,0.01,27,0.035510015025906845,0.0064681781718335385,0.7037037037037037
tdc,regression,mae,lgbm,random_label_noise,0.02,27,0.05666285688287939,0.013273640928734842,0.7037037037037037
tdc,regression,mae,lgbm,random_label_noise,0.05,27,0.233609394911923,0.029294216328725642,0.8888888888888888
tdc,regression,mae,lgbm,random_label_noise,0.1,27,0.32663123446188935,0.053037715597876345,0.7777777777777778
tdc,regression,mae,lgbm,random_label_noise,0.2,27,0.883159487322597,0.2272481252743157,0.8888888888888888
tdc,regression,mae,lgbm,random_label_noise,0.5,27,1.4848059315649775,0.7504142397333649,0.9629629629629629
tdc,regression,mae,lgbm,random_label_noise,1.0,27,3.735792563130335,1.6925852595923698,1.0
tdc,regression,mae,rf,cliffs,0.01,27,0.02636959488908109,0.0005351365511804262,0.5925925925925926
tdc,regression,mae,rf,cliffs,0.02,27,0.027289027711915166,0.002248190213696155,0.5925925925925926
tdc,regression,mae,rf,cliffs,0.05,27,0.10916907754468133,0.02043139544681516,0.7777777777777778
tdc,regression,mae,rf,cliffs,0.1,27,0.25152268889010876,0.03920219641455702,0.8148148148148148
tdc,regression,mae,rf,cliffs,0.2,27,0.4024334077629189,0.12746287532916334,0.9259259259259259
tdc,regression,mae,rf,cliffs,0.5,27,0.889443623522854,0.4140224356765234,0.9259259259259259
tdc,regression,mae,rf,cliffs,1.0,27,1.6921990094414272,0.9816219852727528,1.0
tdc,regression,mae,rf,conflicts,0.01,27,0.13081804448922113,0.013454128476056981,0.7777777777777778
tdc,regression,mae,rf,conflicts,0.02,27,0.419463602266466,0.04654586619716694,0.9259259259259259
tdc,regression,mae,rf,conflicts,0.05,27,0.6040228655041213,0.06441893665447851,0.8888888888888888
tdc,regression,mae,rf,conflicts,0.1,27,1.2188172229211498,0.34504327703922133,1.0
tdc,regression,mae,rf,conflicts,0.2,27,1.8506518955476001,0.3698347964028379,0.9629629629629629
tdc,regression,mae,rf,conflicts,0.5,27,3.752162638701174,0.7592393485271773,1.0
tdc,regression,mae,rf,conflicts,1.0,27,7.555403604009381,1.7663542863869273,1.0
tdc,regression,mae,rf,contamination,0.01,27,-0.11222520207790364,-0.015566712859623077,0.14814814814814814
tdc,regression,mae,rf,contamination,0.02,27,-0.155343061773725,-0.019239444134425243,0.07407407407407407
tdc,regression,mae,rf,contamination,0.05,27,-0.3692348724769077,-0.1539271277224068,0.0
tdc,regression,mae,rf,contamination,0.1,27,-0.6280973078781699,-0.269448081513314,0.0
tdc,regression,mae,rf,contamination,0.2,27,-1.4505966452525418,-0.5131994525655226,0.0
tdc,regression,mae,rf,contamination,0.5,27,-3.679808990869727,-1.180013998523441,0.0
tdc,regression,mae,rf,contamination,1.0,27,-7.198818688975233,-2.221520687153932,0.0
tdc,regression,mae,rf,random_label_noise,0.01,27,0.03763021642700046,0.00023406015369098476,0.5185185185185185
tdc,regression,mae,rf,random_label_noise,0.02,27,0.03845949370729592,0.011309508330184181,0.7407407407407407
tdc,regression,mae,rf,random_label_noise,0.05,27,0.2901482533033342,0.054649578269676535,0.9259259259259259
tdc,regression,mae,rf,random_label_noise,0.1,27,0.18946554946908037,0.04566237714909788,0.8518518518518519
tdc,regression,mae,rf,random_label_noise,0.2,27,0.5953553706510246,0.18006715525793626,0.9259259259259259
tdc,regression,mae,rf,random_label_noise,0.5,27,1.6178445969903306,0.9321519673013621,1.0
tdc,regression,mae,rf,random_label_noise,1.0,27,3.3992273948859006,1.7872477936451563,1.0
tdc,regression,mae,torch_mlp,cliffs,0.01,27,0.3417482138442549,0.0029562604055541897,0.5555555555555556
tdc,regression,mae,torch_mlp,cliffs,0.02,27,0.15637005848573968,0.037701029893910665,0.7037037037037037
tdc,regression,mae,torch_mlp,cliffs,0.05,27,0.7394593493317378,0.1231718830414712,0.8518518518518519
tdc,regression,mae,torch_mlp,cliffs,0.1,27,1.7408157309384453,0.41686082467944097,0.9259259259259259
tdc,regression,mae,torch_mlp,cliffs,0.2,27,3.0081411287623174,1.4191570017433772,1.0
tdc,regression,mae,torch_mlp,cliffs,0.5,27,5.999047315264026,3.233997658649834,1.0
tdc,regression,mae,torch_mlp,cliffs,1.0,27,10.28631202692991,5.434907227943185,1.0
tdc,regression,mae,torch_mlp,conflicts,0.01,27,0.9583221975530818,0.08613382423529381,0.8888888888888888
tdc,regression,mae,torch_mlp,conflicts,0.02,27,2.3027461862149927,0.24846603803103795,0.9259259259259259
tdc,regression,mae,torch_mlp,conflicts,0.05,27,3.650453338039629,0.9549006860186888,0.9629629629629629
tdc,regression,mae,torch_mlp,conflicts,0.1,27,5.12107412013969,1.5344397055327708,1.0
tdc,regression,mae,torch_mlp,conflicts,0.2,27,7.494428365539736,2.172067121853661,1.0
tdc,regression,mae,torch_mlp,conflicts,0.5,27,12.24298744942365,4.718758248825406,1.0
tdc,regression,mae,torch_mlp,conflicts,1.0,27,16.912733087008487,5.347245238879394,1.0
tdc,regression,mae,torch_mlp,contamination,0.01,27,-0.16083806003503404,-0.027404809647705308,0.25925925925925924
tdc,regression,mae,torch_mlp,contamination,0.02,27,-0.2743796044429916,-0.03634469809301666,0.14814814814814814
tdc,regression,mae,torch_mlp,contamination,0.05,27,-0.6946475013555995,-0.19314522380061305,0.0
tdc,regression,mae,torch_mlp,contamination,0.1,27,-1.1861565258540212,-0.3766206908648795,0.0
tdc,regression,mae,torch_mlp,contamination,0.2,27,-2.562902300476935,-0.7196312236217564,0.0
tdc,regression,mae,torch_mlp,contamination,0.5,27,-6.588542148384465,-1.859814582902332,0.0
tdc,regression,mae,torch_mlp,contamination,1.0,27,-12.762901668038886,-3.402577357039896,0.0
tdc,regression,mae,torch_mlp,random_label_noise,0.01,27,0.12621899204446202,0.016741837281765704,0.7777777777777778
tdc,regression,mae,torch_mlp,random_label_noise,0.02,27,0.1695205588804554,0.0534581988712306,0.8888888888888888
tdc,regression,mae,torch_mlp,random_label_noise,0.05,27,0.688342102686517,0.20663653254567182,0.9629629629629629
tdc,regression,mae,torch_mlp,random_label_noise,0.1,27,0.6469790504244889,0.2521533796184281,0.8888888888888888
tdc,regression,mae,torch_mlp,random_label_noise,0.2,27,1.3547494709055652,0.5814355652173984,0.9629629629629629
tdc,regression,mae,torch_mlp,random_label_noise,0.5,27,3.2642168557995714,1.405347443488426,1.0
tdc,regression,mae,torch_mlp,random_label_noise,1.0,27,6.000875373913623,2.25107088455835,1.0
tdc,regression,rmse,lgbm,cliffs,0.01,27,0.03151412953214297,0.0,0.37037037037037035
tdc,regression,rmse,lgbm,cliffs,0.02,27,0.04206492037022952,0.0,0.48148148148148145
tdc,regression,rmse,lgbm,cliffs,0.05,27,0.12782477489822364,0.016236819736200836,0.7037037037037037
tdc,regression,rmse,lgbm,cliffs,0.1,27,0.05715357606765002,0.03498863658176132,0.7037037037037037
tdc,regression,rmse,lgbm,cliffs,0.2,27,0.4033479217044675,0.14207887306554312,0.9629629629629629
tdc,regression,rmse,lgbm,cliffs,0.5,27,1.0145042345617754,0.7088933066716123,1.0
tdc,regression,rmse,lgbm,cliffs,1.0,27,2.7598908928628507,2.446995853535544,1.0
tdc,regression,rmse,lgbm,conflicts,0.01,27,0.13477158900068917,0.009753666700727859,0.6666666666666666
tdc,regression,rmse,lgbm,conflicts,0.02,27,0.21164580483971435,0.028697710108558372,0.7777777777777778
tdc,regression,rmse,lgbm,conflicts,0.05,27,0.5786574506002367,0.057820173811336195,0.8148148148148148
tdc,regression,rmse,lgbm,conflicts,0.1,27,1.29768878309259,0.6253670753046876,0.9259259259259259
tdc,regression,rmse,lgbm,conflicts,0.2,27,2.156065579879428,0.904846667648493,1.0
tdc,regression,rmse,lgbm,conflicts,0.5,27,4.479035599240578,1.5988036390358094,1.0
tdc,regression,rmse,lgbm,conflicts,1.0,27,7.6782125592949635,3.215203350432649,1.0
tdc,regression,rmse,lgbm,contamination,0.01,27,-0.26541308087764626,-0.008868298939222863,0.25925925925925924
tdc,regression,rmse,lgbm,contamination,0.02,27,-0.4027732504473125,-0.009232404675743378,0.2222222222222222
tdc,regression,rmse,lgbm,contamination,0.05,27,-0.2810097654919669,-0.054615643344339215,0.1111111111111111
tdc,regression,rmse,lgbm,contamination,0.1,27,-0.8040962930551893,-0.2624757473244177,0.037037037037037035
tdc,regression,rmse,lgbm,contamination,0.2,27,-1.931808676171491,-0.4539354901355148,0.037037037037037035
tdc,regression,rmse,lgbm,contamination,0.5,27,-7.180451510862219,-1.5620086185431026,0.0
tdc,regression,rmse,lgbm,contamination,1.0,27,-15.602086027232247,-3.7341688212140727,0.0
tdc,regression,rmse,lgbm,random_label_noise,0.01,27,-0.04107117672263297,0.00039355184969513957,0.5185185185185185
tdc,regression,rmse,lgbm,random_label_noise,0.02,27,0.023412948225012074,0.012653804704216842,0.7037037037037037
tdc,regression,rmse,lgbm,random_label_noise,0.05,27,0.7492264896642244,0.06959179772947799,0.9259259259259259
tdc,regression,rmse,lgbm,random_label_noise,0.1,27,0.1598594662081492,0.05081420532295722,0.7407407407407407
tdc,regression,rmse,lgbm,random_label_noise,0.2,27,1.1971415579727551,0.16630626514309466,0.8518518518518519
tdc,regression,rmse,lgbm,random_label_noise,0.5,27,2.615031978635283,0.8461946902676116,1.0
tdc,regression,rmse,lgbm,random_label_noise,1.0,27,5.950583118362396,2.256046440456605,1.0
tdc,regression,rmse,rf,cliffs,0.01,27,0.05542177679006648,0.0019186477051574835,0.5555555555555556
tdc,regression,rmse,rf,cliffs,0.02,27,0.04296685025284145,0.0007737228404105512,0.5555555555555556
tdc,regression,rmse,rf,cliffs,0.05,27,0.15057562428099922,0.03121438860097303,0.7777777777777778
tdc,regression,rmse,rf,cliffs,0.1,27,0.14352226050687403,0.02178116085890608,0.7407407407407407
tdc,regression,rmse,rf,cliffs,0.2,27,0.45117758033612354,0.17072998468647516,0.9259259259259259
tdc,regression,rmse,rf,cliffs,0.5,27,0.7894819614982814,0.4183815718134738,1.0
tdc,regression,rmse,rf,cliffs,1.0,27,1.5370155602397213,0.7164474759254136,0.9629629629629629
tdc,regression,rmse,rf,conflicts,0.01,27,0.09208082654840835,0.008711512162637547,0.7407407407407407
tdc,regression,rmse,rf,conflicts,0.02,27,0.18857851327351424,0.02169052321035303,0.8148148148148148
tdc,regression,rmse,rf,conflicts,0.05,27,0.3609784672271838,0.05994323534210588,0.8148148148148148
tdc,regression,rmse,rf,conflicts,0.1,27,0.8007135069889277,0.14893011053488436,0.8888888888888888
tdc,regression,rmse,rf,conflicts,0.2,27,1.1708116400907576,0.2888075946767641,0.9259259259259259
tdc,regression,rmse,rf,conflicts,0.5,27,2.722724357213478,0.5432379613936584,0.9259259259259259
tdc,regression,rmse,rf,conflicts,1.0,27,4.985656800628239,1.3111141204972219,1.0
tdc,regression,rmse,rf,contamination,0.01,27,-0.18008080816336725,-0.020178478321578375,0.18518518518518517
tdc,regression,rmse,rf,contamination,0.02,27,-0.1966452145833889,-0.021084860759355672,0.18518518518518517
tdc,regression,rmse,rf,contamination,0.05,27,-0.36325768663163244,-0.0554060341809306,0.1111111111111111
tdc,regression,rmse,rf,contamination,0.1,27,-0.6027741295078505,-0.12875638089785868,0.037037037037037035
tdc,regression,rmse,rf,contamination,0.2,27,-2.1329950261652875,-0.6044681618770489,0.037037037037037035
tdc,regression,rmse,rf,contamination,0.5,27,-6.912975895013257,-1.6248538157006962,0.0
tdc,regression,rmse,rf,contamination,1.0,27,-14.682939279817015,-3.736162804709404,0.0
tdc,regression,rmse,rf,random_label_noise,0.01,27,-0.010667700064901663,0.0010901617933222751,0.5555555555555556
tdc,regression,rmse,rf,random_label_noise,0.02,27,0.028521707989310068,0.009162628522452199,0.7037037037037037
tdc,regression,rmse,rf,random_label_noise,0.05,27,0.7802626019192181,0.045770097829527234,0.8888888888888888
tdc,regression,rmse,rf,random_label_noise,0.1,27,0.24077402951811708,0.11915911817927816,0.8888888888888888
tdc,regression,rmse,rf,random_label_noise,0.2,27,0.6504325366275391,0.1828958494262951,0.8518518518518519
tdc,regression,rmse,rf,random_label_noise,0.5,27,2.5192820004738454,0.8545631265583014,1.0
tdc,regression,rmse,rf,random_label_noise,1.0,27,4.839803150056577,1.8593786026894454,1.0
tdc,regression,rmse,torch_mlp,cliffs,0.01,27,0.1992853359930063,0.013546686282742915,0.5555555555555556
tdc,regression,rmse,torch_mlp,cliffs,0.02,27,0.14778058366955982,0.021847004730222608,0.6296296296296297
tdc,regression,rmse,torch_mlp,cliffs,0.05,27,0.490754257366773,0.19757654781867506,0.8148148148148148
tdc,regression,rmse,torch_mlp,cliffs,0.1,27,1.3734047785838686,0.6340799532615904,0.9259259259259259
tdc,regression,rmse,torch_mlp,cliffs,0.2,27,2.7117667985793608,1.9011253970613176,1.0
tdc,regression,rmse,torch_mlp,cliffs,0.5,27,5.562343172229087,4.166454435054845,1.0
tdc,regression,rmse,torch_mlp,cliffs,1.0,27,10.271977720443475,6.0037930437514015,1.0
tdc,regression,rmse,torch_mlp,conflicts,0.01,27,0.29605498484438825,0.029930796568403695,0.7407407407407407
tdc,regression,rmse,torch_mlp,conflicts,0.02,27,1.4139824440504687,0.13223405610632888,0.9629629629629629
tdc,regression,rmse,torch_mlp,conflicts,0.05,27,2.7197995469381735,0.6110451280794589,0.9629629629629629
tdc,regression,rmse,torch_mlp,conflicts,0.1,27,4.0550369050704065,1.0594132710509419,1.0
tdc,regression,rmse,torch_mlp,conflicts,0.2,27,6.578835846313367,1.4397004300419525,1.0
tdc,regression,rmse,torch_mlp,conflicts,0.5,27,11.47067577847449,3.9820118040882058,1.0
tdc,regression,rmse,torch_mlp,conflicts,1.0,27,16.07544987704759,4.870528283088132,1.0
tdc,regression,rmse,torch_mlp,contamination,0.01,27,-0.15242802759192842,-0.023507210911931864,0.25925925925925924
tdc,regression,rmse,torch_mlp,contamination,0.02,27,-0.3467060332768043,-0.03716973885404817,0.1111111111111111
tdc,regression,rmse,torch_mlp,contamination,0.05,27,-0.5082589467618862,-0.23201111292604626,0.037037037037037035
tdc,regression,rmse,torch_mlp,contamination,0.1,27,-0.9771937274724285,-0.32355236079994665,0.0
tdc,regression,rmse,torch_mlp,contamination,0.2,27,-2.2085477712136745,-0.6416939936519521,0.0
tdc,regression,rmse,torch_mlp,contamination,0.5,27,-8.132118212670752,-2.150350882452968,0.0
tdc,regression,rmse,torch_mlp,contamination,1.0,27,-21.16766949558867,-5.816894097963801,0.0
tdc,regression,rmse,torch_mlp,random_label_noise,0.01,27,0.08758873285833159,0.008391017891670294,0.6296296296296297
tdc,regression,rmse,torch_mlp,random_label_noise,0.02,27,0.1154775303580507,0.03987309325070787,0.8148148148148148
tdc,regression,rmse,torch_mlp,random_label_noise,0.05,27,1.6126494225190446,0.12193080197326589,0.8888888888888888
tdc,regression,rmse,torch_mlp,random_label_noise,0.1,27,0.7862371787220445,0.32150181454801485,0.8888888888888888
tdc,regression,rmse,torch_mlp,random_label_noise,0.2,27,2.354131774314995,0.45350533884656974,0.9259259259259259
tdc,regression,rmse,torch_mlp,random_label_noise,0.5,27,5.534692020676276,1.471440601341362,0.9259259259259259
tdc,regression,rmse,torch_mlp,random_label_noise,1.0,27,10.397748570796141,2.3902056911637724,1.0
