task_type,model,scenario,fraction,roc_auc_mean,roc_auc_std,pr_auc_mean,pr_auc_std,average_precision_mean,average_precision_std,balanced_accuracy_mean,balanced_accuracy_std,accuracy_mean,accuracy_std,f1_mean,f1_std,precision_mean,precision_std,recall_mean,recall_std,mcc_mean,mcc_std,log_loss_mean,log_loss_std,brier_score_mean,brier_score_std,n_eval_rows_mean,n_eval_rows_std,positive_rate_mean,positive_rate_std,mse_mean,mse_std,rmse_mean,rmse_std,mae_mean,mae_std,median_ae_mean,median_ae_std,r2_mean,r2_std,explained_variance_mean,explained_variance_std,pearson_mean,pearson_std,spearman_mean,spearman_std,kendall_tau_mean,kendall_tau_std,max_error_mean,max_error_std,n_eval_rows_mean,n_eval_rows_std
classification,lgbm,cliffs,0.0,0.830319432118475,0.11725531037711118,0.7942743340121021,0.18352460156737146,0.7942743340121021,0.18352460156737146,0.7432637512498305,0.11161436374394432,0.8011948946908474,0.10403669348361812,0.7211739242792529,0.1869162286342268,0.7708427241544474,0.15921440732663275,0.7029906334250682,0.21936732891928015,0.5183543557380074,0.2144972913257555,0.5263277655871877,0.2256717933706979,0.14714474405852254,0.06930102180982346,1777.4074074074074,1981.411433661481,0.46397349920685854,0.1868949880801639,,,,,,,,,,,,,,,,,,,,,1777.4074074074074,1981.411433661481
classification,lgbm,cliffs,0.01,0.8302615831940219,0.1171712778798937,0.793639403499066,0.18413564576484753,0.793639403499066,0.18413564576484753,0.7436704127382806,0.11025846643445267,0.8017907873621314,0.10342548691013725,0.7225790931192847,0.18331365705912658,0.7735339159953724,0.15219142317979342,0.7049342529311579,0.21761210297582956,0.5198966192259034,0.21005625679136491,0.5247561919240616,0.22538107399446056,0.14713274950404764,0.06907544937184844,1777.4074074074074,1981.411433661481,0.46397349920685854,0.1868949880801639,,,,,,,,,,,,,,,,,,,,,1777.4074074074074,1981.411433661481
classification,lgbm,cliffs,0.02,0.8295554814017858,0.11661282147235369,0.7941249955750789,0.1838796587816267,0.7941249955750789,0.1838796587816267,0.7428529812257385,0.11130320538444294,0.8009581999428197,0.10374781968533064,0.7207118800456096,0.18617177796173895,0.7702686041513223,0.15712697936852596,0.7034634883006234,0.21974620942783177,0.5182409068637351,0.21396660295344494,0.5243317860994252,0.22462985859529572,0.1468890527414815,0.06864986475179394,1777.4074074074074,1981.411433661481,0.46397349920685854,0.1868949880801639,,,,,,,,,,,,,,,,,,,,,1777.4074074074074,1981.411433661481
classification,lgbm,cliffs,0.05,0.829468414412895,0.11661932348109084,0.7933612993109105,0.1851569025874917,0.7933612993109105,0.1851569025874917,0.745119384165631,0.11219399825438879,0.8023076734085625,0.10477600693354246,0.7231526499860158,0.18417652063876455,0.7731322366685127,0.15528884677016272,0.705805391646368,0.21758695115405607,0.5225471324860111,0.21561641255230707,0.5196500147726709,0.22223522884124078,0.1464401486451873,0.06919296915565429,1777.4074074074074,1981.411433661481,0.46397349920685854,0.1868949880801639,,,,,,,,,,,,,,,,,,,,,1777.4074074074074,1981.411433661481
classification,lgbm,cliffs,0.1,0.8290813158664505,0.11426830420379175,0.7931471637409233,0.18239433428667176,0.7931471637409233,0.18239433428667176,0.7423064370157514,0.10918319562148124,0.8014530131021391,0.10040115735579909,0.7197410391921878,0.18618001400129855,0.7707449384201986,0.1559292823751995,0.7007925089519491,0.2206818628317407,0.5182062357255343,0.20926401902948877,0.517350722985222,0.21902542584556178,0.14667648835729702,0.06721067285391692,1777.4074074074074,1981.411433661481,0.46397349920685854,0.1868949880801639,,,,,,,,,,,,,,,,,,,,,1777.4074074074074,1981.411433661481
classification,lgbm,cliffs,0.2,0.8268177490573769,0.11638445374127486,0.7915682733532979,0.18395330777805868,0.7915682733532979,0.18395330777805868,0.7432195606721186,0.11253819552064895,0.8017027269392409,0.10402226665268022,0.7212858313990147,0.18576297463445898,0.7722847198459782,0.15494756099575696,0.7035637779281285,0.2204388562027344,0.5192798111181377,0.2155263188485545,0.5163495551739966,0.2198691854739797,0.14686991619276657,0.0679494768735474,1777.4074074074074,1981.411433661481,0.46397349920685854,0.1868949880801639,,,,,,,,,,,,,,,,,,,,,1777.4074074074074,1981.411433661481
classification,lgbm,cliffs,0.5,0.820879929368556,0.11609630703473908,0.7855018754494535,0.1882570891067679,0.7855018754494535,0.1882570891067679,0.7383862234337994,0.11248611827988134,0.7960322399135188,0.10273394330928629,0.7151299132982442,0.18839824885178358,0.7646849633287656,0.16499692673312447,0.6974974434162248,0.21975938320050634,0.5050730340468718,0.21584551511869418,0.5131942221621235,0.2138198315666617,0.149465534791603,0.06715806333079752,1777.4074074074074,1981.411433661481,0.46397349920685854,0.1868949880801639,,,,,,,,,,,,,,,,,,,,,1777.4074074074074,1981.411433661481
classification,lgbm,cliffs,1.0,0.8076491184050667,0.121656207212948,0.7751136086079834,0.1906195349820036,0.7751136086079834,0.1906195349820036,0.7340210317898642,0.11340269019346544,0.7908591695858558,0.10475304409884967,0.7100657543806466,0.18705953810933704,0.7601179523476722,0.16268588172928655,0.6917118926380764,0.21726046563475243,0.4934456016474288,0.21878771528666144,0.5214824610409308,0.20834946048476022,0.1533174647985498,0.06716442124351661,1777.4074074074074,1981.411433661481,0.46397349920685854,0.1868949880801639,,,,,,,,,,,,,,,,,,,,,1777.4074074074074,1981.411433661481
classification,lgbm,conflicts,0.0,0.830319432118475,0.11725531037711118,0.7942743340121021,0.18352460156737146,0.7942743340121021,0.18352460156737146,0.7432637512498305,0.11161436374394432,0.8011948946908474,0.10403669348361812,0.7211739242792529,0.1869162286342268,0.7708427241544474,0.15921440732663275,0.7029906334250682,0.21936732891928015,0.5183543557380074,0.2144972913257555,0.5263277655871877,0.2256717933706979,0.14714474405852254,0.06930102180982346,1777.4074074074074,1981.411433661481,0.46397349920685854,0.1868949880801639,,,,,,,,,,,,,,,,,,,,,1777.4074074074074,1981.411433661481
classification,lgbm,conflicts,0.01,0.8293237969208761,0.11438171864089595,0.7925831568954947,0.18291626835948646,0.7925831568954947,0.18291626835948646,0.741846805292782,0.1109345375512309,0.8013207148694671,0.10332340819528504,0.719892723566743,0.18648921962554277,0.7724625070996815,0.154858814235273,0.7013224485938756,0.22252990946344206,0.5186826438683064,0.2109004217083571,0.5086919818346648,0.21396217250988042,0.1463274467772776,0.06758637390936079,1777.4074074074074,1981.411433661481,0.46397349920685854,0.1868949880801639,,,,,,,,,,,,,,,,,,,,,1777.4074074074074,1981.411433661481
classification,lgbm,conflicts,0.02,0.8268570929366404,0.11658970462155999,0.7899963669454284,0.18632804036192702,0.7899963669454284,0.18632804036192702,0.7407263402776981,0.11189052366026574,0.7995546644241356,0.10264268625725874,0.7177571200217697,0.18788743582413167,0.7717798842062233,0.15714686106624842,0.6991380193831829,0.2214241207142135,0.5128900387197417,0.2128660899462964,0.501810062356077,0.21053190277996847,0.14676868468846122,0.06756012606268957,1777.4074074074074,1981.411433661481,0.46397349920685854,0.1868949880801639,,,,,,,,,,,,,,,,,,,,,1777.4074074074074,1981.411433661481
classification,lgbm,conflicts,0.05,0.8248910789396608,0.11482409051268284,0.7884235074350826,0.1868000286846624,0.7884235074350826,0.1868000286846624,0.7414518622072848,0.11091054296272247,0.8005651993067654,0.10013692831902893,0.7170989938662246,0.18939847048214076,0.7705857131549751,0.1563563136818006,0.698275565492864,0.22386132097799485,0.5146693789376947,0.2102741503489875,0.4808681269396602,0.19476034798132333,0.14547792335803175,0.06491265048478266,1777.4074074074074,1981.411433661481,0.46397349920685854,0.1868949880801639,,,,,,,,,,,,,,,,,,,,,1777.4074074074074,1981.411433661481
classification,lgbm,conflicts,0.1,0.8148086218530064,0.11633855414393096,0.7784630796802768,0.18826313140089734,0.7784630796802768,0.18826313140089734,0.7331890193615452,0.11228286936680268,0.792989218043542,0.10205168458295301,0.7060342973098803,0.1967081121640469,0.7615210174932951,0.1653693886658063,0.6872255671340036,0.23015320111457307,0.4964281177334313,0.2137853390455576,0.47763017402329666,0.17425843373681996,0.14838470741364296,0.0620962728006953,1777.4074074074074,1981.411433661481,0.46397349920685854,0.1868949880801639,,,,,,,,,,,,,,,,,,,,,1777.4074074074074,1981.411433661481
classification,lgbm,conflicts,0.2,0.8069740415898554,0.11715124281799687,0.770459403595835,0.1871553350814165,0.770459403595835,0.1871553350814165,0.7295929652733137,0.11286304769622714,0.788435405711964,0.10549580582709983,0.7012495249023197,0.19781989482338572,0.7593810018037751,0.16136679162105552,0.6844853908804416,0.22960288292899514,0.48780035510172404,0.21229272306365898,0.47759355556607636,0.14108927245332623,0.15256299537326992,0.05595467063631114,1777.4074074074074,1981.411433661481,0.46397349920685854,0.1868949880801639,,,,,,,,,,,,,,,,,,,,,1777.4074074074074,1981.411433661481
classification,lgbm,conflicts,0.5,0.7755119733713507,0.11625243858937875,0.7413961981058248,0.1866924607688379,0.7413961981058248,0.1866924607688379,0.7061689247688185,0.10264808341018135,0.7626200546965339,0.0999056045852912,0.6767480381554577,0.18343131005201366,0.7325269011484484,0.15909153131201542,0.6569063497811075,0.20652532717470232,0.4312556494879912,0.1985685846744722,0.5489673732084511,0.08060065187139688,0.18237998288997778,0.03570511618630441,1777.4074074074074,1981.411433661481,0.46397349920685854,0.1868949880801639,,,,,,,,,,,,,,,,,,,,,1777.4074074074074,1981.411433661481
classification,lgbm,conflicts,1.0,0.5,0.0,0.46397349920685854,0.1868949880801639,0.46397349920685854,0.1868949880801639,0.5,0.0,0.46397349920685854,0.1868949880801639,0.6110999716040085,0.1842181108066633,0.46397349920685854,0.1868949880801639,1.0,0.0,0.0,0.0,0.6931471805599453,1.0962573991985801e-16,0.25,0.0,1777.4074074074074,1981.411433661481,0.46397349920685854,0.1868949880801639,,,,,,,,,,,,,,,,,,,,,1777.4074074074074,1981.411433661481
classification,lgbm,contamination,0.0,0.830319432118475,0.11725531037711118,0.7942743340121021,0.18352460156737146,0.7942743340121021,0.18352460156737146,0.7432637512498305,0.11161436374394432,0.8011948946908474,0.10403669348361812,0.7211739242792529,0.1869162286342268,0.7708427241544474,0.15921440732663275,0.7029906334250682,0.21936732891928015,0.5183543557380074,0.2144972913257555,0.5263277655871877,0.2256717933706979,0.14714474405852254,0.06930102180982346,1777.4074074074074,1981.411433661481,0.46397349920685854,0.1868949880801639,,,,,,,,,,,,,,,,,,,,,1777.4074074074074,1981.411433661481
classification,lgbm,contamination,0.01,0.8448490241364591,0.09841070522371101,0.808697281693492,0.16975110089523837,0.808697281693492,0.16975110089523837,0.758187127764795,0.10022458515189289,0.8159689037037369,0.08657895613285096,0.7404474957630184,0.16934185111639127,0.7877838315337249,0.14115372094629858,0.7197209127181123,0.20343110758918595,0.5498292105516678,0.18909172368493948,0.50302530745009,0.20637812789174803,0.13920036818444634,0.061012122660988995,1777.4074074074074,1981.411433661481,0.46397349920685854,0.1868949880801639,,,,,,,,,,,,,,,,,,,,,1777.4074074074074,1981.411433661481
classification,lgbm,contamination,0.02,0.849785000345716,0.09421034582910734,0.8143385251190766,0.16499664159916616,0.8143385251190766,0.16499664159916616,0.7618833409642864,0.09871585971220453,0.8185216777756903,0.08332100621892373,0.7457970300673128,0.16558357551388445,0.7894552077326791,0.1387251324922895,0.7278059884453734,0.197414880249144,0.554732021584125,0.18440540455280222,0.4957027348546689,0.19985145424874384,0.13674016248773313,0.05833124598337315,1777.4074074074074,1981.411433661481,0.46397349920685854,0.1868949880801639,,,,,,,,,,,,,,,,,,,,,1777.4074074074074,1981.411433661481
classification,lgbm,contamination,0.05,0.860246646503513,0.09083912685016227,0.8278872888208532,0.1573890761719143,0.8278872888208532,0.1573890761719143,0.7753036560096718,0.09593789812952762,0.8297068202634464,0.07857987259872845,0.7627733247500391,0.15850603239376976,0.797537857973158,0.13482964270296627,0.7466867506852188,0.18661393636115076,0.5795111475148208,0.17923392412900724,0.4670137043394406,0.1883887576810338,0.12869718365413654,0.05593529003800649,1777.4074074074074,1981.411433661481,0.46397349920685854,0.1868949880801639,,,,,,,,,,,,,,,,,,,,,1777.4074074074074,1981.411433661481
classification,lgbm,contamination,0.1,0.8716076528281966,0.08603348084290086,0.8371991543850497,0.15606595084676547,0.8371991543850497,0.15606595084676547,0.7849228923926829,0.09603480614879635,0.8392987925946142,0.07371574578502653,0.7742631898553678,0.15699883350256566,0.8075118257715599,0.13227365466454163,0.7589339672562401,0.18398937835789567,0.5993591654499633,0.1758644568467276,0.4437190365705136,0.17947919444169336,0.12192808843828816,0.05276184573100783,1777.4074074074074,1981.411433661481,0.46397349920685854,0.1868949880801639,,,,,,,,,,,,,,,,,,,,,1777.4074074074074,1981.411433661481
classification,lgbm,contamination,0.2,0.8920243490612828,0.0754562503171815,0.8630713539647069,0.13731043168426146,0.8630713539647069,0.13731043168426146,0.811755266606953,0.08848402298267327,0.859895418119873,0.06570506809993572,0.8038697703282395,0.1390253274303927,0.8331180776786872,0.11397932016867586,0.7902349465356764,0.16656551377834355,0.6510457589869583,0.15730282270315663,0.396104646868107,0.1647467556735232,0.1080592579613953,0.04818809414287103,1777.4074074074074,1981.411433661481,0.46397349920685854,0.1868949880801639,,,,,,,,,,,,,,,,,,,,,1777.4074074074074,1981.411433661481
classification,lgbm,contamination,0.5,0.9424475801997981,0.040563612503965,0.9201903250845037,0.08648129378164968,0.9201903250845037,0.08648129378164968,0.8774545583239944,0.061705043572362166,0.9102056663334068,0.03966287996390656,0.8717206028179783,0.09663843460592698,0.8939960579320333,0.06738660781840843,0.8606844890089671,0.12747589960612843,0.7767436011635177,0.09585222927568257,0.26606986006969874,0.10254958109690276,0.07166585269261573,0.030457277012290406,1777.4074074074074,1981.411433661481,0.46397349920685854,0.1868949880801639,,,,,,,,,,,,,,,,,,,,,1777.4074074074074,1981.411433661481
classification,lgbm,contamination,1.0,0.9952831022013843,0.007468851306413637,0.9902687609498738,0.017780542447698465,0.9902687609498738,0.017780542447698465,0.9680541395532404,0.05363636349322473,0.9803100015712007,0.02622429285729291,0.9617686985646559,0.06923795659970824,0.9785426657717372,0.028743705506701762,0.9511753790544067,0.10218725389206466,0.9468320330470232,0.0763363423980756,0.09140383116656851,0.08259131883961655,0.020861147521816097,0.02305812363779243,1777.4074074074074,1981.411433661481,0.46397349920685854,0.1868949880801639,,,,,,,,,,,,,,,,,,,,,1777.4074074074074,1981.411433661481
classification,lgbm,random_label_noise,0.0,0.830319432118475,0.11725531037711118,0.7942743340121021,0.18352460156737146,0.7942743340121021,0.18352460156737146,0.7432637512498305,0.11161436374394432,0.8011948946908474,0.10403669348361812,0.7211739242792529,0.1869162286342268,0.7708427241544474,0.15921440732663275,0.7029906334250682,0.21936732891928015,0.5183543557380074,0.2144972913257555,0.5263277655871877,0.2256717933706979,0.14714474405852254,0.06930102180982346,1777.4074074074074,1981.411433661481,0.46397349920685854,0.1868949880801639,,,,,,,,,,,,,,,,,,,,,1777.4074074074074,1981.411433661481
classification,lgbm,random_label_noise,0.01,0.8285279024680398,0.11419069555836127,0.7927766011166912,0.18287072892191616,0.7927766011166912,0.18287072892191616,0.7414149254948423,0.11110457042375135,0.8002303756827804,0.10418159421079422,0.7205224888571886,0.18419125945300607,0.7703788827685365,0.15586303705770968,0.7027782213163376,0.21862579609382046,0.5161306640211534,0.2129552221483554,0.5251458264459486,0.21620380364457803,0.14716770176335192,0.06727464119809823,1777.4074074074074,1981.411433661481,0.46397349920685854,0.1868949880801639,,,,,,,,,,,,,,,,,,,,,1777.4074074074074,1981.411433661481
classification,lgbm,random_label_noise,0.02,0.8266522680726054,0.11634262240985947,0.7896313017548309,0.1852900228255441,0.7896313017548309,0.1852900228255441,0.7403833114032784,0.11153063293905965,0.8000704149380681,0.10362493944590268,0.717863743637407,0.18928058731844652,0.7706953894707899,0.15963024391917816,0.6995764478356185,0.22331555714908377,0.515218061714274,0.213956825242801,0.5262144407387013,0.2212502604011473,0.14863454548249402,0.06831416235670834,1777.4074074074074,1981.411433661481,0.46397349920685854,0.1868949880801639,,,,,,,,,,,,,,,,,,,,,1777.4074074074074,1981.411433661481
classification,lgbm,random_label_noise,0.05,0.8221953082872601,0.1180578499462482,0.7850798449863045,0.1877149548961532,0.7850798449863045,0.1877149548961532,0.7344292961986109,0.11274431408413264,0.7950256021698022,0.1041154944291076,0.7110687841933303,0.19116928094988855,0.7672171434488801,0.16275644081500507,0.690741058411029,0.22361988059609672,0.5022025407974037,0.21458572136598916,0.5231869494702347,0.21361755735315202,0.15043643059608378,0.06751490485707318,1777.4074074074074,1981.411433661481,0.46397349920685854,0.1868949880801639,,,,,,,,,,,,,,,,,,,,,1777.4074074074074,1981.411433661481
classification,lgbm,random_label_noise,0.1,0.8165549578899508,0.11553994296413114,0.7793182944231404,0.18551336393175227,0.7793182944231404,0.18551336393175227,0.7296694542455184,0.10896001906853148,0.792326049176296,0.1004318979879803,0.7036627749315926,0.19483980284979488,0.7606254439345042,0.15926993879548482,0.6833065102875576,0.2306071806500099,0.49461611580573456,0.2090389861275104,0.5175995627045362,0.2099147351309357,0.15179002005302575,0.06605553469975012,1777.4074074074074,1981.411433661481,0.46397349920685854,0.1868949880801639,,,,,,,,,,,,,,,,,,,,,1777.4074074074074,1981.411433661481
classification,lgbm,random_label_noise,0.2,0.8032273508552192,0.11529884409165027,0.7636301211953054,0.18415429565337527,0.7636301211953054,0.18415429565337527,0.7131627379235415,0.10785386491656819,0.7807183289894096,0.10286853811547025,0.6871392984459301,0.19737332353108628,0.7524294429269981,0.1579331099637337,0.6656829831877824,0.23498139249788821,0.4650584360866163,0.20457910101917198,0.5318816195314782,0.2109684296067935,0.15884787889749472,0.06643776050381041,1777.4074074074074,1981.411433661481,0.46397349920685854,0.1868949880801639,,,,,,,,,,,,,,,,,,,,,1777.4074074074074,1981.411433661481
classification,lgbm,random_label_noise,0.5,0.7354119340268273,0.10184559124216706,0.6941061571234294,0.18224311506925092,0.6941061571234294,0.18224311506925092,0.6537851755710512,0.09249919988184215,0.7372867048577805,0.09670252215604287,0.613208230705888,0.21956660588323523,0.6967132127556066,0.146625341503099,0.5906171924929159,0.2620307257892585,0.3444021298979242,0.17043622785870272,0.6046265837758316,0.17000547350974693,0.18813253945610972,0.05673461794260452,1777.4074074074074,1981.411433661481,0.46397349920685854,0.1868949880801639,,,,,,,,,,,,,,,,,,,,,1777.4074074074074,1981.411433661481
classification,lgbm,random_label_noise,1.0,0.49551906154482367,0.04703997697114347,0.4729551716723126,0.19170881584029098,0.4729551716723126,0.19170881584029098,0.49875618083121254,0.023982038483083036,0.5999646916231338,0.12877706628484345,0.41627201037301426,0.244350454992814,0.4596919785480914,0.20052186811466094,0.4058831302980133,0.28242564699199907,-0.0036237362055035753,0.05923816144612056,0.8016110268395833,0.18546347095049,0.2597467774418686,0.06729320501423758,1777.4074074074074,1981.411433661481,0.46397349920685854,0.1868949880801639,,,,,,,,,,,,,,,,,,,,,1777.4074074074074,1981.411433661481
classification,rf,cliffs,0.0,0.837041721739266,0.10429730240249917,0.8008918399461673,0.17763770904858298,0.8008918399461673,0.17763770904858298,0.7254244949917806,0.11817703926723033,0.8028704198215562,0.09817507863862679,0.686687782250381,0.23939177531853878,0.8053067597469108,0.12703630615402559,0.6625129768778387,0.2864921639164014,0.5084419109429172,0.1987697471398027,0.426488252665134,0.14751320200077866,0.13724757621478628,0.05649521515076198,1777.4074074074074,1981.411433661481,0.46397349920685854,0.1868949880801639,,,,,,,,,,,,,,,,,,,,,1777.4074074074074,1981.411433661481
classification,rf,cliffs,0.01,0.8361529546266381,0.10515068892722952,0.7998117054652883,0.17818645668684435,0.7998117054652883,0.17818645668684435,0.7245443644637508,0.11985151774670005,0.8017334574274175,0.10073206095579414,0.6864163553162976,0.23845417569542632,0.8021744688773266,0.1321906004546592,0.6624752298294975,0.2862705810099455,0.5060898522861499,0.204089762741258,0.42698314230645296,0.14723812503590064,0.13732425619195154,0.05651827995703889,1777.4074074074074,1981.411433661481,0.46397349920685854,0.1868949880801639,,,,,,,,,,,,,,,,,,,,,1777.4074074074074,1981.411433661481
classification,rf,cliffs,0.02,0.8357058583529406,0.10633024953382368,0.7994861373431585,0.17855040012220216,0.7994861373431585,0.17855040012220216,0.7241701933719308,0.11967811116646732,0.8016457771613286,0.10056165440116416,0.6846033964111705,0.2412262386267634,0.8044332191892452,0.12887225111942874,0.6606888800468722,0.2882462486119697,0.5058074942865358,0.2034506251570794,0.42695725792252415,0.14698653244527007,0.13722081321477092,0.05644867993960381,1777.4074074074074,1981.411433661481,0.46397349920685854,0.1868949880801639,,,,,,,,,,,,,,,,,,,,,1777.4074074074074,1981.411433661481
classification,rf,cliffs,0.05,0.8351985017323486,0.10630108947317535,0.7994304773223727,0.1780982056593031,0.7994304773223727,0.1780982056593031,0.7242588041524022,0.11846061284379392,0.8014087420904195,0.09979531753886889,0.6858846944422368,0.23743064701101943,0.8061625551376735,0.12748394335227847,0.661173387639106,0.28563838519516843,0.5059636104146866,0.19999746978697894,0.4272137154549655,0.1474614983761634,0.1375112919013036,0.05660981861655053,1777.4074074074074,1981.411433661481,0.46397349920685854,0.1868949880801639,,,,,,,,,,,,,,,,,,,,,1777.4074074074074,1981.411433661481
classification,rf,cliffs,0.1,0.8356613423330461,0.1046942802342728,0.797574084066981,0.1812025231000781,0.797574084066981,0.1812025231000781,0.7246006042431175,0.11738158372673599,0.8021362998067504,0.09824211223204253,0.6848409588827169,0.2375002641082532,0.8029031555506866,0.11793755181506214,0.6585455645684403,0.2865542403566136,0.5066110513589095,0.1970599898240253,0.42672472985237725,0.14706242844345774,0.13747700945838195,0.056224907481066094,1777.4074074074074,1981.411433661481,0.46397349920685854,0.1868949880801639,,,,,,,,,,,,,,,,,,,,,1777.4074074074074,1981.411433661481
classification,rf,cliffs,0.2,0.835642390356391,0.10437961250875309,0.7992440073259319,0.17971493457274135,0.7992440073259319,0.17971493457274135,0.7254101651691046,0.11687328817168194,0.802892553099833,0.09693113241154482,0.685946782879555,0.23685798132479843,0.8040911497163854,0.12066645487756505,0.6598865542098986,0.2868032884811234,0.5087509272024018,0.19467503390833202,0.4280299312542926,0.1465501803908898,0.137886277406624,0.05618060820214025,1777.4074074074074,1981.411433661481,0.46397349920685854,0.1868949880801639,,,,,,,,,,,,,,,,,,,,,1777.4074074074074,1981.411433661481
classification,rf,cliffs,0.5,0.8310613051011109,0.1030899554258821,0.7939849204616092,0.18386338759379198,0.7939849204616092,0.18386338759379198,0.7228079411904804,0.11894285184441779,0.7995488619887762,0.09877979667206023,0.6807771560243374,0.2434123303292888,0.7958503797895103,0.13169288517998393,0.6561414925357861,0.2880266300674668,0.4965828229318616,0.20465645717447078,0.43308809035100665,0.1458938609240105,0.13986831330295058,0.056044563889843906,1777.4074074074074,1981.411433661481,0.46397349920685854,0.1868949880801639,,,,,,,,,,,,,,,,,,,,,1777.4074074074074,1981.411433661481
classification,rf,cliffs,1.0,0.8217894381380803,0.10530532931694038,0.7853435595806143,0.19008465012412204,0.7853435595806143,0.19008465012412204,0.7153359432247448,0.11826569157225034,0.7922892303153157,0.0970729576737107,0.6744419705513383,0.23420414703161538,0.7842575307662609,0.1409438161324587,0.6464561783879481,0.2814696343008232,0.47755938274384346,0.20756598219526842,0.44422811982460725,0.14376239897674276,0.14374295199673925,0.055106708409010746,1777.4074074074074,1981.411433661481,0.46397349920685854,0.1868949880801639,,,,,,,,,,,,,,,,,,,,,1777.4074074074074,1981.411433661481
classification,rf,conflicts,0.0,0.8370419437539647,0.10429739319484949,0.8008919619374965,0.17763779480088596,0.8008919619374965,0.17763779480088596,0.7254244949917806,0.11817703926723033,0.8028704198215562,0.09817507863862679,0.686687782250381,0.23939177531853878,0.8053067597469108,0.12703630615402559,0.6625129768778387,0.2864921639164014,0.5084419109429172,0.1987697471398027,0.426488252665134,0.14751320200077866,0.13724757621478628,0.05649521515076198,1777.4074074074074,1981.411433661481,0.46397349920685854,0.1868949880801639,,,,,,,,,,,,,,,,,,,,,1777.4074074074074,1981.411433661481
classification,rf,conflicts,0.01,0.8370185600123846,0.10294188311967195,0.8009334217865414,0.17698143285690998,0.8009334217865414,0.17698143285690998,0.7264152692230644,0.11690654001390438,0.8037972267458534,0.09851259363544757,0.687477685590157,0.23638257419929057,0.8132072072995662,0.11290824973912923,0.660909560913542,0.28621705848143686,0.5125569875919068,0.19351039868262607,0.42632362719961314,0.14603275387160528,0.13712836207246779,0.05575434096026157,1777.4074074074074,1981.411433661481,0.46397349920685854,0.1868949880801639,,,,,,,,,,,,,,,,,,,,,1777.4074074074074,1981.411433661481
classification,rf,conflicts,0.02,0.8332227613385397,0.10686774113720533,0.7983923702925094,0.17791818114770183,0.7983923702925094,0.17791818114770183,0.7257806077725557,0.11886435394623694,0.8023592982964803,0.10164839568642128,0.6878463506956085,0.23634169523726817,0.8071563552719084,0.12037449635907141,0.6624496058370283,0.2840388347842365,0.5086948438215131,0.20063785323401329,0.42823077196435677,0.14647235406597067,0.138015661334483,0.0562841748680252,1777.4074074074074,1981.411433661481,0.46397349920685854,0.1868949880801639,,,,,,,,,,,,,,,,,,,,,1777.4074074074074,1981.411433661481
classification,rf,conflicts,0.05,0.8327003144911308,0.10463035410945161,0.7958440379300656,0.18010905282002448,0.7958440379300656,0.18010905282002448,0.7262653574658755,0.11813926871691108,0.8028980475563519,0.09952456223187496,0.6849892451741801,0.2418516917894461,0.8049997361802151,0.12340123014851985,0.6591448337577553,0.28806431171377844,0.508646712005542,0.201395446462484,0.4313823938485646,0.1426736005372305,0.13875765057367123,0.055312001967093016,1777.4074074074074,1981.411433661481,0.46397349920685854,0.1868949880801639,,,,,,,,,,,,,,,,,,,,,1777.4074074074074,1981.411433661481
classification,rf,conflicts,0.1,0.8282414246945079,0.10759489645894767,0.7901984405767619,0.18609527231915735,0.7901984405767619,0.18609527231915735,0.7216855944484923,0.11756763958004189,0.7988441038260805,0.10058857190933332,0.6807789075288437,0.24154132875734263,0.7988948946169627,0.12523146579989952,0.6568236898119507,0.287450250108295,0.49889673869322926,0.19966814322143195,0.4392035738560178,0.13780833582947805,0.14127398144462786,0.054526687418599826,1777.4074074074074,1981.411433661481,0.46397349920685854,0.1868949880801639,,,,,,,,,,,,,,,,,,,,,1777.4074074074074,1981.411433661481
classification,rf,conflicts,0.2,0.8206827551818364,0.1028218356599899,0.7819971820103605,0.18686195537846476,0.7819971820103605,0.18686195537846476,0.7235034293594729,0.1170818049433267,0.797391526402087,0.10222236891411285,0.6779474830874185,0.24678682268243757,0.7906300495706763,0.1344919456709538,0.6548871335077787,0.28733043426888294,0.49644644220266887,0.20607384020034236,0.45880508560518496,0.1214150531061581,0.14733024041570536,0.0502862923418403,1777.4074074074074,1981.411433661481,0.46397349920685854,0.1868949880801639,,,,,,,,,,,,,,,,,,,,,1777.4074074074074,1981.411433661481
classification,rf,conflicts,0.5,0.7993219996293192,0.10076646145190482,0.7570441492637947,0.18688610033673841,0.7570441492637947,0.18688610033673841,0.711110429135069,0.11127647995956254,0.7822966840390693,0.10205893975657346,0.6644483805069749,0.24237469305571976,0.7571410190998714,0.15364241196466957,0.6448640494440675,0.2758815260220356,0.45983562568841807,0.20469815811837516,0.537285016700584,0.07752109730325871,0.17717038145438813,0.03548219345458125,1777.4074074074074,1981.411433661481,0.46397349920685854,0.1868949880801639,,,,,,,,,,,,,,,,,,,,,1777.4074074074074,1981.411433661481
classification,rf,conflicts,1.0,0.5102267771808696,0.04109011026847694,0.477706480957757,0.18979055720738633,0.477706480957757,0.18979055720738633,0.5047292679408875,0.03429417934155517,0.5048991191665532,0.03137593076579803,0.4640923185857334,0.12626235870326116,0.4682553415692928,0.19169173786817134,0.5040288143829237,0.05300797521105894,0.009499419584173911,0.06163283404480309,0.6933697712985406,0.0026992801859968833,0.2501104308301412,0.0013473703640702734,1777.4074074074074,1981.411433661481,0.46397349920685854,0.1868949880801639,,,,,,,,,,,,,,,,,,,,,1777.4074074074074,1981.411433661481
classification,rf,contamination,0.0,0.8370417025653979,0.10429729293283782,0.8008918409483557,0.1776376950590223,0.8008918409483557,0.1776376950590223,0.7254244949917806,0.11817703926723033,0.8028704198215562,0.09817507863862679,0.686687782250381,0.23939177531853878,0.8053067597469108,0.12703630615402559,0.6625129768778387,0.2864921639164014,0.5084419109429172,0.1987697471398027,0.426488252665134,0.14751320200077866,0.13724757621478628,0.05649521515076198,1777.4074074074074,1981.411433661481,0.46397349920685854,0.1868949880801639,,,,,,,,,,,,,,,,,,,,,1777.4074074074074,1981.411433661481
classification,rf,contamination,0.01,0.8494352179697999,0.09375574458026671,0.8143974938322733,0.16815199999554326,0.8143974938322733,0.16815199999554326,0.7396896336348411,0.10690049344742342,0.8149180370557237,0.08201088061668918,0.7152526100413226,0.20386445817875043,0.817403106515066,0.1040826928762726,0.6860155121543483,0.2552229593092208,0.5363874936702071,0.17470799864476858,0.41153800051747924,0.13207771730115006,0.13079538646282893,0.04920151559595508,1777.4074074074074,1981.411433661481,0.46397349920685854,0.1868949880801639,,,,,,,,,,,,,,,,,,,,,1777.4074074074074,1981.411433661481
classification,rf,contamination,0.02,0.8557241286449843,0.0878590748332113,0.8217324988758239,0.16272195478223206,0.8217324988758239,0.16272195478223206,0.7489662848958346,0.10264396457049153,0.8225592658297511,0.07073128035138312,0.7319972144587951,0.18872087344464814,0.8127742480853067,0.10846734028441744,0.705279869763333,0.23968325633656212,0.550988918481241,0.16735069732383567,0.40190921484874564,0.125192518797989,0.12727295430698798,0.04599745508239552,1777.4074074074074,1981.411433661481,0.46397349920685854,0.1868949880801639,,,,,,,,,,,,,,,,,,,,,1777.4074074074074,1981.411433661481
classification,rf,contamination,0.05,0.8644174775582646,0.08440905586509612,0.8341650535960085,0.15261334216730119,0.8341650535960085,0.15261334216730119,0.7634762274529453,0.09665521167854318,0.8337306077041736,0.0653314297864755,0.7544761502068585,0.1670385834720417,0.8337194720617782,0.09522543797671841,0.7275586954796435,0.21904546707386463,0.5811189619929259,0.14914881955792456,0.3872452031000441,0.11841666191835343,0.12152791755093006,0.04303269644593871,1777.4074074074074,1981.411433661481,0.46397349920685854,0.1868949880801639,,,,,,,,,,,,,,,,,,,,,1777.4074074074074,1981.411433661481
classification,rf,contamination,0.1,0.87633666027184,0.08048464554870334,0.8468794101823869,0.14694284499359325,0.8468794101823869,0.14694284499359325,0.7766302966685631,0.0978729739126163,0.8443171046712434,0.06214776825542262,0.7698820670098098,0.165714171223082,0.8329203323452093,0.08894105657169978,0.7458660757419969,0.21300405348342236,0.6041874988744871,0.15355949356304793,0.36967681287443727,0.11546097615827691,0.11482171946485596,0.04175402285361576,1777.4074074074074,1981.411433661481,0.46397349920685854,0.1868949880801639,,,,,,,,,,,,,,,,,,,,,1777.4074074074074,1981.411433661481
classification,rf,contamination,0.2,0.900390166930587,0.06604788936904468,0.8749871135180876,0.1259325641211235,0.8749871135180876,0.1259325641211235,0.8049638983461572,0.09059254949832446,0.864587305361863,0.05512234146782204,0.8040906934876975,0.14014136372960323,0.8594960416984065,0.08144125554325739,0.7821922628589117,0.18923808003372378,0.6576804830079648,0.13620359235493762,0.33476172384062475,0.10709132533375626,0.10186403576352296,0.03786939357956098,1777.4074074074074,1981.411433661481,0.46397349920685854,0.1868949880801639,,,,,,,,,,,,,,,,,,,,,1777.4074074074074,1981.411433661481
classification,rf,contamination,0.5,0.9558563699984063,0.02978554717728474,0.9404545583912655,0.06420263197483818,0.9404545583912655,0.06420263197483818,0.8855547136514301,0.05402436250912447,0.919874453422755,0.03563841214458812,0.8903768748500063,0.06922741443113394,0.9181451560948459,0.0468183181424767,0.8723711388285733,0.11047303211638182,0.8033235177482816,0.07821588188171467,0.23856891391553617,0.0809473704212078,0.06736179691851307,0.02650568737187733,1777.4074074074074,1981.411433661481,0.46397349920685854,0.1868949880801639,,,,,,,,,,,,,,,,,,,,,1777.4074074074074,1981.411433661481
classification,rf,contamination,1.0,0.9999921609589194,2.0981819137444867e-05,0.999969773782428,0.00010408608045732377,0.999969773782428,0.00010408608045732377,0.9983774582547834,0.003481998040025852,0.9991797823469514,0.001687077338013126,0.9985810789405302,0.0029450988311539787,0.9990830278362192,0.0025066564919383077,0.998093201220618,0.004944504583537287,0.997633837182743,0.004681425910577701,0.0955313539954348,0.034871416919848255,0.0160626193803163,0.006483598001245183,1777.4074074074074,1981.411433661481,0.46397349920685854,0.1868949880801639,,,,,,,,,,,,,,,,,,,,,1777.4074074074074,1981.411433661481
classification,rf,random_label_noise,0.0,0.8370417268860588,0.10429730449822755,0.8008918413010848,0.1776377174608981,0.8008918413010848,0.1776377174608981,0.7254244949917806,0.11817703926723033,0.8028704198215562,0.09817507863862679,0.686687782250381,0.23939177531853878,0.8053067597469108,0.12703630615402559,0.6625129768778387,0.2864921639164014,0.5084419109429172,0.1987697471398027,0.426488252665134,0.14751320200077866,0.13724757621478628,0.05649521515076198,1777.4074074074074,1981.411433661481,0.46397349920685854,0.1868949880801639,,,,,,,,,,,,,,,,,,,,,1777.4074074074074,1981.411433661481
classification,rf,random_label_noise,0.01,0.8364759472823606,0.1012190403803478,0.7997404992446547,0.17517879235927694,0.7997404992446547,0.17517879235927694,0.7228788212922675,0.11921223040596726,0.8008757017534023,0.10027954673598886,0.6817339582537658,0.2438093018501994,0.8024862784325566,0.1158822009708599,0.6579669934180615,0.29126095568122595,0.5033459908395347,0.20001316567993754,0.42817256445369695,0.14647908688748107,0.13780035313217565,0.056139609997189865,1777.4074074074074,1981.411433661481,0.46397349920685854,0.1868949880801639,,,,,,,,,,,,,,,,,,,,,1777.4074074074074,1981.411433661481
classification,rf,random_label_noise,0.02,0.8356838065784623,0.10360415338812774,0.7996660931144645,0.1757840000056269,0.7996660931144645,0.1757840000056269,0.723475476359826,0.11808443593916235,0.8017866856545602,0.09831462515012498,0.6843432823890314,0.23983016834764656,0.8110638346103598,0.11705066651526506,0.6602102650673952,0.2880860613345509,0.5057611953571344,0.19487597566289777,0.42836270841757323,0.1459828324216499,0.13792808868102946,0.05599707987695328,1777.4074074074074,1981.411433661481,0.46397349920685854,0.1868949880801639,,,,,,,,,,,,,,,,,,,,,1777.4074074074074,1981.411433661481
classification,rf,random_label_noise,0.05,0.8329520534429304,0.10152745118817037,0.7967001742359683,0.1764719423861604,0.7967001742359683,0.1764719423861604,0.7219461092996076,0.11651299478132003,0.8011519958996096,0.0967444941711023,0.6848953919347345,0.23301629434978988,0.8096568392912136,0.11138023670374478,0.6577944402372861,0.2839190602965145,0.5031834544028874,0.1914586845123043,0.4321434094776143,0.14314629898377093,0.13923918359731802,0.055234795292994424,1777.4074074074074,1981.411433661481,0.46397349920685854,0.1868949880801639,,,,,,,,,,,,,,,,,,,,,1777.4074074074074,1981.411433661481
classification,rf,random_label_noise,0.1,0.8289235991249155,0.1044443523167066,0.7884704210872139,0.1816958760130507,0.7884704210872139,0.1816958760130507,0.7167866145657068,0.11804538711935952,0.7970503197828533,0.09917647951461267,0.6729386864105178,0.24769518420846487,0.7995066900539798,0.1212246135953104,0.6487208853706422,0.29502884265852775,0.4922893079580537,0.19864613845871804,0.4395616855503865,0.14332520024491988,0.14178748418714915,0.05525368755773944,1777.4074074074074,1981.411433661481,0.46397349920685854,0.1868949880801639,,,,,,,,,,,,,,,,,,,,,1777.4074074074074,1981.411433661481
classification,rf,random_label_noise,0.2,0.8174777607252702,0.10323566422527013,0.7785525535547508,0.18355835176393445,0.7785525535547508,0.18355835176393445,0.7010814255499535,0.11809870109677065,0.7860275059049755,0.10010537842551871,0.6543823774859715,0.25932233633032553,0.7744202656134486,0.15385553408669994,0.6340774753757662,0.30117000298920393,0.45867681445050157,0.20396554260921798,0.4558428972324957,0.13666784603819235,0.14783665082107186,0.05380887034198314,1777.4074074074074,1981.411433661481,0.46397349920685854,0.1868949880801639,,,,,,,,,,,,,,,,,,,,,1777.4074074074074,1981.411433661481
classification,rf,random_label_noise,0.5,0.7525363717496671,0.09999221280421645,0.7071084191452657,0.19356142801393939,0.7071084191452657,0.19356142801393939,0.6496957970469267,0.10240587917515163,0.7459032775364071,0.09448795915379642,0.5913527881564136,0.2666698148877199,0.7000831835810141,0.1874009195050678,0.575047450183497,0.3093822128978587,0.34612664815632305,0.17806068046947407,0.5223960037725804,0.12225653020950553,0.17355689795012047,0.0489480848930807,1777.4074074074074,1981.411433661481,0.46397349920685854,0.1868949880801639,,,,,,,,,,,,,,,,,,,,,1777.4074074074074,1981.411433661481
classification,rf,random_label_noise,1.0,0.4979612797906473,0.05897751461783521,0.47218885724833765,0.2002163732914732,0.47218885724833765,0.2002163732914732,0.5013081027931946,0.025994155889377462,0.6119586678190696,0.1339228392591077,0.3945508076470479,0.2802794243481096,0.44415180448505304,0.22907334425816397,0.3966711764019556,0.3283679522089383,0.0028645966729534734,0.07511430284492426,0.6914839734664766,0.14856448975184766,0.2418012057047104,0.06433056711296199,1777.4074074074074,1981.411433661481,0.46397349920685854,0.1868949880801639,,,,,,,,,,,,,,,,,,,,,1777.4074074074074,1981.411433661481
classification,torch_mlp,cliffs,0.0,0.7969511935628133,0.11018984215735295,0.7520585397322435,0.19717787047352922,0.7520585397322435,0.19717787047352922,0.720599820613643,0.10355628963594946,0.7778605300802022,0.10274291476369365,0.7030573426613603,0.18075050208936516,0.7113928265029713,0.16135029488894098,0.7028747756731858,0.202711743968094,0.46100615874359585,0.20481695286867346,1.218949842735169,0.5365502747668239,0.19452431570408577,0.08887637179355797,1777.4074074074074,1981.411433661481,0.46397349920685854,0.1868949880801639,,,,,,,,,,,,,,,,,,,,,1777.4074074074074,1981.411433661481
classification,torch_mlp,cliffs,0.01,0.7976158487930153,0.10861784450525895,0.7528647212471253,0.19406803840164258,0.7528647212471253,0.19406803840164258,0.7211624089671369,0.10327758135831741,0.7783592168029714,0.10341548437469286,0.7045776635351034,0.17862731763847833,0.7139555239586475,0.16110002249857075,0.7036718902563364,0.19959489845205644,0.4626412045370511,0.20430772569590472,1.216571925407516,0.5453134581817969,0.19466212288451584,0.08969394241134757,1777.4074074074074,1981.411433661481,0.46397349920685854,0.1868949880801639,,,,,,,,,,,,,,,,,,,,,1777.4074074074074,1981.411433661481
classification,torch_mlp,cliffs,0.02,0.7958728678556171,0.11000522733325356,0.7513900446156295,0.1961000846043594,0.7513900446156295,0.1961000846043594,0.7204126832181152,0.10493181183607371,0.7780634405236908,0.10318125012329746,0.702771914117783,0.1822948016569837,0.7127055203762344,0.16461162329920917,0.7012793195977003,0.2031140204675434,0.46075483475164825,0.20822504258040916,1.2297305508441232,0.5565073591553898,0.19506875760364617,0.08938119031213425,1777.4074074074074,1981.411433661481,0.46397349920685854,0.1868949880801639,,,,,,,,,,,,,,,,,,,,,1777.4074074074074,1981.411433661481
classification,torch_mlp,cliffs,0.05,0.7958148096119879,0.10945944425615779,0.7504805631466448,0.1968225609401675,0.7504805631466448,0.1968225609401675,0.7229490275532235,0.10157463601540191,0.778763633425957,0.10204767983002999,0.7067329112509156,0.17563783680854064,0.7142850543179426,0.16162741977419987,0.7069995389417504,0.19383016350607532,0.4643963862498348,0.20106049250118138,1.2185362619273812,0.5345373176252115,0.19442628880212443,0.08878076570974432,1777.4074074074074,1981.411433661481,0.46397349920685854,0.1868949880801639,,,,,,,,,,,,,,,,,,,,,1777.4074074074074,1981.411433661481
classification,torch_mlp,cliffs,0.1,0.7937002412332687,0.1082765937136089,0.7475039671577709,0.19937215735736047,0.7475039671577709,0.19937215735736047,0.7195704039888471,0.09968692684153514,0.7762094214840055,0.10046404125236565,0.7047066815704996,0.17316484325141795,0.7108260983728243,0.16062697099794165,0.7054848226667366,0.1912400761084028,0.4577176923701458,0.19711733192494632,1.2398477171833708,0.5621688699142318,0.1968459677193122,0.08871458562506422,1777.4074074074074,1981.411433661481,0.46397349920685854,0.1868949880801639,,,,,,,,,,,,,,,,,,,,,1777.4074074074074,1981.411433661481
classification,torch_mlp,cliffs,0.2,0.7912002490577118,0.10902307778810533,0.7450281328287328,0.19716999445399883,0.7450281328287328,0.19716999445399883,0.7200905481530959,0.10081205249174476,0.776851688802961,0.09987326658054066,0.7043563005235556,0.17424506710599147,0.7119852993323248,0.16021011411490285,0.70343525894671,0.19352407931390062,0.4587717068568119,0.20025311614169758,1.2402982633515123,0.5277599573605296,0.1970776081483467,0.08760072194465073,1777.4074074074074,1981.411433661481,0.46397349920685854,0.1868949880801639,,,,,,,,,,,,,,,,,,,,,1777.4074074074074,1981.411433661481
classification,torch_mlp,cliffs,0.5,0.7797424615844192,0.11174594098769064,0.7325231018117252,0.1991386955726239,0.7325231018117252,0.1991386955726239,0.7141111364646191,0.10299690251425729,0.7679348846393548,0.10036578928175799,0.6933907524334395,0.18186476701173296,0.7010466724109443,0.17365290419168308,0.6930535056734131,0.19559258769377028,0.43994714375163263,0.2047403651864946,1.2995089896023342,0.5691838807287537,0.20439701520767772,0.08923141347587775,1777.4074074074074,1981.411433661481,0.46397349920685854,0.1868949880801639,,,,,,,,,,,,,,,,,,,,,1777.4074074074074,1981.411433661481
classification,torch_mlp,cliffs,1.0,0.7655358869514157,0.11473652693506924,0.7225839836876337,0.20009580498437649,0.7225839836876337,0.20009580498437649,0.7040552040060563,0.10141210962176085,0.7560979979176533,0.1010229291949776,0.6833254562802726,0.1788518818476494,0.6878595049414116,0.1779894019680042,0.6842188256312363,0.18668441421148355,0.41654679401335837,0.2037788796041157,1.3525300782769147,0.5850712083158028,0.2151976615933999,0.09013035233651322,1777.4074074074074,1981.411433661481,0.46397349920685854,0.1868949880801639,,,,,,,,,,,,,,,,,,,,,1777.4074074074074,1981.411433661481
classification,torch_mlp,conflicts,0.0,0.7969511935628133,0.11018984215735295,0.7520585397322435,0.19717787047352922,0.7520585397322435,0.19717787047352922,0.720599820613643,0.10355628963594946,0.7778605300802022,0.10274291476369365,0.7030573426613603,0.18075050208936516,0.7113928265029713,0.16135029488894098,0.7028747756731858,0.202711743968094,0.46100615874359585,0.20481695286867346,1.218949842735169,0.5365502747668239,0.19452431570408577,0.08887637179355797,1777.4074074074074,1981.411433661481,0.46397349920685854,0.1868949880801639,,,,,,,,,,,,,,,,,,,,,1777.4074074074074,1981.411433661481
classification,torch_mlp,conflicts,0.01,0.7899436259109945,0.11104618414438147,0.7437446247465656,0.19469941941965793,0.7437446247465656,0.19469941941965793,0.7180329392029106,0.09917983198086248,0.7750658002747735,0.10133977730625514,0.702531269414267,0.17441134476347653,0.7104648500484704,0.15976953553484866,0.7038247304403445,0.19629254103310842,0.45695818541195077,0.19677414120644854,1.0974322714013305,0.5025578111446645,0.19456631218220255,0.08833896364438072,1777.4074074074074,1981.411433661481,0.46397349920685854,0.1868949880801639,,,,,,,,,,,,,,,,,,,,,1777.4074074074074,1981.411433661481
classification,torch_mlp,conflicts,0.02,0.7851711441838658,0.1128208043507809,0.7382977916265396,0.19573282545780463,0.7382977916265396,0.19573282545780463,0.7126212863810956,0.10121558832798964,0.7712738140733117,0.10379813889517853,0.6974579655329052,0.17829761570135313,0.7046830239190354,0.16246947953125324,0.6990219278408221,0.199807448769891,0.4467204393117427,0.1989135742752869,1.0354546122284685,0.4661282158235772,0.19441102069499133,0.08915149675583794,1777.4074074074074,1981.411433661481,0.46397349920685854,0.1868949880801639,,,,,,,,,,,,,,,,,,,,,1777.4074074074074,1981.411433661481
classification,torch_mlp,conflicts,0.05,0.7784464165710818,0.11116705858714644,0.7319105700077804,0.1966693596687503,0.7319105700077804,0.1966693596687503,0.7115297976055487,0.10158599524045128,0.7683362817972567,0.1019911700634693,0.6949893107230215,0.1779201414374601,0.700281984037277,0.16442455210674056,0.6967382244736263,0.19667386940227444,0.4392393837679228,0.20042292215812738,0.9258852909198022,0.40470781703306047,0.19233100985111576,0.0837838205601475,1777.4074074074074,1981.411433661481,0.46397349920685854,0.1868949880801639,,,,,,,,,,,,,,,,,,,,,1777.4074074074074,1981.411433661481
classification,torch_mlp,conflicts,0.1,0.7700649131675357,0.1119382249166924,0.7220703497990522,0.19597122018603705,0.7220703497990522,0.19597122018603705,0.7064739943198182,0.0978505774661707,0.7616870055815056,0.10020273131696565,0.6863612788830703,0.18218144515717216,0.6865562853106534,0.18056946048811293,0.6915087692898987,0.19205353596272431,0.42522042125086207,0.19773508397812714,0.8391742751849633,0.35590276310049634,0.19237143667551176,0.0804509156989381,1777.4074074074074,1981.411433661481,0.46397349920685854,0.1868949880801639,,,,,,,,,,,,,,,,,,,,,1777.4074074074074,1981.411433661481
classification,torch_mlp,conflicts,0.2,0.7523434747360183,0.10666053624890355,0.7086989118012116,0.18800997796192467,0.7086989118012116,0.18800997796192467,0.6958220295589446,0.09183250943573552,0.7476449633083827,0.09970587338395166,0.6750381354825862,0.17453686763035803,0.6723852014866242,0.1755087919607974,0.6833812161058512,0.18040853127979992,0.4000752729279646,0.1868001921848856,0.7512515479512193,0.265804045675769,0.19443670432053706,0.0724168396553858,1777.4074074074074,1981.411433661481,0.46397349920685854,0.1868949880801639,,,,,,,,,,,,,,,,,,,,,1777.4074074074074,1981.411433661481
classification,torch_mlp,conflicts,0.5,0.69707707022466,0.08818448292831485,0.6483597254256054,0.18181452249896557,0.6483597254256054,0.18181452249896557,0.6484880110706458,0.0713156683547386,0.6949808887306121,0.08331920217871687,0.6109095468195683,0.1798103498271117,0.6158583387032122,0.19262174333728735,0.61882907290247,0.17132506843687406,0.29364218971238437,0.14625124766156075,0.6966770238925866,0.16158800426668396,0.21245865641461423,0.04818872058003031,1777.4074074074074,1981.411433661481,0.46397349920685854,0.1868949880801639,,,,,,,,,,,,,,,,,,,,,1777.4074074074074,1981.411433661481
classification,torch_mlp,conflicts,1.0,0.504004146526747,0.03856466553924341,0.4710624711631261,0.1889724283112545,0.4710624711631261,0.1889724283112545,0.5024851917843265,0.023130068219951578,0.5162372174397939,0.13637546264311853,0.35284639584301875,0.29929620719992467,0.389225681806565,0.2734793075618578,0.49185672052663515,0.4278304119916817,0.0068952510594516995,0.06921383871077345,0.6931291460586778,0.004098204861078878,0.24999000455087633,0.002040569313302762,1777.4074074074074,1981.411433661481,0.46397349920685854,0.1868949880801639,,,,,,,,,,,,,,,,,,,,,1777.4074074074074,1981.411433661481
classification,torch_mlp,contamination,0.0,0.7969511935628133,0.11018984215735295,0.7520585397322435,0.19717787047352922,0.7520585397322435,0.19717787047352922,0.720599820613643,0.10355628963594946,0.7778605300802022,0.10274291476369365,0.7030573426613603,0.18075050208936516,0.7113928265029713,0.16135029488894098,0.7028747756731858,0.202711743968094,0.46100615874359585,0.20481695286867346,1.218949842735169,0.5365502747668239,0.19452431570408577,0.08887637179355797,1777.4074074074074,1981.411433661481,0.46397349920685854,0.1868949880801639,,,,,,,,,,,,,,,,,,,,,1777.4074074074074,1981.411433661481
classification,torch_mlp,contamination,0.01,0.8081905595501486,0.09524049943374488,0.7628055273088583,0.18563761989826247,0.7628055273088583,0.18563761989826247,0.7326215875160464,0.09375204571792506,0.7882508651026883,0.09006911942487794,0.7173679454664906,0.1690884005216463,0.7247234305896515,0.15096633646505472,0.71739808347372,0.18967425545649283,0.48467945229575415,0.1835320449833083,1.1709989703585497,0.4886929401718786,0.18590296787511398,0.07873774585845925,1777.4074074074074,1981.411433661481,0.46397349920685854,0.1868949880801639,,,,,,,,,,,,,,,,,,,,,1777.4074074074074,1981.411433661481
classification,torch_mlp,contamination,0.02,0.8119992194026812,0.09102367936818637,0.767427119620773,0.18043342929057923,0.767427119620773,0.18043342929057923,0.7340387007701823,0.09091287174603684,0.7907156800363389,0.08678386787556748,0.7191101465252936,0.1651596175862626,0.7306606265872252,0.1419412697549195,0.7169983410916084,0.19043033690682065,0.4895904746300552,0.17581527910870592,1.1538614717888536,0.45235455206384934,0.18333458982268566,0.0743177778823865,1777.4074074074074,1981.411433661481,0.46397349920685854,0.1868949880801639,,,,,,,,,,,,,,,,,,,,,1777.4074074074074,1981.411433661481
classification,torch_mlp,contamination,0.05,0.8267390873450633,0.08486040085041312,0.7847081165633483,0.16878127067257673,0.7847081165633483,0.16878127067257673,0.7507605035296142,0.08554085518859177,0.803688697703709,0.08081263881779015,0.739324799625277,0.15257347389725556,0.746425558364294,0.13329032195317078,0.7390496042533208,0.17406525045252919,0.5218555315936039,0.16515602444105745,1.069597160957957,0.4124274196492004,0.17211889325767765,0.069609766120277,1777.4074074074074,1981.411433661481,0.46397349920685854,0.1868949880801639,,,,,,,,,,,,,,,,,,,,,1777.4074074074074,1981.411433661481
classification,torch_mlp,contamination,0.1,0.8407242293228498,0.081415857272372,0.8026132994512665,0.15976285576575627,0.8026132994512665,0.15976285576575627,0.763829774941446,0.08510864646168058,0.8153608456719782,0.07712896584743259,0.7537562289342635,0.1507964155866588,0.759048438436168,0.13051740053824404,0.7557263785119781,0.17310474643187293,0.549373634790078,0.1628649313419267,1.01154653620787,0.404784222075953,0.1619846006336093,0.06699098404238361,1777.4074074074074,1981.411433661481,0.46397349920685854,0.1868949880801639,,,,,,,,,,,,,,,,,,,,,1777.4074074074074,1981.411433661481
classification,torch_mlp,contamination,0.2,0.8679732318144889,0.0690425064661681,0.8338536956229753,0.14011398075696618,0.8338536956229753,0.14011398075696618,0.7944169847383695,0.0765060108839237,0.8392740443902929,0.06603772233889471,0.7874029136701696,0.12937729743666398,0.7917953419647901,0.11098608899853352,0.790184097709705,0.15114410824122546,0.6083528136240288,0.1416373607580544,0.8711195129991794,0.3480637615319637,0.1402154777301206,0.05777115494415762,1777.4074074074074,1981.411433661481,0.46397349920685854,0.1868949880801639,,,,,,,,,,,,,,,,,,,,,1777.4074074074074,1981.411433661481
classification,torch_mlp,contamination,0.5,0.9355158537817858,0.03697427089520836,0.915025255307043,0.07770567470480409,0.915025255307043,0.07770567470480409,0.8782907159541207,0.04782898523963124,0.9045748548285482,0.04073693096527697,0.8734726258425116,0.0787007803800721,0.8740686631543472,0.07354580824278385,0.8753215823529703,0.09088151772342291,0.7682988405801277,0.08967906801309121,0.5089760011633936,0.20642170839362958,0.08344271171937967,0.0360358582937046,1777.4074074074074,1981.411433661481,0.46397349920685854,0.1868949880801639,,,,,,,,,,,,,,,,,,,,,1777.4074074074074,1981.411433661481
classification,torch_mlp,contamination,1.0,0.999753096281797,0.0009042468912379473,0.9993924611290423,0.0029090207242027095,0.9993924611290423,0.0029090207242027095,0.9968691785235528,0.008069202757770413,0.9976299590098612,0.006588783544268574,0.9967516229183035,0.00855936271394336,0.9974645241694942,0.005676089383060551,0.9961430642778377,0.01418160211301592,0.994361584600276,0.013788989899976333,0.0073143913272081295,0.020804832764155932,0.0017324638395832157,0.0051266740385543475,1777.4074074074074,1981.411433661481,0.46397349920685854,0.1868949880801639,,,,,,,,,,,,,,,,,,,,,1777.4074074074074,1981.411433661481
classification,torch_mlp,random_label_noise,0.0,0.7969511935628133,0.11018984215735295,0.7520585397322435,0.19717787047352922,0.7520585397322435,0.19717787047352922,0.720599820613643,0.10355628963594946,0.7778605300802022,0.10274291476369365,0.7030573426613603,0.18075050208936516,0.7113928265029713,0.16135029488894098,0.7028747756731858,0.202711743968094,0.46100615874359585,0.20481695286867346,1.218949842735169,0.5365502747668239,0.19452431570408577,0.08887637179355797,1777.4074074074074,1981.411433661481,0.46397349920685854,0.1868949880801639,,,,,,,,,,,,,,,,,,,,,1777.4074074074074,1981.411433661481
classification,torch_mlp,random_label_noise,0.01,0.7935965832137503,0.10922273500645636,0.7469664160005434,0.19521291629301674,0.7469664160005434,0.19521291629301674,0.7197217261652151,0.09984270275568839,0.7762950669504695,0.1014846034113865,0.7042657322551387,0.17407175834577013,0.71081994926413,0.1614061008384081,0.7049368769785311,0.19258287666660226,0.4586661473323896,0.19790692480726566,1.2424433637783048,0.5709911589394188,0.19731563235210778,0.09018756018644349,1777.4074074074074,1981.411433661481,0.46397349920685854,0.1868949880801639,,,,,,,,,,,,,,,,,,,,,1777.4074074074074,1981.411433661481
classification,torch_mlp,random_label_noise,0.02,0.791496387745218,0.10646134043228635,0.7449595533958918,0.1963675377552057,0.7449595533958918,0.1963675377552057,0.7178503194773843,0.09947987856684105,0.7758088794441185,0.09898287720101002,0.7014325584953058,0.1792249388460748,0.7073434921653153,0.16190931514689894,0.7026038412720625,0.1988676489399921,0.4548464115081849,0.19611018622138987,1.2404538482883742,0.5341821327876076,0.19751549984128677,0.08723165641584792,1777.4074074074074,1981.411433661481,0.46397349920685854,0.1868949880801639,,,,,,,,,,,,,,,,,,,,,1777.4074074074074,1981.411433661481
classification,torch_mlp,random_label_noise,0.05,0.7809557935365358,0.10656860555337574,0.7335872016835434,0.19480044436733676,0.7335872016835434,0.19480044436733676,0.7071921288810062,0.09679847650812165,0.7651351762751277,0.10027765262095857,0.6917357356289453,0.17750107825365224,0.6952019475138551,0.1602940314706933,0.6977426524625664,0.20085768822535968,0.4334546357562063,0.18893116220206782,1.3077189358307668,0.5920304509237325,0.20716003646561815,0.08960288328010012,1777.4074074074074,1981.411433661481,0.46397349920685854,0.1868949880801639,,,,,,,,,,,,,,,,,,,,,1777.4074074074074,1981.411433661481
classification,torch_mlp,random_label_noise,0.1,0.7689350861787511,0.10548800597523372,0.7171019366356157,0.1960352147941133,0.7171019366356157,0.1960352147941133,0.6959918893854903,0.0946050540742167,0.7562502869102921,0.10116045645796892,0.6771945291800753,0.18071649411297785,0.686385696769183,0.16020111716720287,0.6771190336927034,0.20320349247192898,0.41168407246690536,0.18717402562886953,1.3266142505530056,0.559670882842124,0.21352178710917272,0.08920387929608448,1777.4074074074074,1981.411433661481,0.46397349920685854,0.1868949880801639,,,,,,,,,,,,,,,,,,,,,1777.4074074074074,1981.411433661481
classification,torch_mlp,random_label_noise,0.2,0.7401791655105254,0.09844943768078387,0.6898895361052136,0.18817001813289058,0.6898895361052136,0.18817001813289058,0.6791374239248166,0.08408858350557151,0.7407221566533481,0.09709560182067743,0.6582504054654987,0.1767668966991489,0.6672194043969206,0.1581664019055218,0.6574730311773253,0.1990185761426742,0.3763485329094942,0.1669279360827381,1.4429058121544212,0.5761874282683109,0.2281805855553762,0.08679131671691685,1777.4074074074074,1981.411433661481,0.46397349920685854,0.1868949880801639,,,,,,,,,,,,,,,,,,,,,1777.4074074074074,1981.411433661481
classification,torch_mlp,random_label_noise,0.5,0.6517245547599221,0.07223571372640919,0.5999271744567015,0.17944438389003725,0.5999271744567015,0.17944438389003725,0.6070920981066628,0.05768215072001221,0.6786761310918097,0.10023611911129598,0.5770351098317582,0.1841934287506731,0.5907093895584951,0.1597826195805009,0.572865802532317,0.21040120537775253,0.22851806093531699,0.11549774655699065,1.7797297329371515,0.5533983670811269,0.2817395012816213,0.08646533137886617,1777.4074074074074,1981.411433661481,0.46397349920685854,0.1868949880801639,,,,,,,,,,,,,,,,,,,,,1777.4074074074074,1981.411433661481
classification,torch_mlp,random_label_noise,1.0,0.4830585544421421,0.048335472481603386,0.46040321570021725,0.18182267554540224,0.46040321570021725,0.18182267554540224,0.5002708245057818,0.029484722588998275,0.5822806997291204,0.11863251408286608,0.45861997257812387,0.21361575672705654,0.4612881219714677,0.1965365281795724,0.46217214654944294,0.23423814527558523,0.0008138025011444663,0.0629999005234234,2.5170059996871497,0.6763161226454446,0.3746643925162114,0.10429130631576011,1777.4074074074074,1981.411433661481,0.46397349920685854,0.1868949880801639,,,,,,,,,,,,,,,,,,,,,1777.4074074074074,1981.411433661481
regression,lgbm,cliffs,0.0,,,,,,,,,,,,,,,,,,,,,,,392.92857142857144,487.1629362757765,,,1005.8550383856675,2543.830721683457,15.720609655549916,27.878715440289874,8.280527316583528,12.653136047855401,4.418258895138657,6.613453030606578,0.4652687595186342,0.23564876627696238,0.46766689055232175,0.23404969066685116,0.682734891033937,0.16321009759860927,0.6654479470905392,0.16537540111945612,0.499848604895668,0.14495816997160613,90.45721801462622,216.12736900154874,392.92857142857144,487.1629362757765
regression,lgbm,cliffs,0.01,,,,,,,,,,,,,,,,,,,,,,,392.92857142857144,487.1629362757765,,,1007.9193458340458,2548.1862607211447,15.746663666232052,27.90156959790568,8.298165758764968,12.649653146646166,4.4922534311701225,6.664373702953484,0.46153088104687995,0.23529601721317084,0.46412262913215196,0.2337558862450868,0.6808014620472396,0.16268673308075218,0.6622425666712343,0.164373690565234,0.49722220310928944,0.14332320893363862,90.14888020089995,215.8140739736761,392.92857142857144,487.1629362757765
regression,lgbm,cliffs,0.02,,,,,,,,,,,,,,,,,,,,,,,392.92857142857144,487.1629362757765,,,1007.9582859579416,2546.0837175390875,15.747984738823046,27.901520646643057,8.313408499833514,12.669334275807312,4.571879430061801,6.810922980726485,0.46156710710307164,0.23568771036248595,0.4644339448432598,0.23370817122075546,0.681379967307179,0.16276922561826307,0.6619513346276155,0.163461899235522,0.4955265408134432,0.14207421586741498,90.45601867398898,215.8426754757391,392.92857142857144,487.1629362757765
regression,lgbm,cliffs,0.05,,,,,,,,,,,,,,,,,,,,,,,392.92857142857144,487.1629362757765,,,1009.206760341161,2540.0496239944637,15.825630956292137,27.879426341077053,8.408390308754267,12.73896078173426,4.607313305207207,6.770054661594265,0.44553115117435105,0.22910804601436394,0.44843945074358066,0.22785438679850942,0.6725676961680671,0.1592420417397591,0.6516282768269963,0.157697286987061,0.4850513997802893,0.1342402356851574,89.71669138725949,214.85818800460277,392.92857142857144,487.1629362757765
regression,lgbm,cliffs,0.1,,,,,,,,,,,,,,,,,,,,,,,392.92857142857144,487.1629362757765,,,998.9108675973696,2502.0142084123127,15.793354690162687,27.70849752533864,8.53015076420759,12.915886440228812,4.797863664810662,7.027633867274166,0.4331818147523715,0.22279081724222796,0.43613855179346994,0.22088147361520002,0.6692527919804492,0.15410992061407647,0.6481345012378469,0.1553161008994458,0.4814856785088209,0.13260926539288964,90.64624926160495,212.49849833324697,392.92857142857144,487.1629362757765
regression,lgbm,cliffs,0.2,,,,,,,,,,,,,,,,,,,,,,,392.92857142857144,487.1629362757765,,,1021.4758584001436,2554.977968689404,16.031154461259526,27.984348278581155,8.699992776769397,13.045958873128836,4.839009956477285,6.925333968320097,0.4003135125251776,0.2243733053153823,0.40449288332556865,0.221750923358749,0.6514690637679844,0.1547163129751101,0.6260368264315508,0.15988815411913515,0.4615469250717755,0.13216420276668148,90.22592526147214,213.76802939721875,392.92857142857144,487.1629362757765
regression,lgbm,cliffs,0.5,,,,,,,,,,,,,,,,,,,,,,,392.92857142857144,487.1629362757765,,,1048.4607128805058,2571.323656884765,16.56238574989014,28.160783936392022,9.387006199256799,13.806400505444925,5.6918413876057645,8.079456003396842,0.2554957668970918,0.3077760736362644,0.2631215206550574,0.30276857647244687,0.5937013698841599,0.15921113256257272,0.5667861267682877,0.1613988664245021,0.4115035813726041,0.12799527431428753,92.65833077558469,211.7560602257682,392.92857142857144,487.1629362757765
regression,lgbm,cliffs,1.0,,,,,,,,,,,,,,,,,,,,,,,392.92857142857144,487.1629362757765,,,1176.0445983735472,2806.3441658513357,17.812772358327567,29.659650282433205,10.575848525670589,15.427038051755927,6.829004172225053,9.602431048672845,0.03599288016700986,0.5406322566914825,0.04097432083342258,0.5373196272619156,0.5199032340353775,0.19460477277958066,0.5015999599293867,0.1858623689994059,0.3595627358245038,0.14313388321440462,98.41440433863008,222.8481206136646,392.92857142857144,487.1629362757765
regression,lgbm,conflicts,0.0,,,,,,,,,,,,,,,,,,,,,,,392.92857142857144,487.1629362757765,,,1005.8550383856675,2543.830721683457,15.720609655549916,27.878715440289874,8.280527316583528,12.653136047855401,4.418258895138657,6.613453030606578,0.4652687595186342,0.23564876627696238,0.46766689055232175,0.23404969066685116,0.682734891033937,0.16321009759860927,0.6654479470905392,0.16537540111945612,0.499848604895668,0.14495816997160613,90.45721801462622,216.12736900154874,392.92857142857144,487.1629362757765
regression,lgbm,conflicts,0.01,,,,,,,,,,,,,,,,,,,,,,,392.92857142857144,487.1629362757765,,,1025.2847811293234,2617.754525776124,15.812176875998746,28.180997502642246,8.392204951602,12.839312188883495,4.566582196312191,6.804767420224673,0.4606730043580389,0.2315313548430474,0.4628777772392197,0.23010956655008885,0.6794453544025729,0.1606088220553392,0.6582299333146718,0.16692091950485843,0.4939646885681669,0.1445879912699758,89.02374884925506,213.18002166655347,392.92857142857144,487.1629362757765
regression,lgbm,conflicts,0.02,,,,,,,,,,,,,,,,,,,,,,,392.92857142857144,487.1629362757765,,,1029.0615480819365,2620.202861740919,15.85205126174408,28.226656140931112,8.633454044145758,13.297596262644975,4.879384970412158,7.25542829127884,0.45882562457709225,0.23975528346110117,0.4611142763333489,0.23813965194086814,0.6791334362956483,0.1620734783432383,0.6542294302863938,0.17643208034254465,0.49025781355987547,0.15143021486974143,90.19183222235333,213.05684345477522,392.92857142857144,487.1629362757765
regression,lgbm,conflicts,0.05,,,,,,,,,,,,,,,,,,,,,,,392.92857142857144,487.1629362757765,,,1065.352678500111,2731.25475437428,16.11602633170249,28.727613850207202,8.797632709513389,13.476108983385572,5.193712928525964,7.685348784355971,0.43223341246213115,0.2383892872580172,0.4353113227229704,0.23736271242920245,0.6644564830683931,0.16175613116246995,0.6470955139455842,0.16116616407627807,0.481627342081867,0.13721755924403836,90.58108102317428,216.0797618744559,392.92857142857144,487.1629362757765
regression,lgbm,conflicts,0.1,,,,,,,,,,,,,,,,,,,,,,,392.92857142857144,487.1629362757765,,,1118.4324069982843,2850.6006160165743,16.59643491206703,29.38624687391751,9.539219613934765,14.656721584941797,5.974239658307601,8.731905377661011,0.38661443163107023,0.2569832426528319,0.3904648311553595,0.25465534004115764,0.6427653847238843,0.16557369359203405,0.6177988477901211,0.17390219023141817,0.45584234246601035,0.14327114369127172,90.0726726984555,210.58015133567383,392.92857142857144,487.1629362757765
regression,lgbm,conflicts,0.2,,,,,,,,,,,,,,,,,,,,,,,392.92857142857144,487.1629362757765,,,1210.405880301902,3149.673259995934,17.182003923913996,30.618722990903603,10.60775483563914,16.754259476863815,7.183447331114356,10.74990414899325,0.32268751159016085,0.24905581126094928,0.32662006081628575,0.24869493588770347,0.6157483731899157,0.15987252692797752,0.577253493987159,0.1771620300986329,0.41997227263083725,0.1386938310724164,94.03782267752528,221.27675193656205,392.92857142857144,487.1629362757765
regression,lgbm,conflicts,0.5,,,,,,,,,,,,,,,,,,,,,,,392.92857142857144,487.1629362757765,,,1365.5807732209823,3333.6826767663238,18.773389164941666,32.21570082454138,12.379401205954123,19.209131424733233,9.054756851071316,13.534613813719334,0.11364499019013685,0.3060763799889894,0.11891426208395031,0.30484544025977983,0.5432584414831528,0.16226663445006342,0.5120336772773327,0.1638329496202426,0.3646341363845387,0.1257346652037683,93.97210828752014,208.78170398082156,392.92857142857144,487.1629362757765
regression,lgbm,conflicts,1.0,,,,,,,,,,,,,,,,,,,,,,,392.92857142857144,487.1629362757765,,,1603.8826185639905,3619.9910343854044,20.93727410422359,34.55344153881945,15.13274446098977,23.55132027456738,12.436417882970101,19.225319081572305,-0.17006765499548107,0.48069896033055665,-0.1605269148363932,0.4717490381865965,0.4925536237708289,0.16749075457626805,0.4504143170899735,0.17644885235000804,0.3177265102602232,0.1293414770044137,94.63908923969258,203.6941217679271,392.92857142857144,487.1629362757765
regression,lgbm,contamination,0.0,,,,,,,,,,,,,,,,,,,,,,,392.92857142857144,487.1629362757765,,,1005.8550383856675,2543.830721683457,15.720609655549916,27.878715440289874,8.280527316583528,12.653136047855401,4.418258895138657,6.613453030606578,0.4652687595186342,0.23564876627696238,0.46766689055232175,0.23404969066685116,0.682734891033937,0.16321009759860927,0.6654479470905392,0.16537540111945612,0.499848604895668,0.14495816997160613,90.45721801462622,216.12736900154874,392.92857142857144,487.1629362757765
regression,lgbm,contamination,0.01,,,,,,,,,,,,,,,,,,,,,,,392.92857142857144,487.1629362757765,,,988.1220940173189,2517.615882023134,15.546357805974097,27.652098154155826,8.18723766526197,12.525115181618167,4.405946828776105,6.6985262958355944,0.4764142285933734,0.2243732268279504,0.4786938251293019,0.2231988654797378,0.6908683782672087,0.15427546942488857,0.6716842860770796,0.15923670209720361,0.5055537422658232,0.14103296832898776,89.7307103869882,214.41287946481154,392.92857142857144,487.1629362757765
regression,lgbm,contamination,0.02,,,,,,,,,,,,,,,,,,,,,,,392.92857142857144,487.1629362757765,,,973.6382096275165,2473.5525859526347,15.45268230218222,27.43676472892438,8.096025075550163,12.357179750877076,4.431476659781167,6.699162485454977,0.481933797968812,0.2261436699325916,0.4842685309857578,0.22498366774699202,0.696243824762317,0.15410241138933736,0.6738818339580107,0.1603465348257217,0.507795703274858,0.14126841775127544,89.41978740095718,213.17315836578342,392.92857142857144,487.1629362757765
regression,lgbm,contamination,0.05,,,,,,,,,,,,,,,,,,,,,,,392.92857142857144,487.1629362757765,,,992.7949141469646,2546.2805550866483,15.524925999230872,27.75081042470544,8.046962038562341,12.321572993227269,4.194166034293889,6.220316326470822,0.4890835995596323,0.22579310524184687,0.49121355776305237,0.22457646295292677,0.699245006193812,0.15353373176681964,0.6806886640507103,0.16077930977350507,0.5137590308893047,0.1418809216824644,90.16843951551117,216.19643727500127,392.92857142857144,487.1629362757765
regression,lgbm,contamination,0.1,,,,,,,,,,,,,,,,,,,,,,,392.92857142857144,487.1629362757765,,,965.3302911399335,2517.4178251515273,15.181282546998965,27.43687920347132,7.70151251253359,11.799684424101157,3.9990251643797086,5.984342891942167,0.5184094172092232,0.21141699978145942,0.5202614252053029,0.2103394241433059,0.7192395970392467,0.14062063053020812,0.6965746329860782,0.15423331783707664,0.528746581568867,0.13859991125934146,89.48493156460512,214.6861249562523,392.92857142857144,487.1629362757765
regression,lgbm,contamination,0.2,,,,,,,,,,,,,,,,,,,,,,,392.92857142857144,487.1629362757765,,,890.8615901243439,2382.9955537386277,14.428819762125048,26.444682953359152,7.104659424083497,10.936434586340496,3.3314423620011784,4.814484096681709,0.5717646835681292,0.1876952757238505,0.5734807506483105,0.18651772149340798,0.7551146277324123,0.12093967638079799,0.7239499194590554,0.15310238281824579,0.556318556435203,0.138539704394164,87.35474172244814,208.9236643712671,392.92857142857144,487.1629362757765
regression,lgbm,contamination,0.5,,,,,,,,,,,,,,,,,,,,,,,392.92857142857144,487.1629362757765,,,475.28236795990824,1203.5530900485676,10.988784904288703,19.057177714460526,5.508703929244682,8.440110581561585,2.3927783746901023,3.303999039558223,0.7042446460342597,0.12466116018330162,0.7053892199141446,0.12429959936009177,0.8406038443544928,0.07708735358985493,0.7896943131919678,0.1348651811268386,0.6276588705927322,0.12856621116487743,69.5418601079861,156.69565569141616,392.92857142857144,487.1629362757765
regression,lgbm,contamination,1.0,,,,,,,,,,,,,,,,,,,,,,,392.92857142857144,487.1629362757765,,,116.00453863321266,287.7081921353119,5.449020761121825,9.403079254184137,2.9358120894935373,4.396664556494601,1.5019854041394756,1.9225201111760666,0.8986525511133991,0.0451883248831848,0.8990130423076446,0.045017121178001364,0.9530463789253106,0.025327874899618658,0.9067698537249042,0.07609150432262726,0.7633888609460188,0.09622597240356995,30.926462913144263,62.223935193672496,392.92857142857144,487.1629362757765
regression,lgbm,random_label_noise,0.0,,,,,,,,,,,,,,,,,,,,,,,392.92857142857144,487.1629362757765,,,1005.8550383856675,2543.830721683457,15.720609655549916,27.878715440289874,8.280527316583528,12.653136047855401,4.418258895138657,6.613453030606578,0.4652687595186342,0.23564876627696238,0.46766689055232175,0.23404969066685116,0.682734891033937,0.16321009759860927,0.6654479470905392,0.16537540111945612,0.499848604895668,0.14495816997160613,90.45721801462622,216.12736900154874,392.92857142857144,487.1629362757765
regression,lgbm,random_label_noise,0.01,,,,,,,,,,,,,,,,,,,,,,,392.92857142857144,487.1629362757765,,,1008.2210996367108,2574.287894071527,15.692363299639645,27.938423151451065,8.299469787215136,12.700349801611647,4.529502178563886,6.771264167743153,0.46819486601238663,0.22923531839194014,0.47071000743933294,0.22769871768636704,0.684961399814396,0.15811558892300936,0.6663727572865851,0.16466306575754783,0.5006131117956847,0.14396274897510997,89.71178714293112,214.61170214811088,392.92857142857144,487.1629362757765
regression,lgbm,random_label_noise,0.02,,,,,,,,,,,,,,,,,,,,,,,392.92857142857144,487.1629362757765,,,1004.5649981914657,2532.99015295529,15.73752062020841,27.845220548263644,8.320325706917194,12.704309768632065,4.707038606539012,7.148178057799637,0.46038014153295004,0.2351198629118011,0.46275308275892224,0.2336936495906534,0.6784498819679539,0.1638834900834312,0.6601348402337404,0.16815008199994902,0.49428544960675214,0.1462302757273828,89.86356304616082,215.07118815028133,392.92857142857144,487.1629362757765
regression,lgbm,random_label_noise,0.05,,,,,,,,,,,,,,,,,,,,,,,392.92857142857144,487.1629362757765,,,1090.4719606108345,2845.1210993895743,16.20686046068616,29.120441506127968,8.439135996637276,12.856703713981046,4.720219417550314,7.103323680811485,0.4414464527096874,0.2423596652603347,0.4442158082662064,0.2404866173500759,0.6627337537296651,0.1742164720974771,0.6477429289677124,0.16648332991756426,0.4831720760204045,0.1428893975013074,90.02912676778575,216.9074243971078,392.92857142857144,487.1629362757765
regression,lgbm,random_label_noise,0.1,,,,,,,,,,,,,,,,,,,,,,,392.92857142857144,487.1629362757765,,,1009.8769109631806,2527.933064802022,15.847349732212743,27.87910028116653,8.514577388448028,13.02085767140077,4.678857828703347,6.919834392388402,0.43412121413527904,0.23069364153273092,0.43695839610039444,0.22957897680549993,0.6605857555783716,0.16357936575023366,0.6378640807836587,0.17025894879565742,0.4744268795444873,0.14269506315708158,88.85657498515343,210.88658915891216,392.92857142857144,487.1629362757765
regression,lgbm,random_label_noise,0.2,,,,,,,,,,,,,,,,,,,,,,,392.92857142857144,487.1629362757765,,,1115.5357252148435,2863.013259267206,16.56021704395683,29.35667429003496,8.903196388080957,13.472762959259247,5.023184203690132,7.414828913312123,0.37223975332743187,0.21549411321924591,0.37505121730346697,0.2146876213315074,0.6136678053508531,0.16324204074360513,0.5932751986762108,0.16829583614002497,0.43494920130114967,0.13681977044109978,91.25359947974007,215.92552352141348,392.92857142857144,487.1629362757765
regression,lgbm,random_label_noise,0.5,,,,,,,,,,,,,,,,,,,,,,,392.92857142857144,487.1629362757765,,,1256.2613867018292,3315.3950131455945,17.562091603820413,31.16010647561401,9.384880933302565,13.866908161616797,5.666940174755501,8.17884314030882,0.2075741104882952,0.17645405456412708,0.2117399457325812,0.17596416088016206,0.4736998013849404,0.15747535929719386,0.447706198081708,0.13608141472020333,0.31503868337908125,0.10120726750794659,90.6165499139727,209.4034298034257,392.92857142857144,487.1629362757765
regression,lgbm,random_label_noise,1.0,,,,,,,,,,,,,,,,,,,,,,,392.92857142857144,487.1629362757765,,,1559.1897623535526,4074.9360580074217,19.928967090547335,34.50171200715536,11.01510363923451,15.613642235337533,7.22620455305866,10.37166939238122,-0.2454184034295502,0.1726775399347283,-0.23569756257473834,0.17412707200448382,0.004915889129832429,0.07898955295502631,0.004715152254180333,0.09048247768701954,0.0029555586684414637,0.05958464316473016,95.86955740241157,214.32283494640163,392.92857142857144,487.1629362757765
regression,rf,cliffs,0.0,,,,,,,,,,,,,,,,,,,,,,,392.92857142857144,487.1629362757765,,,1055.897635198205,2752.8239938895576,15.949860821802478,28.653941178909275,7.963534935790927,12.083890681015417,4.161750648087687,6.560397744710613,0.44599333258622853,0.24492276798671217,0.4493720703796019,0.24233337373276506,0.6569759186359876,0.18471087411184814,0.6594487465211867,0.17454803958566706,0.4974093963286092,0.1558328195448318,87.21613878366027,203.4098788141944,392.92857142857144,487.1629362757765
regression,rf,cliffs,0.01,,,,,,,,,,,,,,,,,,,,,,,392.92857142857144,487.1629362757765,,,1061.023507687501,2766.7696819710823,15.995111737605297,28.719652548996756,7.986389698515069,12.105063528009733,4.19937029418608,6.603465142817955,0.44051787280629545,0.24088498503772834,0.4439971287061359,0.238171752548706,0.6535034519210228,0.18291417433228088,0.6560485809345382,0.17242248037051328,0.49443530388960705,0.15334066038784072,87.2609029753715,203.5572093699603,392.92857142857144,487.1629362757765
regression,rf,cliffs,0.02,,,,,,,,,,,,,,,,,,,,,,,392.92857142857144,487.1629362757765,,,1057.3072947314747,2748.8514883428315,15.984907289924479,28.65913271792438,7.985851949086918,12.108141452301133,4.168244349935957,6.538914164743862,0.43991205926188115,0.24174863650237588,0.4435274595934087,0.239067848641068,0.6533296986682187,0.18367991540672898,0.6562852555295076,0.17382706450863927,0.4939926524429618,0.1538383592115431,88.2706480215199,203.84272661812167,392.92857142857144,487.1629362757765
regression,rf,cliffs,0.05,,,,,,,,,,,,,,,,,,,,,,,392.92857142857144,487.1629362757765,,,1066.1713413508742,2774.121392338816,16.066087482149012,28.7708318264438,8.048077090826993,12.170274070636218,4.254860264251568,6.624453105905977,0.43124652404530456,0.2361151566476615,0.4349367944109054,0.23355330875928695,0.6481408689945245,0.18054260235191835,0.6506128793930004,0.16702202851400594,0.48885459206169585,0.14733624595496428,87.77417407817133,203.9776685352166,392.92857142857144,487.1629362757765
regression,rf,cliffs,0.1,,,,,,,,,,,,,,,,,,,,,,,392.92857142857144,487.1629362757765,,,1060.7571942926195,2745.0304369508635,16.101224909490607,28.654087321637874,8.16998126108993,12.311221688168182,4.298054572306891,6.564073194746623,0.4101282550245732,0.22081328201657788,0.4150002647850922,0.21821337240495078,0.6384737408388143,0.17129311759282545,0.640319002617039,0.16280134646525565,0.4776644259684277,0.13908398162037774,89.58254302951102,204.21886903012353,392.92857142857144,487.1629362757765
regression,rf,cliffs,0.2,,,,,,,,,,,,,,,,,,,,,,,392.92857142857144,487.1629362757765,,,1089.4572748294752,2843.7384115273144,16.310361002632774,29.043296002111706,8.270399983249067,12.398777999563256,4.3555694137722,6.648637267219958,0.3827207802936308,0.2081736241233495,0.3872767640607096,0.20572020073274713,0.618447316753436,0.16583966515263274,0.6198080636925128,0.1531002134173234,0.46096355849907267,0.1288315810891823,87.54553411558523,203.9825937098956,392.92857142857144,487.1629362757765
regression,rf,cliffs,0.5,,,,,,,,,,,,,,,,,,,,,,,392.92857142857144,487.1629362757765,,,1101.352565817052,2839.7804604972775,16.6737441985393,29.041698553256317,8.694482946029627,12.703601301697214,4.751774735356511,6.905118300064156,0.25208425861297007,0.269186365841237,0.2599573271883398,0.2647267001108795,0.5678201860386531,0.15196258385811992,0.5689042151315783,0.14578397401977738,0.41522619229996166,0.11500477024333065,92.3087068744469,204.57618699103753,392.92857142857144,487.1629362757765
regression,rf,cliffs,1.0,,,,,,,,,,,,,,,,,,,,,,,392.92857142857144,487.1629362757765,,,1131.8335726266184,2825.435493377584,17.293354199403012,29.20761923345477,9.328585913845632,13.388861952995867,5.158128181519041,7.377739657230382,0.043329887952336645,0.507676976617861,0.050739499937356394,0.5052007217362703,0.48476569635532046,0.18855092154420736,0.48257007954204784,0.17963502979396032,0.346448539146234,0.1349523606388399,91.92659936123056,203.6302323297546,392.92857142857144,487.1629362757765
regression,rf,conflicts,0.0,,,,,,,,,,,,,,,,,,,,,,,392.92857142857144,487.1629362757765,,,1055.897635198205,2752.8239938895576,15.949860821802478,28.653941178909275,7.963534935790927,12.083890681015417,4.161750648087686,6.560397744710613,0.44599333258622853,0.24492276798671217,0.4493720703796019,0.24233337373276506,0.6569759186359876,0.1847108741118481,0.6594487465211867,0.17454803958566706,0.4974093963286092,0.1558328195448318,87.21613878366027,203.40987881419446,392.92857142857144,487.1629362757765
regression,rf,conflicts,0.01,,,,,,,,,,,,,,,,,,,,,,,392.92857142857144,487.1629362757765,,,1065.0757657322401,2777.6067864135457,16.011256857482334,28.782636882452,8.050389420430173,12.234028209294523,4.307089329697609,6.695333709212582,0.44288050166585424,0.24349863948166836,0.4464270984550838,0.24087481658857107,0.6549799205583098,0.1837035196691588,0.6532179815259097,0.17855533506143223,0.4916026000159201,0.15735089599713467,87.28872060349251,203.7172199962862,392.92857142857144,487.1629362757765
regression,rf,conflicts,0.02,,,,,,,,,,,,,,,,,,,,,,,392.92857142857144,487.1629362757765,,,1070.2765494348346,2780.2884116698347,16.074097705367848,28.839250506359633,8.236010888043294,12.572002579710654,4.404527273746803,6.799784747761291,0.43715907466470305,0.24787629967586805,0.4403623420347451,0.24546233425514338,0.6494280746096008,0.18765858664195942,0.6462860115064313,0.18497202333735893,0.48685676260821026,0.1629709381755451,86.878614776086,202.51744012007708,392.92857142857144,487.1629362757765
regression,rf,conflicts,0.05,,,,,,,,,,,,,,,,,,,,,,,392.92857142857144,487.1629362757765,,,1090.5387861564227,2854.17148370516,16.205010216901766,29.1226716063378,8.368885422105283,12.73994646220114,4.557090768641207,6.92855437567641,0.41844176197264527,0.23888966296214986,0.4225911027206962,0.23675192050736107,0.6377217579837504,0.18187788086071052,0.6336129972668628,0.1808875500476366,0.47295820463617405,0.15532112761582711,88.50409672005533,207.30111831993705,392.92857142857144,487.1629362757765
regression,rf,conflicts,0.1,,,,,,,,,,,,,,,,,,,,,,,392.92857142857144,487.1629362757765,,,1130.7894456090912,2960.8548372536957,16.499238912314848,29.656452248547197,8.77946377527104,13.41730717953608,4.873080593694177,7.2675057292473815,0.3967290490493962,0.23861736367223457,0.4009922903204589,0.23519681413937704,0.6245474828856892,0.18026249364860944,0.6114831145404692,0.18737007224941285,0.4528387590706145,0.15563728394394546,87.00838209735173,201.48690132698863,392.92857142857144,487.1629362757765
regression,rf,conflicts,0.2,,,,,,,,,,,,,,,,,,,,,,,392.92857142857144,487.1629362757765,,,1159.44209572246,3014.341090756764,16.77614377205541,29.99029518889322,9.220841557108761,14.166814921947775,5.41192320465451,8.062396133390203,0.3511256068362411,0.22348456711192569,0.3556611202605809,0.22164415048512995,0.5984719755535917,0.1697616670418729,0.5790155445149118,0.18703049792066515,0.4238158429650744,0.15085723594091796,89.30669323508467,202.858333116195,392.92857142857144,487.1629362757765
regression,rf,conflicts,0.5,,,,,,,,,,,,,,,,,,,,,,,392.92857142857144,487.1629362757765,,,1282.586266910985,3263.7359830621467,17.891559040258578,31.399895931487055,10.551439506637827,16.04894835157918,6.87940437630945,10.112229975041064,0.19903771425903555,0.2186380606089355,0.20432385358881805,0.21717722290130417,0.5346979106973913,0.16691219316531947,0.49656069896994054,0.16558443765825462,0.35204667180811533,0.1269437645733659,92.15976340142818,207.6410369999061,392.92857142857144,487.1629362757765
regression,rf,conflicts,1.0,,,,,,,,,,,,,,,,,,,,,,,392.92857142857144,487.1629362757765,,,1431.8725006099487,3401.309627779898,19.418001608076118,32.87158161571588,13.070420450377409,20.05580539346587,10.620249155066077,16.139125337003048,-0.021810780806464963,0.27563018582842824,-0.01627801447242084,0.2731794942657782,0.47794111612012025,0.1530491497162676,0.4185996898478192,0.17009241526994928,0.292493396392603,0.125119718762774,91.62657561322614,200.16030840648068,392.92857142857144,487.1629362757765
regression,rf,contamination,0.0,,,,,,,,,,,,,,,,,,,,,,,392.92857142857144,487.1629362757765,,,1055.897635198205,2752.8239938895576,15.949860821802478,28.653941178909275,7.9635349357909275,12.083890681015417,4.161750648087687,6.560397744710613,0.44599333258622853,0.24492276798671217,0.449372070379602,0.24233337373276517,0.6569759186359876,0.1847108741118481,0.6594487465211867,0.17454803958566706,0.4974093963286092,0.1558328195448318,87.21613878366027,203.40987881419446,392.92857142857144,487.1629362757765
regression,rf,contamination,0.01,,,,,,,,,,,,,,,,,,,,,,,392.92857142857144,487.1629362757765,,,1042.492905458263,2722.6549999903414,15.829854382761512,28.481984831884144,7.88653266723591,11.978824756423712,4.192215086661373,6.640943274769367,0.45588578825662074,0.23783835849886817,0.45926359619202306,0.2354450791727478,0.6663977232096323,0.17706440849579244,0.6661681380343861,0.1700008789588749,0.5029608701859251,0.15279326368002527,86.87659602544383,202.81933193467398,392.92857142857144,487.1629362757765
regression,rf,contamination,0.02,,,,,,,,,,,,,,,,,,,,,,,392.92857142857144,487.1629362757765,,,1046.9443812160405,2750.0536394944975,15.816603889815264,28.569442890308384,7.8562709864482985,11.947042137803376,4.1358689893651395,6.511247683840073,0.46186918797620874,0.2351847757173088,0.4653746357634953,0.23275223631457395,0.6707326963661691,0.1747275163612851,0.6687945600762963,0.16963402029169938,0.5055590624709415,0.1524095007554413,86.99707994669149,203.36294689159664,392.92857142857144,487.1629362757765
regression,rf,contamination,0.05,,,,,,,,,,,,,,,,,,,,,,,392.92857142857144,487.1629362757765,,,1032.1370330761667,2715.2283025444535,15.701558667369877,28.368274841429848,7.7092851346864055,11.71087870812089,4.032045071820159,6.330747022724309,0.47237555496760397,0.2354431451815158,0.47561097017748355,0.23303212166234488,0.6783743905808512,0.17393881748233314,0.6780237279338029,0.1687456650006567,0.5153707699180795,0.15301954882293367,87.17553651966907,203.76634843245154,392.92857142857144,487.1629362757765
regression,rf,contamination,0.1,,,,,,,,,,,,,,,,,,,,,,,392.92857142857144,487.1629362757765,,,1028.6586169959783,2750.161087177329,15.53362172287339,28.400162724112775,7.529266324904321,11.497406762931202,3.8794816407940993,6.1501929315711354,0.4975990515123628,0.22563879471796572,0.5009422334912916,0.22328327574712833,0.6978746554574243,0.16227589600715023,0.6979292049672886,0.15829462787932655,0.5334385423625806,0.14578908332187226,87.26500618501403,204.60399300281466,392.92857142857144,487.1629362757765
regression,rf,contamination,0.2,,,,,,,,,,,,,,,,,,,,,,,392.92857142857144,487.1629362757765,,,895.9864322502415,2394.23237039307,14.528531023158754,26.487984012770827,6.975791329143078,10.686741026326619,3.544670948217982,5.6988601710173405,0.5583915530560117,0.20029555266128785,0.5610737355191507,0.19859183704515057,0.742860217661661,0.13827176122244303,0.7304221468019542,0.14539495623981988,0.565574739352278,0.13805634416027734,86.52463155302641,204.51069755588446,392.92857142857144,487.1629362757765
regression,rf,contamination,0.5,,,,,,,,,,,,,,,,,,,,,,,392.92857142857144,487.1629362757765,,,521.1288420701879,1333.8125588427156,11.372728286515061,20.03361536142721,5.4734487832339385,8.445909312143074,2.490816151379505,3.9958901643495492,0.7082049698721682,0.14325099392891527,0.7098430866045496,0.1421704314748315,0.8451409331955402,0.08918688896259289,0.8121049908272964,0.11774596352082017,0.6590337644344559,0.12199231125385028,74.49861770793699,172.2299077074841,392.92857142857144,487.1629362757765
regression,rf,contamination,1.0,,,,,,,,,,,,,,,,,,,,,,,392.92857142857144,487.1629362757765,,,157.25588696290856,387.45387682243114,6.20763680122982,11.027999350755577,3.1047085985669702,4.867978899172276,1.5701828058247176,2.485471723991068,0.9199047092313434,0.043481904485634215,0.9203937783450384,0.04288367827312542,0.9727598315427877,0.016002557321650932,0.936963324327226,0.06951731532470479,0.8244016051723748,0.09430375853707487,33.81237289799608,73.20730537844968,392.92857142857144,487.1629362757765
regression,rf,random_label_noise,0.0,,,,,,,,,,,,,,,,,,,,,,,392.92857142857144,487.1629362757765,,,1055.897635198205,2752.8239938895576,15.949860821802478,28.653941178909275,7.963534935790927,12.083890681015417,4.161750648087686,6.560397744710614,0.44599333258622853,0.24492276798671223,0.4493720703796019,0.24233337373276514,0.6569759186359876,0.18471087411184806,0.6594487465211867,0.17454803958566706,0.4974093963286092,0.1558328195448318,87.21613878366027,203.40987881419446,392.92857142857144,487.1629362757765
regression,rf,random_label_noise,0.01,,,,,,,,,,,,,,,,,,,,,,,392.92857142857144,487.1629362757765,,,1054.8163098355178,2750.024057054646,15.945555963421478,28.637061652572296,7.989869227295804,12.119843371354989,4.22237420319086,6.554798881025435,0.4451587616729348,0.24352712920699113,0.44859918481878286,0.24098564147200147,0.6568565965142436,0.18381365422680884,0.6581298615656244,0.1738415989405177,0.4957908988599219,0.15474513213389143,87.31345970375257,203.72798614311853,392.92857142857144,487.1629362757765
regression,rf,random_label_noise,0.02,,,,,,,,,,,,,,,,,,,,,,,392.92857142857144,487.1629362757765,,,1055.0082131403583,2743.49249927962,15.97238237787855,28.625176962383286,7.9924513907601025,12.10175949769569,4.265204603216909,6.639329230729774,0.4390411654584598,0.24254027002307083,0.4424169802382427,0.23981380109487965,0.6522445431634816,0.18416173728222798,0.6553617568120116,0.17294254537452575,0.4935760854612117,0.15409197441060357,87.15932885774347,203.68848194309928,392.92857142857144,487.1629362757765
regression,rf,random_label_noise,0.05,,,,,,,,,,,,,,,,,,,,,,,392.92857142857144,487.1629362757765,,,1145.7915735409003,3063.5738376872728,16.45917220329754,29.93703286402495,8.160957961456118,12.368611569890929,4.345757828995327,6.826338477785877,0.4214204711694006,0.2557369286810298,0.4254106075052111,0.25257284201563857,0.6351999887533326,0.20153602795234252,0.6467472905467611,0.17564121512603204,0.48512797986879297,0.15413982870871545,87.79876463352869,205.92412181344622,392.92857142857144,487.1629362757765
regression,rf,random_label_noise,0.1,,,,,,,,,,,,,,,,,,,,,,,392.92857142857144,487.1629362757765,,,1068.884214796426,2768.5183912935317,16.12376377470164,28.786071824471914,8.102309674476087,12.263631273588725,4.312822350950908,6.761604762594336,0.41524494649733057,0.24569511574391284,0.4182088837946609,0.24420064428684263,0.6327083454869751,0.19497063646937313,0.6339181608521632,0.17830081528342667,0.4750882992011671,0.15580812205811673,87.36491165568994,203.56841489456116,392.92857142857144,487.1629362757765
regression,rf,random_label_noise,0.2,,,,,,,,,,,,,,,,,,,,,,,392.92857142857144,487.1629362757765,,,1109.138019623648,2894.106586341078,16.424465499976524,29.32315659141756,8.38939447505488,12.60983509053867,4.515354666753851,7.179993981516536,0.37333868233531137,0.21658036469390346,0.3767027192946212,0.2151488000409586,0.6007897680972656,0.181424995212842,0.60481767772035,0.17085530509816751,0.4476902778389217,0.1447674180148465,87.29750420779449,202.46791420384494,392.92857142857144,487.1629362757765
regression,rf,random_label_noise,0.5,,,,,,,,,,,,,,,,,,,,,,,392.92857142857144,487.1629362757765,,,1296.7619055598236,3487.4987445458837,17.71636938139963,31.731138351002304,9.134179753425872,13.438809916363969,5.256038218711517,8.118210466349456,0.20650536762105573,0.18989759288818728,0.21054498587463974,0.18930018156066689,0.45205644290213104,0.19476815080144452,0.4595733675028868,0.16069202953876752,0.3273759708352285,0.12201913253531622,89.51086160449142,208.71632320747523,392.92857142857144,487.1629362757765
regression,rf,random_label_noise,1.0,,,,,,,,,,,,,,,,,,,,,,,392.92857142857144,487.1629362757765,,,1508.1175396709264,4013.501919415696,19.417857751124508,34.03896701062849,10.46437206504856,14.869722195844057,6.44435529340818,9.58378475066992,-0.15716356861058303,0.11124541429708137,-0.14998920828019116,0.11031516248662473,0.03758278485542884,0.08027701965317084,0.038752658841022025,0.09000444994969685,0.027190776469686817,0.060771094304473014,92.83806006623006,212.85871669487588,392.92857142857144,487.1629362757765
regression,torch_mlp,cliffs,0.0,,,,,,,,,,,,,,,,,,,,,,,392.92857142857144,487.1629362757765,,,909.7167030600734,1924.3676732232632,16.195559044657365,25.752889467163605,9.371806302486338,13.792567959427014,4.823089459274674,6.787956970718875,0.15055738876382666,0.5140491545275366,0.16246441272174317,0.4958693932135969,0.6014244283576474,0.20278768301189865,0.5581002794635445,0.20849554263811426,0.41494216633314984,0.17420546918417837,85.6456363418157,183.45499907456002,392.92857142857144,487.1629362757765
regression,torch_mlp,cliffs,0.01,,,,,,,,,,,,,,,,,,,,,,,392.92857142857144,487.1629362757765,,,924.7182468396601,1956.0173468323403,16.350065148720034,25.950483754988763,9.610223145857496,14.19061053390154,5.251941533933361,7.5455896679639105,0.12851639498145712,0.5186617271659346,0.1403555178758805,0.5005071137901883,0.5932897628732702,0.19804046069480924,0.5483250843641575,0.20263683792168954,0.4061979121540983,0.166972753205983,86.30957910264492,183.66216608241686,392.92857142857144,487.1629362757765
regression,torch_mlp,cliffs,0.02,,,,,,,,,,,,,,,,,,,,,,,392.92857142857144,487.1629362757765,,,916.4940527058343,1932.2378992574795,16.32059929372202,25.806762130837598,9.490798610001724,13.894595413211475,4.9787014838735235,6.9910821408365305,0.12447826983588599,0.49467962215770844,0.1374674907683796,0.4740694496639702,0.5911000318966965,0.19179706035763394,0.5508420745033715,0.1936443861669804,0.4057906181661035,0.157951232777664,87.1624088085911,183.9894483405926,392.92857142857144,487.1629362757765
regression,torch_mlp,cliffs,0.05,,,,,,,,,,,,,,,,,,,,,,,392.92857142857144,487.1629362757765,,,939.8059349785789,1976.9342660111995,16.605550771178788,26.081760742085955,9.912976556817327,14.492656642766724,5.673264862356371,8.06795892061504,0.0636407450275597,0.5055568412533503,0.07851970496044214,0.48543650393606014,0.5703935668126688,0.18377409843896364,0.5255548516250544,0.18515358408490742,0.3841337314200575,0.14717525937354897,86.40922862139361,182.98607090300067,392.92857142857144,487.1629362757765
regression,torch_mlp,cliffs,0.1,,,,,,,,,,,,,,,,,,,,,,,392.92857142857144,487.1629362757765,,,1007.4824757823444,2103.4181650303926,17.247311448918584,26.969058327423383,10.60025560707046,15.610220906422118,6.4230857183582035,9.307771712312324,-0.020000651444803532,0.4979577646199651,-0.007546696166076109,0.48104431778301626,0.5510041563647723,0.17102049052599086,0.5102559942912627,0.17259819232542523,0.3708161057001303,0.13444638844495618,91.56998074405114,185.84159391270404,392.92857142857144,487.1629362757765
regression,torch_mlp,cliffs,0.2,,,,,,,,,,,,,,,,,,,,,,,392.92857142857144,487.1629362757765,,,1098.716969017324,2274.955147979327,18.243259221037935,28.01037238390067,11.51772610941872,16.636516567285586,7.35627840701032,10.441418722636872,-0.2370648624522445,0.5879752394804088,-0.2215070032116747,0.568362876176536,0.49229280938689335,0.17574109533122298,0.45826785285528826,0.16834939535466445,0.329231232641282,0.12880610228658576,94.02639102797026,187.21205445759236,392.92857142857144,487.1629362757765
regression,torch_mlp,cliffs,0.5,,,,,,,,,,,,,,,,,,,,,,,392.92857142857144,487.1629362757765,,,1307.4281793073203,2632.431565069698,20.251028873396745,30.318475560492416,13.581560274713178,19.463315131248006,9.646683869830598,13.824924832618498,-0.7373961606540865,1.0352351723376911,-0.7022138482093043,0.993185309052416,0.4355698816400759,0.1796443245741151,0.400611220186028,0.17909505657534966,0.2833905330593585,0.1323111483278017,101.5419180906831,192.0759273126943,392.92857142857144,487.1629362757765
regression,torch_mlp,cliffs,1.0,,,,,,,,,,,,,,,,,,,,,,,392.92857142857144,487.1629362757765,,,1734.3155651793752,3362.3957066683506,23.596353537610852,34.731079048259026,16.588873441783072,23.797553352455008,12.305161592074093,17.6971255297333,-1.6349851981712968,2.0784546485533926,-1.608368663253538,2.03573307260811,0.3615683956574233,0.18951981973325574,0.3300414911779064,0.18157322657559397,0.2317236161888261,0.1306512693603877,113.58134299473858,206.96844799071079,392.92857142857144,487.1629362757765
regression,torch_mlp,conflicts,0.0,,,,,,,,,,,,,,,,,,,,,,,392.92857142857144,487.1629362757765,,,909.7167030600734,1924.3676732232632,16.195559044657365,25.752889467163605,9.371806302486338,13.792567959427014,4.823089459274674,6.787956970718875,0.15055738876382666,0.5140491545275366,0.16246441272174317,0.4958693932135969,0.6014244283576474,0.20278768301189865,0.5581002794635445,0.20849554263811426,0.41494216633314984,0.17420546918417837,85.6456363418157,183.45499907456002,392.92857142857144,487.1629362757765
regression,torch_mlp,conflicts,0.01,,,,,,,,,,,,,,,,,,,,,,,392.92857142857144,487.1629362757765,,,930.4337348458522,1964.1085112798305,16.389555672132175,26.037627738440168,9.990983446955337,14.907842015401608,5.756819041045169,8.29693211557482,0.137012971776907,0.5210928826860525,0.14908344703697293,0.5043853269857239,0.5974393563957564,0.19854290502897887,0.5537604731659971,0.20530665545132104,0.41023123505139836,0.16965404050335273,85.12705572347895,178.35352581288925,392.92857142857144,487.1629362757765
regression,torch_mlp,conflicts,0.02,,,,,,,,,,,,,,,,,,,,,,,392.92857142857144,487.1629362757765,,,1031.941007080106,2220.447932882037,17.12403192273367,27.508649897783048,10.86575466293681,16.503124923811033,6.950074059562868,10.349441280245752,0.09006672752828526,0.5351664144354324,0.10248925914778206,0.5180093106788377,0.5785159765798422,0.19925571347037527,0.5367188585556093,0.2084050714242901,0.3960510033472464,0.17013857207649363,90.81846002421658,187.52248490686713,392.92857142857144,487.1629362757765
regression,torch_mlp,conflicts,0.05,,,,,,,,,,,,,,,,,,,,,,,392.92857142857144,487.1629362757765,,,1141.3083357208054,2469.0022139089174,18.002679375687155,28.933438576689902,11.76098862712939,17.919978506378463,8.086579145783094,12.104531051323482,0.004941202119047668,0.5549436492483221,0.019318119324801594,0.5380995753727721,0.5546340024889036,0.19865592285826292,0.5188227677855967,0.20200349480982213,0.3796418538586037,0.16153023195487462,97.99436808482866,199.68845082443048,392.92857142857144,487.1629362757765
regression,torch_mlp,conflicts,0.1,,,,,,,,,,,,,,,,,,,,,,,392.92857142857144,487.1629362757765,,,1247.0620215150823,2654.4178432036706,18.908526651673874,30.18651166149677,12.747262312817771,19.455619669425904,9.007650492903995,13.6066888945699,-0.11850720983212837,0.6011999844267893,-0.10336676171831606,0.5831926983324067,0.524243010084721,0.19062090160950482,0.48569829235370043,0.18632492678457677,0.350695934460506,0.1441680319742247,99.23978483180748,195.81858033622885,392.92857142857144,487.1629362757765
regression,torch_mlp,conflicts,0.2,,,,,,,,,,,,,,,,,,,,,,,392.92857142857144,487.1629362757765,,,1454.2922464090875,3014.3739950458635,20.62023670232365,32.468416007495634,14.34798647579999,21.72600059921907,10.436769089662212,15.52555076967666,-0.34967460577055137,0.7122664776758778,-0.3351991132688684,0.7016277059866833,0.4851042821591283,0.18306185931568644,0.4445402327975607,0.18573884932286516,0.31621040030698194,0.1378813650652156,103.04856649863139,199.22454635868692,392.92857142857144,487.1629362757765
regression,torch_mlp,conflicts,0.5,,,,,,,,,,,,,,,,,,,,,,,392.92857142857144,487.1629362757765,,,1901.1856605857233,3749.531197437419,23.970610041797272,36.86395940449024,17.571617661404087,26.294877227795137,14.48172210427725,21.749334059418548,-0.9215741746725181,0.9698591375595167,-0.9059958183384913,0.9610254409371382,0.4165420437312961,0.17367477665689968,0.3727110716976731,0.16971621419453667,0.2597885482026688,0.12083311876908692,108.70364456663563,202.56516405943202,392.92857142857144,487.1629362757765
regression,torch_mlp,conflicts,1.0,,,,,,,,,,,,,,,,,,,,,,,392.92857142857144,487.1629362757765,,,2406.389844233922,4715.072126158942,27.099868241147163,41.38559116317617,20.70829076990171,31.07588036840293,17.539368062614123,26.45794139689356,-1.5067014694348995,1.1997430192276082,-1.486360916878007,1.1877384019983415,0.36246944486696353,0.16446202766239362,0.3287279483075607,0.159730062364258,0.22720275603214055,0.11352918404086632,115.91083314633501,210.38680022012363,392.92857142857144,487.1629362757765
regression,torch_mlp,contamination,0.0,,,,,,,,,,,,,,,,,,,,,,,392.92857142857144,487.1629362757765,,,909.7167030600734,1924.3676732232632,16.195559044657365,25.752889467163605,9.371806302486338,13.792567959427014,4.823089459274674,6.787956970718875,0.15055738876382666,0.5140491545275366,0.16246441272174317,0.4958693932135969,0.6014244283576474,0.20278768301189865,0.5581002794635445,0.20849554263811426,0.41494216633314984,0.17420546918417837,85.6456363418157,183.45499907456002,392.92857142857144,487.1629362757765
regression,torch_mlp,contamination,0.01,,,,,,,,,,,,,,,,,,,,,,,392.92857142857144,487.1629362757765,,,902.9571031195677,1917.26070716602,16.08976140458102,25.68629728875355,9.258263474893566,13.712312909448618,4.789262944897052,6.849091235594694,0.1681746432704721,0.5051319594994893,0.1805273964963996,0.4871329286547628,0.6103169438222034,0.19816246490910702,0.5696008149595013,0.20218553207736958,0.4248317619569318,0.16986523912154514,85.93518487616568,183.36695589841207,392.92857142857144,487.1629362757765
regression,torch_mlp,contamination,0.02,,,,,,,,,,,,,,,,,,,,,,,392.92857142857144,487.1629362757765,,,888.816916493845,1895.0685923918156,15.948498136972635,25.493862290559587,9.172669962947904,13.573262071669403,4.8490850725470995,6.915401791886433,0.1929640832019892,0.5029346133867295,0.2051257520270109,0.48418206507712097,0.6244582405613059,0.19105477756984,0.5773871366526044,0.20138469024502315,0.4312388455331422,0.17017254863942669,85.41537151588514,182.71900999827474,392.92857142857144,487.1629362757765
regression,torch_mlp,contamination,0.05,,,,,,,,,,,,,,,,,,,,,,,392.92857142857144,487.1629362757765,,,877.7220967943817,1872.263311281505,15.83814639271634,25.34097186461197,8.893416412691096,13.112619285900644,4.2104037024975804,5.726947177173594,0.21357579257736806,0.48678900988660345,0.22351668206360747,0.4735068087007316,0.6314045282876378,0.1904610579266869,0.5910580884792422,0.19943674432095945,0.4438710682991959,0.16963281073629327,84.96561106047723,182.91447909353238,392.92857142857144,487.1629362757765
regression,torch_mlp,contamination,0.1,,,,,,,,,,,,,,,,,,,,,,,392.92857142857144,487.1629362757765,,,854.6969855326192,1860.3989083523202,15.522300882896088,25.074385314551012,8.55361285481782,12.73475702603999,3.9859030079349766,5.528770812284704,0.25647701433589853,0.4606588858419883,0.26760269689276733,0.4422830677239421,0.6507917654668266,0.17878014262550512,0.6104850295309765,0.19120357057987922,0.46353037818968634,0.16427363630467223,85.37284533117185,182.88062857424964,392.92857142857144,487.1629362757765
regression,torch_mlp,contamination,0.2,,,,,,,,,,,,,,,,,,,,,,,392.92857142857144,487.1629362757765,,,772.944208038561,1699.2513476672987,14.693581577058875,23.88784795462208,7.624871323322138,11.373474694416918,3.04439984852351,4.152739996462497,0.3418720696246331,0.424021527255631,0.35020545896731986,0.4087165744360622,0.6940775087542386,0.15997083138069784,0.6551781031086208,0.17483700530659044,0.5063781063090181,0.1547756452728334,85.85729775357423,183.07122247674127,392.92857142857144,487.1629362757765
regression,torch_mlp,contamination,0.5,,,,,,,,,,,,,,,,,,,,,,,392.92857142857144,487.1629362757765,,,404.86460570626906,908.6317226435871,10.78382442819893,17.193374311719026,4.924258469221861,7.466133384394907,0.7987286552895151,1.2942488558061551,0.5884804934645936,0.29500872925910887,0.5927592096643584,0.2884632649167931,0.8080461205631018,0.11813787137818972,0.7650100852652137,0.13735448523112453,0.6375913251254447,0.129078467807986,65.13980735926053,130.5489022818382,392.92857142857144,487.1629362757765
regression,torch_mlp,contamination,1.0,,,,,,,,,,,,,,,,,,,,,,,392.92857142857144,487.1629362757765,,,24.115178740958612,79.36052847924392,2.0954610879732654,4.495030605526554,0.7783164337086822,1.7248452747300704,0.1828818350544212,0.28632308378301613,0.9789471511960786,0.031147955616410376,0.9794067310182125,0.030868869619132582,0.989653125878201,0.015858462964847678,0.9850230265983875,0.018524008693757584,0.9346563960508443,0.04734524570031076,14.238027911367956,22.88416095123318,392.92857142857144,487.1629362757765
regression,torch_mlp,random_label_noise,0.0,,,,,,,,,,,,,,,,,,,,,,,392.92857142857144,487.1629362757765,,,909.7167030600734,1924.3676732232632,16.195559044657365,25.752889467163605,9.371806302486338,13.792567959427014,4.823089459274674,6.787956970718875,0.15055738876382666,0.5140491545275366,0.16246441272174317,0.4958693932135969,0.6014244283576474,0.20278768301189865,0.5581002794635445,0.20849554263811426,0.41494216633314984,0.17420546918417837,85.6456363418157,183.45499907456002,392.92857142857144,487.1629362757765
regression,torch_mlp,random_label_noise,0.01,,,,,,,,,,,,,,,,,,,,,,,392.92857142857144,487.1629362757765,,,919.9492224598364,1961.707083344421,16.25668128586621,25.916432546412803,9.45772637731811,13.930836099077654,5.059173435308587,7.265275436326174,0.14675919291793194,0.5115726460105526,0.15940834169514007,0.4920854995938095,0.5992243878195961,0.20037912417957585,0.5531767000676707,0.20857044253816262,0.41017061843289515,0.1724147437486358,85.82462204225615,184.63116568411667,392.92857142857144,487.1629362757765
regression,torch_mlp,random_label_noise,0.02,,,,,,,,,,,,,,,,,,,,,,,392.92857142857144,487.1629362757765,,,911.8028253949924,1913.9488203336268,16.28823187498959,25.7345007897606,9.492131245449634,13.929015467559534,5.030799629341557,7.066586134996131,0.12196920556620312,0.5245284505661199,0.13352597043212514,0.5083779250010477,0.5882894390921878,0.2029559977787266,0.5453431595313116,0.20466248830281433,0.4035471745294441,0.1682864971103628,85.65306027540872,181.6842248890965,392.92857142857144,487.1629362757765
regression,torch_mlp,random_label_noise,0.05,,,,,,,,,,,,,,,,,,,,,,,392.92857142857144,487.1629362757765,,,1076.5452379302274,2512.732646858297,17.271205079326812,28.235304810579052,9.844701277603184,14.465685533182253,5.147489883581643,7.145458216730885,0.07002144536521955,0.5430834125703397,0.0816447947691181,0.5248886722920644,0.5629478484446169,0.20408577480835718,0.5264118160868789,0.20455137192014977,0.3861602151656739,0.1644443734648501,89.54691279231423,194.70885118815306,392.92857142857144,487.1629362757765
regression,torch_mlp,random_label_noise,0.1,,,,,,,,,,,,,,,,,,,,,,,392.92857142857144,487.1629362757765,,,958.3593006103637,1998.337589356421,16.787118862109622,26.32590374083041,9.856957309120933,14.354522656255119,5.2137292150659365,7.021633624870745,0.020723596377570836,0.5473771320272592,0.033168906928693044,0.5306150246754542,0.5440202490152481,0.19341471613355274,0.49278021180490617,0.18663580357359108,0.35771292855914644,0.14518236999236672,88.20869522767131,186.31482934345428,392.92857142857144,487.1629362757765
regression,torch_mlp,random_label_noise,0.2,,,,,,,,,,,,,,,,,,,,,,,392.92857142857144,487.1629362757765,,,1108.896337625905,2485.1973246554253,17.86655672944186,28.441923928484094,10.357002909379787,14.877048034945767,5.589993288232948,7.492540397054964,-0.11489961354695641,0.5724067033702519,-0.10087297568266103,0.5483361688745738,0.48447777188913543,0.16555004020152178,0.44074472546605764,0.1703669104903324,0.31541499867109457,0.12861427962237398,91.51646493198685,194.6795368169548,392.92857142857144,487.1629362757765
regression,torch_mlp,random_label_noise,0.5,,,,,,,,,,,,,,,,,,,,,,,392.92857142857144,487.1629362757765,,,1443.0174757121977,3440.5821518802027,20.098791139174214,32.62512684178841,11.73851274226992,16.62668896543404,6.660643189699346,8.917514853265294,-0.4652730091676259,0.6366238459459309,-0.45055525979011707,0.6172903654726007,0.315000943602351,0.13893606147503623,0.2773383454453856,0.12164323969129692,0.19175017223176472,0.08794568139168933,96.61369462029776,208.65773285985898,392.92857142857144,487.1629362757765
regression,torch_mlp,random_label_noise,1.0,,,,,,,,,,,,,,,,,,,,,,,392.92857142857144,487.1629362757765,,,1927.6688979655194,4529.273000660139,23.43192856682705,37.579759766166625,13.67944868688832,18.895796328565496,8.485164197708949,11.764620398191187,-1.112324977106987,0.8188633084128759,-1.0944501355165646,0.8030488125448422,0.03358096363412,0.08287391343825937,0.021212531794507092,0.08412655744819558,0.014231886555513325,0.05636399784098055,104.82468973922484,215.87816058869998,392.92857142857144,487.1629362757765
