mode,target_rate,model,probability_rank_1,median_rank,rank_q025,rank_q975,dataset,family,task,metric_name,sota_model
clean_reference,0.0,ecfp_linear,0.0,6.0,6.0,6.0,moleculenet/MoleculeNet-BACE,moleculenet,classification,auroc,lgbm_advanced
clean_reference,0.0,ecfp_rf,0.0,3.0,3.0,3.0,moleculenet/MoleculeNet-BACE,moleculenet,classification,auroc,lgbm_advanced
clean_reference,0.0,lgbm_advanced,1.0,1.0,1.0,1.0,moleculenet/MoleculeNet-BACE,moleculenet,classification,auroc,lgbm_advanced
clean_reference,0.0,lgbm_basic,0.0,2.0,2.0,2.0,moleculenet/MoleculeNet-BACE,moleculenet,classification,auroc,lgbm_advanced
clean_reference,0.0,torch_mlp_advanced,0.0,4.0,4.0,4.0,moleculenet/MoleculeNet-BACE,moleculenet,classification,auroc,lgbm_advanced
clean_reference,0.0,torch_mlp_basic,0.0,5.0,5.0,5.0,moleculenet/MoleculeNet-BACE,moleculenet,classification,auroc,lgbm_advanced
leakage_curve,0.0,ecfp_linear,0.01,6.0,2.0,6.0,moleculenet/MoleculeNet-BACE,moleculenet,classification,auroc,lgbm_advanced
leakage_curve,0.0,ecfp_rf,0.085,3.0,1.0,6.0,moleculenet/MoleculeNet-BACE,moleculenet,classification,auroc,lgbm_advanced
leakage_curve,0.0,lgbm_advanced,0.743,1.0,1.0,3.0,moleculenet/MoleculeNet-BACE,moleculenet,classification,auroc,lgbm_advanced
leakage_curve,0.0,lgbm_basic,0.07,2.5,1.0,6.0,moleculenet/MoleculeNet-BACE,moleculenet,classification,auroc,lgbm_advanced
leakage_curve,0.0,torch_mlp_advanced,0.024,4.0,1.5,6.0,moleculenet/MoleculeNet-BACE,moleculenet,classification,auroc,lgbm_advanced
leakage_curve,0.0,torch_mlp_basic,0.024,5.0,1.5,6.0,moleculenet/MoleculeNet-BACE,moleculenet,classification,auroc,lgbm_advanced
leakage_curve,0.05,ecfp_linear,0.018,6.0,2.0,6.0,moleculenet/MoleculeNet-BACE,moleculenet,classification,auroc,lgbm_advanced
leakage_curve,0.05,ecfp_rf,0.103,3.0,1.0,6.0,moleculenet/MoleculeNet-BACE,moleculenet,classification,auroc,lgbm_advanced
leakage_curve,0.05,lgbm_advanced,0.662,1.0,1.0,4.0,moleculenet/MoleculeNet-BACE,moleculenet,classification,auroc,lgbm_advanced
leakage_curve,0.05,lgbm_basic,0.106,2.25,1.0,6.0,moleculenet/MoleculeNet-BACE,moleculenet,classification,auroc,lgbm_advanced
leakage_curve,0.05,torch_mlp_advanced,0.041,4.0,1.0,6.0,moleculenet/MoleculeNet-BACE,moleculenet,classification,auroc,lgbm_advanced
leakage_curve,0.05,torch_mlp_basic,0.028,5.0,1.0,6.0,moleculenet/MoleculeNet-BACE,moleculenet,classification,auroc,lgbm_advanced
leakage_curve,0.1,ecfp_linear,0.027,6.0,1.0,6.0,moleculenet/MoleculeNet-BACE,moleculenet,classification,auroc,lgbm_advanced
leakage_curve,0.1,ecfp_rf,0.087,3.0,1.0,6.0,moleculenet/MoleculeNet-BACE,moleculenet,classification,auroc,lgbm_advanced
leakage_curve,0.1,lgbm_advanced,0.639,1.0,1.0,4.0,moleculenet/MoleculeNet-BACE,moleculenet,classification,auroc,lgbm_advanced
leakage_curve,0.1,lgbm_basic,0.129,2.0,1.0,6.0,moleculenet/MoleculeNet-BACE,moleculenet,classification,auroc,lgbm_advanced
leakage_curve,0.1,torch_mlp_advanced,0.049,4.0,1.0,6.0,moleculenet/MoleculeNet-BACE,moleculenet,classification,auroc,lgbm_advanced
leakage_curve,0.1,torch_mlp_basic,0.022,5.0,1.5,6.0,moleculenet/MoleculeNet-BACE,moleculenet,classification,auroc,lgbm_advanced
leakage_curve,0.25,ecfp_linear,0.041,5.0,1.0,6.0,moleculenet/MoleculeNet-BACE,moleculenet,classification,auroc,lgbm_advanced
leakage_curve,0.25,ecfp_rf,0.045,3.0,1.0,6.0,moleculenet/MoleculeNet-BACE,moleculenet,classification,auroc,lgbm_advanced
leakage_curve,0.25,lgbm_advanced,0.576,1.0,1.0,4.0,moleculenet/MoleculeNet-BACE,moleculenet,classification,auroc,lgbm_advanced
leakage_curve,0.25,lgbm_basic,0.161,2.0,1.0,6.0,moleculenet/MoleculeNet-BACE,moleculenet,classification,auroc,lgbm_advanced
leakage_curve,0.25,torch_mlp_advanced,0.081,4.0,1.0,6.0,moleculenet/MoleculeNet-BACE,moleculenet,classification,auroc,lgbm_advanced
leakage_curve,0.25,torch_mlp_basic,0.045,5.0,1.0,6.0,moleculenet/MoleculeNet-BACE,moleculenet,classification,auroc,lgbm_advanced
leakage_curve,0.5,ecfp_linear,0.102,4.0,1.0,6.0,moleculenet/MoleculeNet-BACE,moleculenet,classification,auroc,lgbm_advanced
leakage_curve,0.5,ecfp_rf,0.011,5.0,2.0,6.0,moleculenet/MoleculeNet-BACE,moleculenet,classification,auroc,lgbm_advanced
leakage_curve,0.5,lgbm_advanced,0.422,2.0,1.0,5.0,moleculenet/MoleculeNet-BACE,moleculenet,classification,auroc,lgbm_advanced
leakage_curve,0.5,lgbm_basic,0.157,3.0,1.0,6.0,moleculenet/MoleculeNet-BACE,moleculenet,classification,auroc,lgbm_advanced
leakage_curve,0.5,torch_mlp_advanced,0.233,3.0,1.0,6.0,moleculenet/MoleculeNet-BACE,moleculenet,classification,auroc,lgbm_advanced
leakage_curve,0.5,torch_mlp_basic,0.03,5.0,1.0,6.0,moleculenet/MoleculeNet-BACE,moleculenet,classification,auroc,lgbm_advanced
leakage_curve,0.75,ecfp_linear,0.118,3.0,1.0,6.0,moleculenet/MoleculeNet-BACE,moleculenet,classification,auroc,lgbm_advanced
leakage_curve,0.75,ecfp_rf,0.0,6.0,4.0,6.0,moleculenet/MoleculeNet-BACE,moleculenet,classification,auroc,lgbm_advanced
leakage_curve,0.75,lgbm_advanced,0.242,2.5,1.0,5.0,moleculenet/MoleculeNet-BACE,moleculenet,classification,auroc,lgbm_advanced
leakage_curve,0.75,lgbm_basic,0.011,4.0,2.0,5.0,moleculenet/MoleculeNet-BACE,moleculenet,classification,auroc,lgbm_advanced
leakage_curve,0.75,torch_mlp_advanced,0.588,1.0,1.0,4.0,moleculenet/MoleculeNet-BACE,moleculenet,classification,auroc,lgbm_advanced
leakage_curve,0.75,torch_mlp_basic,0.0,4.0,2.0,6.0,moleculenet/MoleculeNet-BACE,moleculenet,classification,auroc,lgbm_advanced
leakage_curve,observed,ecfp_linear,0.049,5.0,1.0,6.0,moleculenet/MoleculeNet-BACE,moleculenet,classification,auroc,lgbm_advanced
leakage_curve,observed,ecfp_rf,0.056,3.0,1.0,6.0,moleculenet/MoleculeNet-BACE,moleculenet,classification,auroc,lgbm_advanced
leakage_curve,observed,lgbm_advanced,0.594,1.0,1.0,4.0,moleculenet/MoleculeNet-BACE,moleculenet,classification,auroc,lgbm_advanced
leakage_curve,observed,lgbm_basic,0.157,2.0,1.0,6.0,moleculenet/MoleculeNet-BACE,moleculenet,classification,auroc,lgbm_advanced
leakage_curve,observed,torch_mlp_advanced,0.057,4.0,1.0,6.0,moleculenet/MoleculeNet-BACE,moleculenet,classification,auroc,lgbm_advanced
leakage_curve,observed,torch_mlp_basic,0.04,5.0,1.0,6.0,moleculenet/MoleculeNet-BACE,moleculenet,classification,auroc,lgbm_advanced
observed_composition,observed,ecfp_linear,0.0,6.0,6.0,6.0,moleculenet/MoleculeNet-BACE,moleculenet,classification,auroc,lgbm_advanced
observed_composition,observed,ecfp_rf,0.0,3.0,3.0,3.0,moleculenet/MoleculeNet-BACE,moleculenet,classification,auroc,lgbm_advanced
observed_composition,observed,lgbm_advanced,1.0,1.0,1.0,1.0,moleculenet/MoleculeNet-BACE,moleculenet,classification,auroc,lgbm_advanced
observed_composition,observed,lgbm_basic,0.0,2.0,2.0,2.0,moleculenet/MoleculeNet-BACE,moleculenet,classification,auroc,lgbm_advanced
observed_composition,observed,torch_mlp_advanced,0.0,4.0,4.0,4.0,moleculenet/MoleculeNet-BACE,moleculenet,classification,auroc,lgbm_advanced
observed_composition,observed,torch_mlp_basic,0.0,5.0,5.0,5.0,moleculenet/MoleculeNet-BACE,moleculenet,classification,auroc,lgbm_advanced
random_matched_control,0.0,ecfp_linear,0.037,5.0,1.0,6.0,moleculenet/MoleculeNet-BACE,moleculenet,classification,auroc,lgbm_advanced
random_matched_control,0.0,ecfp_rf,0.086,3.0,1.0,6.0,moleculenet/MoleculeNet-BACE,moleculenet,classification,auroc,lgbm_advanced
random_matched_control,0.0,lgbm_advanced,0.564,1.0,1.0,4.5,moleculenet/MoleculeNet-BACE,moleculenet,classification,auroc,lgbm_advanced
random_matched_control,0.0,lgbm_basic,0.159,2.0,1.0,6.0,moleculenet/MoleculeNet-BACE,moleculenet,classification,auroc,lgbm_advanced
random_matched_control,0.0,torch_mlp_advanced,0.067,4.0,1.0,6.0,moleculenet/MoleculeNet-BACE,moleculenet,classification,auroc,lgbm_advanced
random_matched_control,0.0,torch_mlp_basic,0.036,5.0,1.0,6.0,moleculenet/MoleculeNet-BACE,moleculenet,classification,auroc,lgbm_advanced
random_matched_control,0.05,ecfp_linear,0.049,5.0,1.0,6.0,moleculenet/MoleculeNet-BACE,moleculenet,classification,auroc,lgbm_advanced
random_matched_control,0.05,ecfp_rf,0.071,3.0,1.0,6.0,moleculenet/MoleculeNet-BACE,moleculenet,classification,auroc,lgbm_advanced
random_matched_control,0.05,lgbm_advanced,0.556,1.0,1.0,4.012499999999989,moleculenet/MoleculeNet-BACE,moleculenet,classification,auroc,lgbm_advanced
random_matched_control,0.05,lgbm_basic,0.175,2.0,1.0,6.0,moleculenet/MoleculeNet-BACE,moleculenet,classification,auroc,lgbm_advanced
random_matched_control,0.05,torch_mlp_advanced,0.066,4.0,1.0,6.0,moleculenet/MoleculeNet-BACE,moleculenet,classification,auroc,lgbm_advanced
random_matched_control,0.05,torch_mlp_basic,0.027,5.0,1.0,6.0,moleculenet/MoleculeNet-BACE,moleculenet,classification,auroc,lgbm_advanced
random_matched_control,0.1,ecfp_linear,0.05,5.0,1.0,6.0,moleculenet/MoleculeNet-BACE,moleculenet,classification,auroc,lgbm_advanced
random_matched_control,0.1,ecfp_rf,0.069,3.0,1.0,6.0,moleculenet/MoleculeNet-BACE,moleculenet,classification,auroc,lgbm_advanced
random_matched_control,0.1,lgbm_advanced,0.593,1.0,1.0,4.012499999999989,moleculenet/MoleculeNet-BACE,moleculenet,classification,auroc,lgbm_advanced
random_matched_control,0.1,lgbm_basic,0.141,2.0,1.0,6.0,moleculenet/MoleculeNet-BACE,moleculenet,classification,auroc,lgbm_advanced
random_matched_control,0.1,torch_mlp_advanced,0.056,4.0,1.0,6.0,moleculenet/MoleculeNet-BACE,moleculenet,classification,auroc,lgbm_advanced
random_matched_control,0.1,torch_mlp_basic,0.041,5.0,1.0,6.0,moleculenet/MoleculeNet-BACE,moleculenet,classification,auroc,lgbm_advanced
random_matched_control,0.25,ecfp_linear,0.036,5.0,1.0,6.0,moleculenet/MoleculeNet-BACE,moleculenet,classification,auroc,lgbm_advanced
random_matched_control,0.25,ecfp_rf,0.076,3.0,1.0,6.0,moleculenet/MoleculeNet-BACE,moleculenet,classification,auroc,lgbm_advanced
random_matched_control,0.25,lgbm_advanced,0.596,1.0,1.0,4.0,moleculenet/MoleculeNet-BACE,moleculenet,classification,auroc,lgbm_advanced
random_matched_control,0.25,lgbm_basic,0.154,2.0,1.0,6.0,moleculenet/MoleculeNet-BACE,moleculenet,classification,auroc,lgbm_advanced
random_matched_control,0.25,torch_mlp_advanced,0.075,4.0,1.0,6.0,moleculenet/MoleculeNet-BACE,moleculenet,classification,auroc,lgbm_advanced
random_matched_control,0.25,torch_mlp_basic,0.022,5.0,1.5,6.0,moleculenet/MoleculeNet-BACE,moleculenet,classification,auroc,lgbm_advanced
random_matched_control,0.5,ecfp_linear,0.033,5.0,1.0,6.0,moleculenet/MoleculeNet-BACE,moleculenet,classification,auroc,lgbm_advanced
random_matched_control,0.5,ecfp_rf,0.077,3.0,1.0,6.0,moleculenet/MoleculeNet-BACE,moleculenet,classification,auroc,lgbm_advanced
random_matched_control,0.5,lgbm_advanced,0.568,1.0,1.0,4.012499999999989,moleculenet/MoleculeNet-BACE,moleculenet,classification,auroc,lgbm_advanced
random_matched_control,0.5,lgbm_basic,0.161,2.0,1.0,6.0,moleculenet/MoleculeNet-BACE,moleculenet,classification,auroc,lgbm_advanced
random_matched_control,0.5,torch_mlp_advanced,0.067,4.0,1.0,6.0,moleculenet/MoleculeNet-BACE,moleculenet,classification,auroc,lgbm_advanced
random_matched_control,0.5,torch_mlp_basic,0.04,5.0,1.0,6.0,moleculenet/MoleculeNet-BACE,moleculenet,classification,auroc,lgbm_advanced
random_matched_control,0.75,ecfp_linear,0.037,5.0,1.0,6.0,moleculenet/MoleculeNet-BACE,moleculenet,classification,auroc,lgbm_advanced
random_matched_control,0.75,ecfp_rf,0.074,3.0,1.0,6.0,moleculenet/MoleculeNet-BACE,moleculenet,classification,auroc,lgbm_advanced
random_matched_control,0.75,lgbm_advanced,0.57,1.0,1.0,4.0,moleculenet/MoleculeNet-BACE,moleculenet,classification,auroc,lgbm_advanced
random_matched_control,0.75,lgbm_basic,0.178,2.0,1.0,6.0,moleculenet/MoleculeNet-BACE,moleculenet,classification,auroc,lgbm_advanced
random_matched_control,0.75,torch_mlp_advanced,0.065,4.0,1.0,6.0,moleculenet/MoleculeNet-BACE,moleculenet,classification,auroc,lgbm_advanced
random_matched_control,0.75,torch_mlp_basic,0.031,5.0,1.0,6.0,moleculenet/MoleculeNet-BACE,moleculenet,classification,auroc,lgbm_advanced
random_matched_control,observed,ecfp_linear,0.037,5.0,1.0,6.0,moleculenet/MoleculeNet-BACE,moleculenet,classification,auroc,lgbm_advanced
random_matched_control,observed,ecfp_rf,0.083,3.0,1.0,6.0,moleculenet/MoleculeNet-BACE,moleculenet,classification,auroc,lgbm_advanced
random_matched_control,observed,lgbm_advanced,0.56,1.0,1.0,4.0,moleculenet/MoleculeNet-BACE,moleculenet,classification,auroc,lgbm_advanced
random_matched_control,observed,lgbm_basic,0.148,2.0,1.0,6.0,moleculenet/MoleculeNet-BACE,moleculenet,classification,auroc,lgbm_advanced
random_matched_control,observed,torch_mlp_advanced,0.07,4.0,1.0,6.0,moleculenet/MoleculeNet-BACE,moleculenet,classification,auroc,lgbm_advanced
random_matched_control,observed,torch_mlp_basic,0.046,5.0,1.0,6.0,moleculenet/MoleculeNet-BACE,moleculenet,classification,auroc,lgbm_advanced
clean_reference,0.0,ecfp_linear,0.0,6.0,6.0,6.0,moleculenet/MoleculeNet-BBBP,moleculenet,classification,auroc,ecfp_rf
clean_reference,0.0,ecfp_rf,1.0,1.0,1.0,1.0,moleculenet/MoleculeNet-BBBP,moleculenet,classification,auroc,ecfp_rf
clean_reference,0.0,lgbm_advanced,0.0,2.0,2.0,2.0,moleculenet/MoleculeNet-BBBP,moleculenet,classification,auroc,ecfp_rf
clean_reference,0.0,lgbm_basic,0.0,3.0,3.0,3.0,moleculenet/MoleculeNet-BBBP,moleculenet,classification,auroc,ecfp_rf
clean_reference,0.0,torch_mlp_advanced,0.0,4.0,4.0,4.0,moleculenet/MoleculeNet-BBBP,moleculenet,classification,auroc,ecfp_rf
clean_reference,0.0,torch_mlp_basic,0.0,5.0,5.0,5.0,moleculenet/MoleculeNet-BBBP,moleculenet,classification,auroc,ecfp_rf
leakage_curve,0.0,ecfp_linear,0.006,3.5,1.5,6.0,moleculenet/MoleculeNet-BBBP,moleculenet,classification,auroc,ecfp_rf
leakage_curve,0.0,ecfp_rf,0.053,3.5,1.0,5.0,moleculenet/MoleculeNet-BBBP,moleculenet,classification,auroc,ecfp_rf
leakage_curve,0.0,lgbm_advanced,0.005,3.5,1.9875000000000007,5.5,moleculenet/MoleculeNet-BBBP,moleculenet,classification,auroc,ecfp_rf
leakage_curve,0.0,lgbm_basic,0.002,3.5,1.9875000000000007,6.0,moleculenet/MoleculeNet-BBBP,moleculenet,classification,auroc,ecfp_rf
leakage_curve,0.0,torch_mlp_advanced,0.018,3.5,1.5,6.0,moleculenet/MoleculeNet-BBBP,moleculenet,classification,auroc,ecfp_rf
leakage_curve,0.0,torch_mlp_basic,0.005,3.5,1.5,6.0,moleculenet/MoleculeNet-BBBP,moleculenet,classification,auroc,ecfp_rf
leakage_curve,0.05,ecfp_linear,0.004,3.5,1.5,6.0,moleculenet/MoleculeNet-BBBP,moleculenet,classification,auroc,ecfp_rf
leakage_curve,0.05,ecfp_rf,0.051,3.5,1.0,5.0,moleculenet/MoleculeNet-BBBP,moleculenet,classification,auroc,ecfp_rf
leakage_curve,0.05,lgbm_advanced,0.005,3.5,2.0,6.0,moleculenet/MoleculeNet-BBBP,moleculenet,classification,auroc,ecfp_rf
leakage_curve,0.05,lgbm_basic,0.005,3.5,2.0,6.0,moleculenet/MoleculeNet-BBBP,moleculenet,classification,auroc,ecfp_rf
leakage_curve,0.05,torch_mlp_advanced,0.022,3.5,1.5,6.0,moleculenet/MoleculeNet-BBBP,moleculenet,classification,auroc,ecfp_rf
leakage_curve,0.05,torch_mlp_basic,0.002,3.5,1.5,6.0,moleculenet/MoleculeNet-BBBP,moleculenet,classification,auroc,ecfp_rf
leakage_curve,0.1,ecfp_linear,0.006,3.5,1.5,6.0,moleculenet/MoleculeNet-BBBP,moleculenet,classification,auroc,ecfp_rf
leakage_curve,0.1,ecfp_rf,0.041,3.5,1.0,5.0,moleculenet/MoleculeNet-BBBP,moleculenet,classification,auroc,ecfp_rf
leakage_curve,0.1,lgbm_advanced,0.01,3.5,1.5,5.5,moleculenet/MoleculeNet-BBBP,moleculenet,classification,auroc,ecfp_rf
leakage_curve,0.1,lgbm_basic,0.004,3.5,1.5,6.0,moleculenet/MoleculeNet-BBBP,moleculenet,classification,auroc,ecfp_rf
leakage_curve,0.1,torch_mlp_advanced,0.021,3.5,1.5,6.0,moleculenet/MoleculeNet-BBBP,moleculenet,classification,auroc,ecfp_rf
leakage_curve,0.1,torch_mlp_basic,0.005,3.5,1.9875000000000007,5.5,moleculenet/MoleculeNet-BBBP,moleculenet,classification,auroc,ecfp_rf
leakage_curve,0.25,ecfp_linear,0.002,3.5,1.5,6.0,moleculenet/MoleculeNet-BBBP,moleculenet,classification,auroc,ecfp_rf
leakage_curve,0.25,ecfp_rf,0.028,3.5,1.0,5.0,moleculenet/MoleculeNet-BBBP,moleculenet,classification,auroc,ecfp_rf
leakage_curve,0.25,lgbm_advanced,0.003,3.5,2.0,5.5,moleculenet/MoleculeNet-BBBP,moleculenet,classification,auroc,ecfp_rf
leakage_curve,0.25,lgbm_basic,0.003,3.5,2.0,6.0,moleculenet/MoleculeNet-BBBP,moleculenet,classification,auroc,ecfp_rf
leakage_curve,0.25,torch_mlp_advanced,0.02,3.5,1.5,6.0,moleculenet/MoleculeNet-BBBP,moleculenet,classification,auroc,ecfp_rf
leakage_curve,0.25,torch_mlp_basic,0.006,3.5,2.0,5.5,moleculenet/MoleculeNet-BBBP,moleculenet,classification,auroc,ecfp_rf
leakage_curve,0.5,ecfp_linear,0.005,3.5,1.5,6.0,moleculenet/MoleculeNet-BBBP,moleculenet,classification,auroc,ecfp_rf
leakage_curve,0.5,ecfp_rf,0.023,3.5,1.5,5.0,moleculenet/MoleculeNet-BBBP,moleculenet,classification,auroc,ecfp_rf
leakage_curve,0.5,lgbm_advanced,0.004,3.5,2.0,5.5,moleculenet/MoleculeNet-BBBP,moleculenet,classification,auroc,ecfp_rf
leakage_curve,0.5,lgbm_basic,0.001,3.5,2.0,5.5,moleculenet/MoleculeNet-BBBP,moleculenet,classification,auroc,ecfp_rf
leakage_curve,0.5,torch_mlp_advanced,0.005,3.5,2.0,6.0,moleculenet/MoleculeNet-BBBP,moleculenet,classification,auroc,ecfp_rf
leakage_curve,0.5,torch_mlp_basic,0.0,3.5,2.5,6.0,moleculenet/MoleculeNet-BBBP,moleculenet,classification,auroc,ecfp_rf
leakage_curve,0.75,ecfp_linear,0.0,3.5,3.0,3.5,moleculenet/MoleculeNet-BBBP,moleculenet,classification,auroc,ecfp_rf
leakage_curve,0.75,ecfp_rf,0.0,3.5,3.0,3.5,moleculenet/MoleculeNet-BBBP,moleculenet,classification,auroc,ecfp_rf
leakage_curve,0.75,lgbm_advanced,0.0,3.5,3.0,3.5,moleculenet/MoleculeNet-BBBP,moleculenet,classification,auroc,ecfp_rf
leakage_curve,0.75,lgbm_basic,0.0,3.5,3.0,3.5,moleculenet/MoleculeNet-BBBP,moleculenet,classification,auroc,ecfp_rf
leakage_curve,0.75,torch_mlp_advanced,0.0,3.5,3.5,3.5,moleculenet/MoleculeNet-BBBP,moleculenet,classification,auroc,ecfp_rf
leakage_curve,0.75,torch_mlp_basic,0.0,3.5,3.0,3.5,moleculenet/MoleculeNet-BBBP,moleculenet,classification,auroc,ecfp_rf
leakage_curve,observed,ecfp_linear,0.008,3.5,1.5,6.0,moleculenet/MoleculeNet-BBBP,moleculenet,classification,auroc,ecfp_rf
leakage_curve,observed,ecfp_rf,0.043,3.5,1.0,5.0,moleculenet/MoleculeNet-BBBP,moleculenet,classification,auroc,ecfp_rf
leakage_curve,observed,lgbm_advanced,0.006,3.5,1.9875000000000007,6.0,moleculenet/MoleculeNet-BBBP,moleculenet,classification,auroc,ecfp_rf
leakage_curve,observed,lgbm_basic,0.004,3.5,2.0,6.0,moleculenet/MoleculeNet-BBBP,moleculenet,classification,auroc,ecfp_rf
leakage_curve,observed,torch_mlp_advanced,0.029,3.5,1.0,6.0,moleculenet/MoleculeNet-BBBP,moleculenet,classification,auroc,ecfp_rf
leakage_curve,observed,torch_mlp_basic,0.004,3.5,2.0,6.0,moleculenet/MoleculeNet-BBBP,moleculenet,classification,auroc,ecfp_rf
observed_composition,observed,ecfp_linear,0.0,6.0,6.0,6.0,moleculenet/MoleculeNet-BBBP,moleculenet,classification,auroc,ecfp_rf
observed_composition,observed,ecfp_rf,1.0,1.0,1.0,1.0,moleculenet/MoleculeNet-BBBP,moleculenet,classification,auroc,ecfp_rf
observed_composition,observed,lgbm_advanced,0.0,2.0,2.0,2.0,moleculenet/MoleculeNet-BBBP,moleculenet,classification,auroc,ecfp_rf
observed_composition,observed,lgbm_basic,0.0,3.0,3.0,3.0,moleculenet/MoleculeNet-BBBP,moleculenet,classification,auroc,ecfp_rf
observed_composition,observed,torch_mlp_advanced,0.0,4.0,4.0,4.0,moleculenet/MoleculeNet-BBBP,moleculenet,classification,auroc,ecfp_rf
observed_composition,observed,torch_mlp_basic,0.0,5.0,5.0,5.0,moleculenet/MoleculeNet-BBBP,moleculenet,classification,auroc,ecfp_rf
random_matched_control,0.0,ecfp_linear,0.009,3.5,1.5,6.0,moleculenet/MoleculeNet-BBBP,moleculenet,classification,auroc,ecfp_rf
random_matched_control,0.0,ecfp_rf,0.068,3.5,1.0,5.0,moleculenet/MoleculeNet-BBBP,moleculenet,classification,auroc,ecfp_rf
random_matched_control,0.0,lgbm_advanced,0.006,3.5,2.0,5.5,moleculenet/MoleculeNet-BBBP,moleculenet,classification,auroc,ecfp_rf
random_matched_control,0.0,lgbm_basic,0.001,3.5,2.0,6.0,moleculenet/MoleculeNet-BBBP,moleculenet,classification,auroc,ecfp_rf
random_matched_control,0.0,torch_mlp_advanced,0.026,3.5,1.0,6.0,moleculenet/MoleculeNet-BBBP,moleculenet,classification,auroc,ecfp_rf
random_matched_control,0.0,torch_mlp_basic,0.003,3.5,2.0,6.0,moleculenet/MoleculeNet-BBBP,moleculenet,classification,auroc,ecfp_rf
random_matched_control,0.05,ecfp_linear,0.007,3.5,1.5,6.0,moleculenet/MoleculeNet-BBBP,moleculenet,classification,auroc,ecfp_rf
random_matched_control,0.05,ecfp_rf,0.062,3.5,1.0,5.0,moleculenet/MoleculeNet-BBBP,moleculenet,classification,auroc,ecfp_rf
random_matched_control,0.05,lgbm_advanced,0.011,3.5,1.5,5.5,moleculenet/MoleculeNet-BBBP,moleculenet,classification,auroc,ecfp_rf
random_matched_control,0.05,lgbm_basic,0.004,3.5,1.5,6.0,moleculenet/MoleculeNet-BBBP,moleculenet,classification,auroc,ecfp_rf
random_matched_control,0.05,torch_mlp_advanced,0.019,3.5,1.5,6.0,moleculenet/MoleculeNet-BBBP,moleculenet,classification,auroc,ecfp_rf
random_matched_control,0.05,torch_mlp_basic,0.002,3.5,2.0,6.0,moleculenet/MoleculeNet-BBBP,moleculenet,classification,auroc,ecfp_rf
random_matched_control,0.1,ecfp_linear,0.004,3.5,1.5,6.0,moleculenet/MoleculeNet-BBBP,moleculenet,classification,auroc,ecfp_rf
random_matched_control,0.1,ecfp_rf,0.052,3.5,1.0,5.0,moleculenet/MoleculeNet-BBBP,moleculenet,classification,auroc,ecfp_rf
random_matched_control,0.1,lgbm_advanced,0.005,3.5,2.0,5.5,moleculenet/MoleculeNet-BBBP,moleculenet,classification,auroc,ecfp_rf
random_matched_control,0.1,lgbm_basic,0.004,3.5,2.0,6.0,moleculenet/MoleculeNet-BBBP,moleculenet,classification,auroc,ecfp_rf
random_matched_control,0.1,torch_mlp_advanced,0.018,3.5,1.5,6.0,moleculenet/MoleculeNet-BBBP,moleculenet,classification,auroc,ecfp_rf
random_matched_control,0.1,torch_mlp_basic,0.002,3.5,2.0,5.5,moleculenet/MoleculeNet-BBBP,moleculenet,classification,auroc,ecfp_rf
random_matched_control,0.25,ecfp_linear,0.009,3.5,1.5,6.0,moleculenet/MoleculeNet-BBBP,moleculenet,classification,auroc,ecfp_rf
random_matched_control,0.25,ecfp_rf,0.042,3.5,1.0,5.0,moleculenet/MoleculeNet-BBBP,moleculenet,classification,auroc,ecfp_rf
random_matched_control,0.25,lgbm_advanced,0.003,3.5,1.5,6.0,moleculenet/MoleculeNet-BBBP,moleculenet,classification,auroc,ecfp_rf
random_matched_control,0.25,lgbm_basic,0.008,3.5,1.5,6.0,moleculenet/MoleculeNet-BBBP,moleculenet,classification,auroc,ecfp_rf
random_matched_control,0.25,torch_mlp_advanced,0.015,3.5,1.5,6.0,moleculenet/MoleculeNet-BBBP,moleculenet,classification,auroc,ecfp_rf
random_matched_control,0.25,torch_mlp_basic,0.002,3.5,2.0,5.5,moleculenet/MoleculeNet-BBBP,moleculenet,classification,auroc,ecfp_rf
random_matched_control,0.5,ecfp_linear,0.006,3.5,2.0,6.0,moleculenet/MoleculeNet-BBBP,moleculenet,classification,auroc,ecfp_rf
random_matched_control,0.5,ecfp_rf,0.05,3.5,1.0,5.0,moleculenet/MoleculeNet-BBBP,moleculenet,classification,auroc,ecfp_rf
random_matched_control,0.5,lgbm_advanced,0.003,3.5,1.5,6.0,moleculenet/MoleculeNet-BBBP,moleculenet,classification,auroc,ecfp_rf
random_matched_control,0.5,lgbm_basic,0.001,3.5,2.0,6.0,moleculenet/MoleculeNet-BBBP,moleculenet,classification,auroc,ecfp_rf
random_matched_control,0.5,torch_mlp_advanced,0.018,3.5,1.5,6.0,moleculenet/MoleculeNet-BBBP,moleculenet,classification,auroc,ecfp_rf
random_matched_control,0.5,torch_mlp_basic,0.002,3.5,2.0,6.0,moleculenet/MoleculeNet-BBBP,moleculenet,classification,auroc,ecfp_rf
random_matched_control,0.75,ecfp_linear,0.005,3.5,1.5,6.0,moleculenet/MoleculeNet-BBBP,moleculenet,classification,auroc,ecfp_rf
random_matched_control,0.75,ecfp_rf,0.033,3.5,1.0,5.5,moleculenet/MoleculeNet-BBBP,moleculenet,classification,auroc,ecfp_rf
random_matched_control,0.75,lgbm_advanced,0.007,3.5,1.5,5.5,moleculenet/MoleculeNet-BBBP,moleculenet,classification,auroc,ecfp_rf
random_matched_control,0.75,lgbm_basic,0.002,3.5,2.0,6.0,moleculenet/MoleculeNet-BBBP,moleculenet,classification,auroc,ecfp_rf
random_matched_control,0.75,torch_mlp_advanced,0.022,3.5,1.5,6.0,moleculenet/MoleculeNet-BBBP,moleculenet,classification,auroc,ecfp_rf
random_matched_control,0.75,torch_mlp_basic,0.005,3.5,1.5,6.0,moleculenet/MoleculeNet-BBBP,moleculenet,classification,auroc,ecfp_rf
random_matched_control,observed,ecfp_linear,0.009,3.5,1.5,6.0,moleculenet/MoleculeNet-BBBP,moleculenet,classification,auroc,ecfp_rf
random_matched_control,observed,ecfp_rf,0.041,3.5,1.0,5.0,moleculenet/MoleculeNet-BBBP,moleculenet,classification,auroc,ecfp_rf
random_matched_control,observed,lgbm_advanced,0.006,3.5,2.0,6.0,moleculenet/MoleculeNet-BBBP,moleculenet,classification,auroc,ecfp_rf
random_matched_control,observed,lgbm_basic,0.001,3.5,2.0,6.0,moleculenet/MoleculeNet-BBBP,moleculenet,classification,auroc,ecfp_rf
random_matched_control,observed,torch_mlp_advanced,0.017,3.5,1.5,6.0,moleculenet/MoleculeNet-BBBP,moleculenet,classification,auroc,ecfp_rf
random_matched_control,observed,torch_mlp_basic,0.007,3.5,2.0,6.0,moleculenet/MoleculeNet-BBBP,moleculenet,classification,auroc,ecfp_rf
clean_reference,0.0,ecfp_linear,0.0,6.0,6.0,6.0,moleculenet/MoleculeNet-ESOL,moleculenet,regression,rmse,lgbm_advanced
clean_reference,0.0,ecfp_rf,0.0,2.0,2.0,2.0,moleculenet/MoleculeNet-ESOL,moleculenet,regression,rmse,lgbm_advanced
clean_reference,0.0,lgbm_advanced,1.0,1.0,1.0,1.0,moleculenet/MoleculeNet-ESOL,moleculenet,regression,rmse,lgbm_advanced
clean_reference,0.0,lgbm_basic,0.0,3.0,3.0,3.0,moleculenet/MoleculeNet-ESOL,moleculenet,regression,rmse,lgbm_advanced
clean_reference,0.0,torch_mlp_advanced,0.0,4.0,4.0,4.0,moleculenet/MoleculeNet-ESOL,moleculenet,regression,rmse,lgbm_advanced
clean_reference,0.0,torch_mlp_basic,0.0,5.0,5.0,5.0,moleculenet/MoleculeNet-ESOL,moleculenet,regression,rmse,lgbm_advanced
leakage_curve,0.0,ecfp_linear,0.0,6.0,5.0,6.0,moleculenet/MoleculeNet-ESOL,moleculenet,regression,rmse,lgbm_advanced
leakage_curve,0.0,ecfp_rf,0.312,2.0,1.0,4.0,moleculenet/MoleculeNet-ESOL,moleculenet,regression,rmse,lgbm_advanced
leakage_curve,0.0,lgbm_advanced,0.491,2.0,1.0,3.0,moleculenet/MoleculeNet-ESOL,moleculenet,regression,rmse,lgbm_advanced
leakage_curve,0.0,lgbm_basic,0.13,3.0,1.0,4.0,moleculenet/MoleculeNet-ESOL,moleculenet,regression,rmse,lgbm_advanced
leakage_curve,0.0,torch_mlp_advanced,0.067,4.0,1.0,4.0,moleculenet/MoleculeNet-ESOL,moleculenet,regression,rmse,lgbm_advanced
leakage_curve,0.0,torch_mlp_basic,0.0,5.0,5.0,6.0,moleculenet/MoleculeNet-ESOL,moleculenet,regression,rmse,lgbm_advanced
leakage_curve,0.05,ecfp_linear,0.0,6.0,5.0,6.0,moleculenet/MoleculeNet-ESOL,moleculenet,regression,rmse,lgbm_advanced
leakage_curve,0.05,ecfp_rf,0.254,2.0,1.0,4.0,moleculenet/MoleculeNet-ESOL,moleculenet,regression,rmse,lgbm_advanced
leakage_curve,0.05,lgbm_advanced,0.576,1.0,1.0,3.0,moleculenet/MoleculeNet-ESOL,moleculenet,regression,rmse,lgbm_advanced
leakage_curve,0.05,lgbm_basic,0.056,3.0,1.0,5.0,moleculenet/MoleculeNet-ESOL,moleculenet,regression,rmse,lgbm_advanced
leakage_curve,0.05,torch_mlp_advanced,0.11,4.0,1.0,4.0,moleculenet/MoleculeNet-ESOL,moleculenet,regression,rmse,lgbm_advanced
leakage_curve,0.05,torch_mlp_basic,0.004,5.0,4.0,6.0,moleculenet/MoleculeNet-ESOL,moleculenet,regression,rmse,lgbm_advanced
leakage_curve,0.1,ecfp_linear,0.0,6.0,5.0,6.0,moleculenet/MoleculeNet-ESOL,moleculenet,regression,rmse,lgbm_advanced
leakage_curve,0.1,ecfp_rf,0.301,2.0,1.0,4.0,moleculenet/MoleculeNet-ESOL,moleculenet,regression,rmse,lgbm_advanced
leakage_curve,0.1,lgbm_advanced,0.534,1.0,1.0,3.0,moleculenet/MoleculeNet-ESOL,moleculenet,regression,rmse,lgbm_advanced
leakage_curve,0.1,lgbm_basic,0.084,3.0,1.0,5.0,moleculenet/MoleculeNet-ESOL,moleculenet,regression,rmse,lgbm_advanced
leakage_curve,0.1,torch_mlp_advanced,0.079,4.0,1.0,4.0,moleculenet/MoleculeNet-ESOL,moleculenet,regression,rmse,lgbm_advanced
leakage_curve,0.1,torch_mlp_basic,0.002,5.0,3.0,6.0,moleculenet/MoleculeNet-ESOL,moleculenet,regression,rmse,lgbm_advanced
leakage_curve,0.25,ecfp_linear,0.001,6.0,4.0,6.0,moleculenet/MoleculeNet-ESOL,moleculenet,regression,rmse,lgbm_advanced
leakage_curve,0.25,ecfp_rf,0.222,2.0,1.0,5.0,moleculenet/MoleculeNet-ESOL,moleculenet,regression,rmse,lgbm_advanced
leakage_curve,0.25,lgbm_advanced,0.548,1.0,1.0,3.0,moleculenet/MoleculeNet-ESOL,moleculenet,regression,rmse,lgbm_advanced
leakage_curve,0.25,lgbm_basic,0.096,3.0,1.0,5.0,moleculenet/MoleculeNet-ESOL,moleculenet,regression,rmse,lgbm_advanced
leakage_curve,0.25,torch_mlp_advanced,0.129,4.0,1.0,4.0,moleculenet/MoleculeNet-ESOL,moleculenet,regression,rmse,lgbm_advanced
leakage_curve,0.25,torch_mlp_basic,0.004,5.0,3.0,6.0,moleculenet/MoleculeNet-ESOL,moleculenet,regression,rmse,lgbm_advanced
leakage_curve,0.5,ecfp_linear,0.003,6.0,3.0,6.0,moleculenet/MoleculeNet-ESOL,moleculenet,regression,rmse,lgbm_advanced
leakage_curve,0.5,ecfp_rf,0.148,3.0,1.0,6.0,moleculenet/MoleculeNet-ESOL,moleculenet,regression,rmse,lgbm_advanced
leakage_curve,0.5,lgbm_advanced,0.607,1.0,1.0,3.0,moleculenet/MoleculeNet-ESOL,moleculenet,regression,rmse,lgbm_advanced
leakage_curve,0.5,lgbm_basic,0.062,3.0,1.0,5.0,moleculenet/MoleculeNet-ESOL,moleculenet,regression,rmse,lgbm_advanced
leakage_curve,0.5,torch_mlp_advanced,0.145,3.0,1.0,5.0,moleculenet/MoleculeNet-ESOL,moleculenet,regression,rmse,lgbm_advanced
leakage_curve,0.5,torch_mlp_basic,0.035,5.0,1.0,6.0,moleculenet/MoleculeNet-ESOL,moleculenet,regression,rmse,lgbm_advanced
leakage_curve,0.75,ecfp_linear,0.008,6.0,3.0,6.0,moleculenet/MoleculeNet-ESOL,moleculenet,regression,rmse,lgbm_advanced
leakage_curve,0.75,ecfp_rf,0.0,4.0,2.0,6.0,moleculenet/MoleculeNet-ESOL,moleculenet,regression,rmse,lgbm_advanced
leakage_curve,0.75,lgbm_advanced,0.691,1.0,1.0,3.0,moleculenet/MoleculeNet-ESOL,moleculenet,regression,rmse,lgbm_advanced
leakage_curve,0.75,lgbm_basic,0.0,4.0,2.0,6.0,moleculenet/MoleculeNet-ESOL,moleculenet,regression,rmse,lgbm_advanced
leakage_curve,0.75,torch_mlp_advanced,0.104,3.0,1.0,5.0,moleculenet/MoleculeNet-ESOL,moleculenet,regression,rmse,lgbm_advanced
leakage_curve,0.75,torch_mlp_basic,0.197,4.0,1.0,6.0,moleculenet/MoleculeNet-ESOL,moleculenet,regression,rmse,lgbm_advanced
leakage_curve,observed,ecfp_linear,0.0,6.0,5.0,6.0,moleculenet/MoleculeNet-ESOL,moleculenet,regression,rmse,lgbm_advanced
leakage_curve,observed,ecfp_rf,0.273,2.0,1.0,4.0,moleculenet/MoleculeNet-ESOL,moleculenet,regression,rmse,lgbm_advanced
leakage_curve,observed,lgbm_advanced,0.533,1.0,1.0,3.0,moleculenet/MoleculeNet-ESOL,moleculenet,regression,rmse,lgbm_advanced
leakage_curve,observed,lgbm_basic,0.106,3.0,1.0,5.0,moleculenet/MoleculeNet-ESOL,moleculenet,regression,rmse,lgbm_advanced
leakage_curve,observed,torch_mlp_advanced,0.087,4.0,1.0,4.0,moleculenet/MoleculeNet-ESOL,moleculenet,regression,rmse,lgbm_advanced
leakage_curve,observed,torch_mlp_basic,0.001,5.0,4.0,6.0,moleculenet/MoleculeNet-ESOL,moleculenet,regression,rmse,lgbm_advanced
observed_composition,observed,ecfp_linear,0.0,6.0,6.0,6.0,moleculenet/MoleculeNet-ESOL,moleculenet,regression,rmse,lgbm_advanced
observed_composition,observed,ecfp_rf,0.0,2.0,2.0,2.0,moleculenet/MoleculeNet-ESOL,moleculenet,regression,rmse,lgbm_advanced
observed_composition,observed,lgbm_advanced,1.0,1.0,1.0,1.0,moleculenet/MoleculeNet-ESOL,moleculenet,regression,rmse,lgbm_advanced
observed_composition,observed,lgbm_basic,0.0,3.0,3.0,3.0,moleculenet/MoleculeNet-ESOL,moleculenet,regression,rmse,lgbm_advanced
observed_composition,observed,torch_mlp_advanced,0.0,4.0,4.0,4.0,moleculenet/MoleculeNet-ESOL,moleculenet,regression,rmse,lgbm_advanced
observed_composition,observed,torch_mlp_basic,0.0,5.0,5.0,5.0,moleculenet/MoleculeNet-ESOL,moleculenet,regression,rmse,lgbm_advanced
random_matched_control,0.0,ecfp_linear,0.0,6.0,5.0,6.0,moleculenet/MoleculeNet-ESOL,moleculenet,regression,rmse,lgbm_advanced
random_matched_control,0.0,ecfp_rf,0.271,2.0,1.0,4.0,moleculenet/MoleculeNet-ESOL,moleculenet,regression,rmse,lgbm_advanced
random_matched_control,0.0,lgbm_advanced,0.454,2.0,1.0,4.0,moleculenet/MoleculeNet-ESOL,moleculenet,regression,rmse,lgbm_advanced
random_matched_control,0.0,lgbm_basic,0.154,3.0,1.0,5.0,moleculenet/MoleculeNet-ESOL,moleculenet,regression,rmse,lgbm_advanced
random_matched_control,0.0,torch_mlp_advanced,0.109,4.0,1.0,5.0,moleculenet/MoleculeNet-ESOL,moleculenet,regression,rmse,lgbm_advanced
random_matched_control,0.0,torch_mlp_basic,0.012,5.0,3.0,6.0,moleculenet/MoleculeNet-ESOL,moleculenet,regression,rmse,lgbm_advanced
random_matched_control,0.05,ecfp_linear,0.0,6.0,5.0,6.0,moleculenet/MoleculeNet-ESOL,moleculenet,regression,rmse,lgbm_advanced
random_matched_control,0.05,ecfp_rf,0.279,2.0,1.0,4.0,moleculenet/MoleculeNet-ESOL,moleculenet,regression,rmse,lgbm_advanced
random_matched_control,0.05,lgbm_advanced,0.447,2.0,1.0,4.0,moleculenet/MoleculeNet-ESOL,moleculenet,regression,rmse,lgbm_advanced
random_matched_control,0.05,lgbm_basic,0.154,3.0,1.0,5.0,moleculenet/MoleculeNet-ESOL,moleculenet,regression,rmse,lgbm_advanced
random_matched_control,0.05,torch_mlp_advanced,0.118,4.0,1.0,5.0,moleculenet/MoleculeNet-ESOL,moleculenet,regression,rmse,lgbm_advanced
random_matched_control,0.05,torch_mlp_basic,0.002,5.0,2.0,6.0,moleculenet/MoleculeNet-ESOL,moleculenet,regression,rmse,lgbm_advanced
random_matched_control,0.1,ecfp_linear,0.0,6.0,5.0,6.0,moleculenet/MoleculeNet-ESOL,moleculenet,regression,rmse,lgbm_advanced
random_matched_control,0.1,ecfp_rf,0.269,2.0,1.0,4.0,moleculenet/MoleculeNet-ESOL,moleculenet,regression,rmse,lgbm_advanced
random_matched_control,0.1,lgbm_advanced,0.437,2.0,1.0,4.0,moleculenet/MoleculeNet-ESOL,moleculenet,regression,rmse,lgbm_advanced
random_matched_control,0.1,lgbm_basic,0.176,3.0,1.0,5.0,moleculenet/MoleculeNet-ESOL,moleculenet,regression,rmse,lgbm_advanced
random_matched_control,0.1,torch_mlp_advanced,0.112,4.0,1.0,5.0,moleculenet/MoleculeNet-ESOL,moleculenet,regression,rmse,lgbm_advanced
random_matched_control,0.1,torch_mlp_basic,0.006,5.0,2.9750000000000014,6.0,moleculenet/MoleculeNet-ESOL,moleculenet,regression,rmse,lgbm_advanced
random_matched_control,0.25,ecfp_linear,0.0,6.0,5.0,6.0,moleculenet/MoleculeNet-ESOL,moleculenet,regression,rmse,lgbm_advanced
random_matched_control,0.25,ecfp_rf,0.254,2.0,1.0,4.0,moleculenet/MoleculeNet-ESOL,moleculenet,regression,rmse,lgbm_advanced
random_matched_control,0.25,lgbm_advanced,0.455,2.0,1.0,4.0,moleculenet/MoleculeNet-ESOL,moleculenet,regression,rmse,lgbm_advanced
random_matched_control,0.25,lgbm_basic,0.164,3.0,1.0,5.0,moleculenet/MoleculeNet-ESOL,moleculenet,regression,rmse,lgbm_advanced
random_matched_control,0.25,torch_mlp_advanced,0.119,4.0,1.0,5.0,moleculenet/MoleculeNet-ESOL,moleculenet,regression,rmse,lgbm_advanced
random_matched_control,0.25,torch_mlp_basic,0.008,5.0,3.0,6.0,moleculenet/MoleculeNet-ESOL,moleculenet,regression,rmse,lgbm_advanced
random_matched_control,0.5,ecfp_linear,0.0,6.0,5.0,6.0,moleculenet/MoleculeNet-ESOL,moleculenet,regression,rmse,lgbm_advanced
random_matched_control,0.5,ecfp_rf,0.26,2.0,1.0,4.0,moleculenet/MoleculeNet-ESOL,moleculenet,regression,rmse,lgbm_advanced
random_matched_control,0.5,lgbm_advanced,0.447,2.0,1.0,4.0,moleculenet/MoleculeNet-ESOL,moleculenet,regression,rmse,lgbm_advanced
random_matched_control,0.5,lgbm_basic,0.177,3.0,1.0,5.0,moleculenet/MoleculeNet-ESOL,moleculenet,regression,rmse,lgbm_advanced
random_matched_control,0.5,torch_mlp_advanced,0.112,4.0,1.0,5.0,moleculenet/MoleculeNet-ESOL,moleculenet,regression,rmse,lgbm_advanced
random_matched_control,0.5,torch_mlp_basic,0.004,5.0,3.0,6.0,moleculenet/MoleculeNet-ESOL,moleculenet,regression,rmse,lgbm_advanced
random_matched_control,0.75,ecfp_linear,0.0,6.0,5.0,6.0,moleculenet/MoleculeNet-ESOL,moleculenet,regression,rmse,lgbm_advanced
random_matched_control,0.75,ecfp_rf,0.256,2.0,1.0,4.0,moleculenet/MoleculeNet-ESOL,moleculenet,regression,rmse,lgbm_advanced
random_matched_control,0.75,lgbm_advanced,0.452,2.0,1.0,4.0,moleculenet/MoleculeNet-ESOL,moleculenet,regression,rmse,lgbm_advanced
random_matched_control,0.75,lgbm_basic,0.167,3.0,1.0,5.0,moleculenet/MoleculeNet-ESOL,moleculenet,regression,rmse,lgbm_advanced
random_matched_control,0.75,torch_mlp_advanced,0.122,4.0,1.0,5.0,moleculenet/MoleculeNet-ESOL,moleculenet,regression,rmse,lgbm_advanced
random_matched_control,0.75,torch_mlp_basic,0.003,5.0,3.0,6.0,moleculenet/MoleculeNet-ESOL,moleculenet,regression,rmse,lgbm_advanced
random_matched_control,observed,ecfp_linear,0.001,6.0,4.0,6.0,moleculenet/MoleculeNet-ESOL,moleculenet,regression,rmse,lgbm_advanced
random_matched_control,observed,ecfp_rf,0.285,2.0,1.0,5.0,moleculenet/MoleculeNet-ESOL,moleculenet,regression,rmse,lgbm_advanced
random_matched_control,observed,lgbm_advanced,0.44,2.0,1.0,4.0,moleculenet/MoleculeNet-ESOL,moleculenet,regression,rmse,lgbm_advanced
random_matched_control,observed,lgbm_basic,0.151,3.0,1.0,5.0,moleculenet/MoleculeNet-ESOL,moleculenet,regression,rmse,lgbm_advanced
random_matched_control,observed,torch_mlp_advanced,0.118,4.0,1.0,5.0,moleculenet/MoleculeNet-ESOL,moleculenet,regression,rmse,lgbm_advanced
random_matched_control,observed,torch_mlp_basic,0.005,5.0,2.0,6.0,moleculenet/MoleculeNet-ESOL,moleculenet,regression,rmse,lgbm_advanced
clean_reference,0.0,ecfp_linear,0.0,2.0,2.0,2.0,moleculenet/MoleculeNet-FreeSolv,moleculenet,regression,rmse,lgbm_advanced
clean_reference,0.0,ecfp_rf,0.0,3.0,3.0,3.0,moleculenet/MoleculeNet-FreeSolv,moleculenet,regression,rmse,lgbm_advanced
clean_reference,0.0,lgbm_advanced,1.0,1.0,1.0,1.0,moleculenet/MoleculeNet-FreeSolv,moleculenet,regression,rmse,lgbm_advanced
clean_reference,0.0,lgbm_basic,0.0,6.0,6.0,6.0,moleculenet/MoleculeNet-FreeSolv,moleculenet,regression,rmse,lgbm_advanced
clean_reference,0.0,torch_mlp_advanced,0.0,5.0,5.0,5.0,moleculenet/MoleculeNet-FreeSolv,moleculenet,regression,rmse,lgbm_advanced
clean_reference,0.0,torch_mlp_basic,0.0,4.0,4.0,4.0,moleculenet/MoleculeNet-FreeSolv,moleculenet,regression,rmse,lgbm_advanced
leakage_curve,0.0,ecfp_linear,0.288,2.0,1.0,6.0,moleculenet/MoleculeNet-FreeSolv,moleculenet,regression,rmse,lgbm_advanced
leakage_curve,0.0,ecfp_rf,0.134,3.0,1.0,5.0,moleculenet/MoleculeNet-FreeSolv,moleculenet,regression,rmse,lgbm_advanced
leakage_curve,0.0,lgbm_advanced,0.575,1.0,1.0,3.0,moleculenet/MoleculeNet-FreeSolv,moleculenet,regression,rmse,lgbm_advanced
leakage_curve,0.0,lgbm_basic,0.001,6.0,3.0,6.0,moleculenet/MoleculeNet-FreeSolv,moleculenet,regression,rmse,lgbm_advanced
leakage_curve,0.0,torch_mlp_advanced,0.0,4.0,2.0,6.0,moleculenet/MoleculeNet-FreeSolv,moleculenet,regression,rmse,lgbm_advanced
leakage_curve,0.0,torch_mlp_basic,0.002,3.0,2.0,5.0,moleculenet/MoleculeNet-FreeSolv,moleculenet,regression,rmse,lgbm_advanced
leakage_curve,0.05,ecfp_linear,0.313,2.0,1.0,6.0,moleculenet/MoleculeNet-FreeSolv,moleculenet,regression,rmse,lgbm_advanced
leakage_curve,0.05,ecfp_rf,0.103,3.0,1.0,5.0,moleculenet/MoleculeNet-FreeSolv,moleculenet,regression,rmse,lgbm_advanced
leakage_curve,0.05,lgbm_advanced,0.582,1.0,1.0,3.0,moleculenet/MoleculeNet-FreeSolv,moleculenet,regression,rmse,lgbm_advanced
leakage_curve,0.05,lgbm_basic,0.002,6.0,2.0,6.0,moleculenet/MoleculeNet-FreeSolv,moleculenet,regression,rmse,lgbm_advanced
leakage_curve,0.05,torch_mlp_advanced,0.0,4.0,2.0,6.0,moleculenet/MoleculeNet-FreeSolv,moleculenet,regression,rmse,lgbm_advanced
leakage_curve,0.05,torch_mlp_basic,0.0,3.0,2.0,5.0,moleculenet/MoleculeNet-FreeSolv,moleculenet,regression,rmse,lgbm_advanced
leakage_curve,0.1,ecfp_linear,0.305,2.0,1.0,6.0,moleculenet/MoleculeNet-FreeSolv,moleculenet,regression,rmse,lgbm_advanced
leakage_curve,0.1,ecfp_rf,0.08,4.0,1.0,5.0,moleculenet/MoleculeNet-FreeSolv,moleculenet,regression,rmse,lgbm_advanced
leakage_curve,0.1,lgbm_advanced,0.61,1.0,1.0,3.0,moleculenet/MoleculeNet-FreeSolv,moleculenet,regression,rmse,lgbm_advanced
leakage_curve,0.1,lgbm_basic,0.005,6.0,2.0,6.0,moleculenet/MoleculeNet-FreeSolv,moleculenet,regression,rmse,lgbm_advanced
leakage_curve,0.1,torch_mlp_advanced,0.0,4.0,2.0,6.0,moleculenet/MoleculeNet-FreeSolv,moleculenet,regression,rmse,lgbm_advanced
leakage_curve,0.1,torch_mlp_basic,0.0,3.0,2.0,5.0,moleculenet/MoleculeNet-FreeSolv,moleculenet,regression,rmse,lgbm_advanced
leakage_curve,0.25,ecfp_linear,0.325,3.0,1.0,6.0,moleculenet/MoleculeNet-FreeSolv,moleculenet,regression,rmse,lgbm_advanced
leakage_curve,0.25,ecfp_rf,0.186,3.0,1.0,5.0,moleculenet/MoleculeNet-FreeSolv,moleculenet,regression,rmse,lgbm_advanced
leakage_curve,0.25,lgbm_advanced,0.47,2.0,1.0,4.0,moleculenet/MoleculeNet-FreeSolv,moleculenet,regression,rmse,lgbm_advanced
leakage_curve,0.25,lgbm_basic,0.009,6.0,2.0,6.0,moleculenet/MoleculeNet-FreeSolv,moleculenet,regression,rmse,lgbm_advanced
leakage_curve,0.25,torch_mlp_advanced,0.002,4.0,2.0,6.0,moleculenet/MoleculeNet-FreeSolv,moleculenet,regression,rmse,lgbm_advanced
leakage_curve,0.25,torch_mlp_basic,0.008,4.0,2.0,5.0,moleculenet/MoleculeNet-FreeSolv,moleculenet,regression,rmse,lgbm_advanced
leakage_curve,0.5,ecfp_linear,0.337,3.0,1.0,6.0,moleculenet/MoleculeNet-FreeSolv,moleculenet,regression,rmse,lgbm_advanced
leakage_curve,0.5,ecfp_rf,0.179,3.0,1.0,5.0,moleculenet/MoleculeNet-FreeSolv,moleculenet,regression,rmse,lgbm_advanced
leakage_curve,0.5,lgbm_advanced,0.474,2.0,1.0,4.0,moleculenet/MoleculeNet-FreeSolv,moleculenet,regression,rmse,lgbm_advanced
leakage_curve,0.5,lgbm_basic,0.003,6.0,2.0,6.0,moleculenet/MoleculeNet-FreeSolv,moleculenet,regression,rmse,lgbm_advanced
leakage_curve,0.5,torch_mlp_advanced,0.001,4.0,2.9750000000000014,6.0,moleculenet/MoleculeNet-FreeSolv,moleculenet,regression,rmse,lgbm_advanced
leakage_curve,0.5,torch_mlp_basic,0.006,3.0,2.0,5.0,moleculenet/MoleculeNet-FreeSolv,moleculenet,regression,rmse,lgbm_advanced
leakage_curve,0.75,ecfp_linear,0.383,2.0,1.0,5.0,moleculenet/MoleculeNet-FreeSolv,moleculenet,regression,rmse,lgbm_advanced
leakage_curve,0.75,ecfp_rf,0.254,2.0,1.0,5.0,moleculenet/MoleculeNet-FreeSolv,moleculenet,regression,rmse,lgbm_advanced
leakage_curve,0.75,lgbm_advanced,0.351,2.0,1.0,5.0,moleculenet/MoleculeNet-FreeSolv,moleculenet,regression,rmse,lgbm_advanced
leakage_curve,0.75,lgbm_basic,0.0,6.0,6.0,6.0,moleculenet/MoleculeNet-FreeSolv,moleculenet,regression,rmse,lgbm_advanced
leakage_curve,0.75,torch_mlp_advanced,0.004,4.0,2.0,5.0,moleculenet/MoleculeNet-FreeSolv,moleculenet,regression,rmse,lgbm_advanced
leakage_curve,0.75,torch_mlp_basic,0.008,4.0,2.0,5.0,moleculenet/MoleculeNet-FreeSolv,moleculenet,regression,rmse,lgbm_advanced
leakage_curve,observed,ecfp_linear,0.273,3.0,1.0,6.0,moleculenet/MoleculeNet-FreeSolv,moleculenet,regression,rmse,lgbm_advanced
leakage_curve,observed,ecfp_rf,0.136,4.0,1.0,5.0,moleculenet/MoleculeNet-FreeSolv,moleculenet,regression,rmse,lgbm_advanced
leakage_curve,observed,lgbm_advanced,0.589,1.0,1.0,3.0,moleculenet/MoleculeNet-FreeSolv,moleculenet,regression,rmse,lgbm_advanced
leakage_curve,observed,lgbm_basic,0.002,6.0,2.0,6.0,moleculenet/MoleculeNet-FreeSolv,moleculenet,regression,rmse,lgbm_advanced
leakage_curve,observed,torch_mlp_advanced,0.0,4.0,3.0,6.0,moleculenet/MoleculeNet-FreeSolv,moleculenet,regression,rmse,lgbm_advanced
leakage_curve,observed,torch_mlp_basic,0.0,3.0,2.0,5.0,moleculenet/MoleculeNet-FreeSolv,moleculenet,regression,rmse,lgbm_advanced
observed_composition,observed,ecfp_linear,0.0,5.0,5.0,5.0,moleculenet/MoleculeNet-FreeSolv,moleculenet,regression,rmse,lgbm_advanced
observed_composition,observed,ecfp_rf,0.0,3.0,3.0,3.0,moleculenet/MoleculeNet-FreeSolv,moleculenet,regression,rmse,lgbm_advanced
observed_composition,observed,lgbm_advanced,1.0,1.0,1.0,1.0,moleculenet/MoleculeNet-FreeSolv,moleculenet,regression,rmse,lgbm_advanced
observed_composition,observed,lgbm_basic,0.0,6.0,6.0,6.0,moleculenet/MoleculeNet-FreeSolv,moleculenet,regression,rmse,lgbm_advanced
observed_composition,observed,torch_mlp_advanced,0.0,2.0,2.0,2.0,moleculenet/MoleculeNet-FreeSolv,moleculenet,regression,rmse,lgbm_advanced
observed_composition,observed,torch_mlp_basic,0.0,4.0,4.0,4.0,moleculenet/MoleculeNet-FreeSolv,moleculenet,regression,rmse,lgbm_advanced
random_matched_control,0.0,ecfp_linear,0.123,5.0,1.0,6.0,moleculenet/MoleculeNet-FreeSolv,moleculenet,regression,rmse,lgbm_advanced
random_matched_control,0.0,ecfp_rf,0.119,4.0,1.0,6.0,moleculenet/MoleculeNet-FreeSolv,moleculenet,regression,rmse,lgbm_advanced
random_matched_control,0.0,lgbm_advanced,0.641,1.0,1.0,4.0,moleculenet/MoleculeNet-FreeSolv,moleculenet,regression,rmse,lgbm_advanced
random_matched_control,0.0,lgbm_basic,0.025,5.0,1.9750000000000012,6.0,moleculenet/MoleculeNet-FreeSolv,moleculenet,regression,rmse,lgbm_advanced
random_matched_control,0.0,torch_mlp_advanced,0.071,3.0,1.0,6.0,moleculenet/MoleculeNet-FreeSolv,moleculenet,regression,rmse,lgbm_advanced
random_matched_control,0.0,torch_mlp_basic,0.021,4.0,2.0,6.0,moleculenet/MoleculeNet-FreeSolv,moleculenet,regression,rmse,lgbm_advanced
random_matched_control,0.05,ecfp_linear,0.123,4.0,1.0,6.0,moleculenet/MoleculeNet-FreeSolv,moleculenet,regression,rmse,lgbm_advanced
random_matched_control,0.05,ecfp_rf,0.12,4.0,1.0,6.0,moleculenet/MoleculeNet-FreeSolv,moleculenet,regression,rmse,lgbm_advanced
random_matched_control,0.05,lgbm_advanced,0.616,1.0,1.0,4.0,moleculenet/MoleculeNet-FreeSolv,moleculenet,regression,rmse,lgbm_advanced
random_matched_control,0.05,lgbm_basic,0.031,5.0,1.0,6.0,moleculenet/MoleculeNet-FreeSolv,moleculenet,regression,rmse,lgbm_advanced
random_matched_control,0.05,torch_mlp_advanced,0.088,3.0,1.0,6.0,moleculenet/MoleculeNet-FreeSolv,moleculenet,regression,rmse,lgbm_advanced
random_matched_control,0.05,torch_mlp_basic,0.022,4.0,2.0,6.0,moleculenet/MoleculeNet-FreeSolv,moleculenet,regression,rmse,lgbm_advanced
random_matched_control,0.1,ecfp_linear,0.13,4.0,1.0,6.0,moleculenet/MoleculeNet-FreeSolv,moleculenet,regression,rmse,lgbm_advanced
random_matched_control,0.1,ecfp_rf,0.117,4.0,1.0,6.0,moleculenet/MoleculeNet-FreeSolv,moleculenet,regression,rmse,lgbm_advanced
random_matched_control,0.1,lgbm_advanced,0.617,1.0,1.0,4.0,moleculenet/MoleculeNet-FreeSolv,moleculenet,regression,rmse,lgbm_advanced
random_matched_control,0.1,lgbm_basic,0.032,5.5,1.0,6.0,moleculenet/MoleculeNet-FreeSolv,moleculenet,regression,rmse,lgbm_advanced
random_matched_control,0.1,torch_mlp_advanced,0.074,3.0,1.0,6.0,moleculenet/MoleculeNet-FreeSolv,moleculenet,regression,rmse,lgbm_advanced
random_matched_control,0.1,torch_mlp_basic,0.03,4.0,1.0,6.0,moleculenet/MoleculeNet-FreeSolv,moleculenet,regression,rmse,lgbm_advanced
random_matched_control,0.25,ecfp_linear,0.131,4.0,1.0,6.0,moleculenet/MoleculeNet-FreeSolv,moleculenet,regression,rmse,lgbm_advanced
random_matched_control,0.25,ecfp_rf,0.115,4.0,1.0,6.0,moleculenet/MoleculeNet-FreeSolv,moleculenet,regression,rmse,lgbm_advanced
random_matched_control,0.25,lgbm_advanced,0.625,1.0,1.0,4.0,moleculenet/MoleculeNet-FreeSolv,moleculenet,regression,rmse,lgbm_advanced
random_matched_control,0.25,lgbm_basic,0.024,5.0,2.0,6.0,moleculenet/MoleculeNet-FreeSolv,moleculenet,regression,rmse,lgbm_advanced
random_matched_control,0.25,torch_mlp_advanced,0.085,3.0,1.0,6.0,moleculenet/MoleculeNet-FreeSolv,moleculenet,regression,rmse,lgbm_advanced
random_matched_control,0.25,torch_mlp_basic,0.02,4.0,2.0,6.0,moleculenet/MoleculeNet-FreeSolv,moleculenet,regression,rmse,lgbm_advanced
random_matched_control,0.5,ecfp_linear,0.148,4.0,1.0,6.0,moleculenet/MoleculeNet-FreeSolv,moleculenet,regression,rmse,lgbm_advanced
random_matched_control,0.5,ecfp_rf,0.09,4.0,1.0,6.0,moleculenet/MoleculeNet-FreeSolv,moleculenet,regression,rmse,lgbm_advanced
random_matched_control,0.5,lgbm_advanced,0.628,1.0,1.0,4.0,moleculenet/MoleculeNet-FreeSolv,moleculenet,regression,rmse,lgbm_advanced
random_matched_control,0.5,lgbm_basic,0.021,6.0,2.0,6.0,moleculenet/MoleculeNet-FreeSolv,moleculenet,regression,rmse,lgbm_advanced
random_matched_control,0.5,torch_mlp_advanced,0.081,3.0,1.0,6.0,moleculenet/MoleculeNet-FreeSolv,moleculenet,regression,rmse,lgbm_advanced
random_matched_control,0.5,torch_mlp_basic,0.032,4.0,1.0,6.0,moleculenet/MoleculeNet-FreeSolv,moleculenet,regression,rmse,lgbm_advanced
random_matched_control,0.75,ecfp_linear,0.139,5.0,1.0,6.0,moleculenet/MoleculeNet-FreeSolv,moleculenet,regression,rmse,lgbm_advanced
random_matched_control,0.75,ecfp_rf,0.098,4.0,1.0,6.0,moleculenet/MoleculeNet-FreeSolv,moleculenet,regression,rmse,lgbm_advanced
random_matched_control,0.75,lgbm_advanced,0.617,1.0,1.0,4.0,moleculenet/MoleculeNet-FreeSolv,moleculenet,regression,rmse,lgbm_advanced
random_matched_control,0.75,lgbm_basic,0.023,6.0,2.0,6.0,moleculenet/MoleculeNet-FreeSolv,moleculenet,regression,rmse,lgbm_advanced
random_matched_control,0.75,torch_mlp_advanced,0.096,3.0,1.0,6.0,moleculenet/MoleculeNet-FreeSolv,moleculenet,regression,rmse,lgbm_advanced
random_matched_control,0.75,torch_mlp_basic,0.027,4.0,1.0,6.0,moleculenet/MoleculeNet-FreeSolv,moleculenet,regression,rmse,lgbm_advanced
random_matched_control,observed,ecfp_linear,0.134,4.0,1.0,6.0,moleculenet/MoleculeNet-FreeSolv,moleculenet,regression,rmse,lgbm_advanced
random_matched_control,observed,ecfp_rf,0.105,4.0,1.0,6.0,moleculenet/MoleculeNet-FreeSolv,moleculenet,regression,rmse,lgbm_advanced
random_matched_control,observed,lgbm_advanced,0.601,1.0,1.0,4.0,moleculenet/MoleculeNet-FreeSolv,moleculenet,regression,rmse,lgbm_advanced
random_matched_control,observed,lgbm_basic,0.037,5.0,1.0,6.0,moleculenet/MoleculeNet-FreeSolv,moleculenet,regression,rmse,lgbm_advanced
random_matched_control,observed,torch_mlp_advanced,0.094,3.0,1.0,6.0,moleculenet/MoleculeNet-FreeSolv,moleculenet,regression,rmse,lgbm_advanced
random_matched_control,observed,torch_mlp_basic,0.029,4.0,1.0,6.0,moleculenet/MoleculeNet-FreeSolv,moleculenet,regression,rmse,lgbm_advanced
clean_reference,0.0,ecfp_linear,0.0,4.0,4.0,4.0,moleculenet/MoleculeNet-HIV,moleculenet,classification,auroc,lgbm_advanced
clean_reference,0.0,ecfp_rf,0.0,3.0,3.0,3.0,moleculenet/MoleculeNet-HIV,moleculenet,classification,auroc,lgbm_advanced
clean_reference,0.0,lgbm_advanced,1.0,1.0,1.0,1.0,moleculenet/MoleculeNet-HIV,moleculenet,classification,auroc,lgbm_advanced
clean_reference,0.0,lgbm_basic,0.0,2.0,2.0,2.0,moleculenet/MoleculeNet-HIV,moleculenet,classification,auroc,lgbm_advanced
clean_reference,0.0,torch_mlp_advanced,0.0,6.0,6.0,6.0,moleculenet/MoleculeNet-HIV,moleculenet,classification,auroc,lgbm_advanced
clean_reference,0.0,torch_mlp_basic,0.0,5.0,5.0,5.0,moleculenet/MoleculeNet-HIV,moleculenet,classification,auroc,lgbm_advanced
conflict_curve,0.0,ecfp_linear,0.0,3.5,3.5,3.5,moleculenet/MoleculeNet-HIV,moleculenet,classification,auroc,lgbm_advanced
conflict_curve,0.0,ecfp_rf,0.0,3.5,3.5,3.5,moleculenet/MoleculeNet-HIV,moleculenet,classification,auroc,lgbm_advanced
conflict_curve,0.0,lgbm_advanced,0.0,3.5,3.5,3.5,moleculenet/MoleculeNet-HIV,moleculenet,classification,auroc,lgbm_advanced
conflict_curve,0.0,lgbm_basic,0.0,3.5,3.5,3.5,moleculenet/MoleculeNet-HIV,moleculenet,classification,auroc,lgbm_advanced
conflict_curve,0.0,torch_mlp_advanced,0.0,3.5,3.5,3.5,moleculenet/MoleculeNet-HIV,moleculenet,classification,auroc,lgbm_advanced
conflict_curve,0.0,torch_mlp_basic,0.0,3.5,3.5,3.5,moleculenet/MoleculeNet-HIV,moleculenet,classification,auroc,lgbm_advanced
conflict_curve,0.05,ecfp_linear,0.0,3.5,3.5,3.5,moleculenet/MoleculeNet-HIV,moleculenet,classification,auroc,lgbm_advanced
conflict_curve,0.05,ecfp_rf,0.0,3.5,3.5,3.5,moleculenet/MoleculeNet-HIV,moleculenet,classification,auroc,lgbm_advanced
conflict_curve,0.05,lgbm_advanced,0.0,3.5,3.5,3.5,moleculenet/MoleculeNet-HIV,moleculenet,classification,auroc,lgbm_advanced
conflict_curve,0.05,lgbm_basic,0.0,3.5,3.5,3.5,moleculenet/MoleculeNet-HIV,moleculenet,classification,auroc,lgbm_advanced
conflict_curve,0.05,torch_mlp_advanced,0.0,3.5,3.5,3.5,moleculenet/MoleculeNet-HIV,moleculenet,classification,auroc,lgbm_advanced
conflict_curve,0.05,torch_mlp_basic,0.0,3.5,3.5,3.5,moleculenet/MoleculeNet-HIV,moleculenet,classification,auroc,lgbm_advanced
conflict_curve,0.1,ecfp_linear,0.0,3.5,3.5,3.5,moleculenet/MoleculeNet-HIV,moleculenet,classification,auroc,lgbm_advanced
conflict_curve,0.1,ecfp_rf,0.0,3.5,3.5,3.5,moleculenet/MoleculeNet-HIV,moleculenet,classification,auroc,lgbm_advanced
conflict_curve,0.1,lgbm_advanced,0.0,3.5,3.5,3.5,moleculenet/MoleculeNet-HIV,moleculenet,classification,auroc,lgbm_advanced
conflict_curve,0.1,lgbm_basic,0.0,3.5,3.5,3.5,moleculenet/MoleculeNet-HIV,moleculenet,classification,auroc,lgbm_advanced
conflict_curve,0.1,torch_mlp_advanced,0.0,3.5,3.5,3.5,moleculenet/MoleculeNet-HIV,moleculenet,classification,auroc,lgbm_advanced
conflict_curve,0.1,torch_mlp_basic,0.0,3.5,3.5,3.5,moleculenet/MoleculeNet-HIV,moleculenet,classification,auroc,lgbm_advanced
conflict_curve,0.25,ecfp_linear,0.005,4.0,1.5,6.0,moleculenet/MoleculeNet-HIV,moleculenet,classification,auroc,lgbm_advanced
conflict_curve,0.25,ecfp_rf,0.065,6.0,1.0,6.0,moleculenet/MoleculeNet-HIV,moleculenet,classification,auroc,lgbm_advanced
conflict_curve,0.25,lgbm_advanced,0.115,2.5,1.0,5.0,moleculenet/MoleculeNet-HIV,moleculenet,classification,auroc,lgbm_advanced
conflict_curve,0.25,lgbm_basic,0.341,2.0,1.0,5.5,moleculenet/MoleculeNet-HIV,moleculenet,classification,auroc,lgbm_advanced
conflict_curve,0.25,torch_mlp_advanced,0.088,4.0,1.0,6.0,moleculenet/MoleculeNet-HIV,moleculenet,classification,auroc,lgbm_advanced
conflict_curve,0.25,torch_mlp_basic,0.049,4.0,1.0,5.0,moleculenet/MoleculeNet-HIV,moleculenet,classification,auroc,lgbm_advanced
conflict_curve,0.5,ecfp_linear,0.053,2.0,1.0,6.0,moleculenet/MoleculeNet-HIV,moleculenet,classification,auroc,lgbm_advanced
conflict_curve,0.5,ecfp_rf,0.0,6.0,4.0,6.0,moleculenet/MoleculeNet-HIV,moleculenet,classification,auroc,lgbm_advanced
conflict_curve,0.5,lgbm_advanced,0.118,3.0,1.0,5.0,moleculenet/MoleculeNet-HIV,moleculenet,classification,auroc,lgbm_advanced
conflict_curve,0.5,lgbm_basic,0.546,1.0,1.0,5.0,moleculenet/MoleculeNet-HIV,moleculenet,classification,auroc,lgbm_advanced
conflict_curve,0.5,torch_mlp_advanced,0.016,4.0,1.5,6.0,moleculenet/MoleculeNet-HIV,moleculenet,classification,auroc,lgbm_advanced
conflict_curve,0.5,torch_mlp_basic,0.048,4.5,1.0,6.0,moleculenet/MoleculeNet-HIV,moleculenet,classification,auroc,lgbm_advanced
conflict_curve,0.75,ecfp_linear,0.137,2.0,1.0,3.0,moleculenet/MoleculeNet-HIV,moleculenet,classification,auroc,lgbm_advanced
conflict_curve,0.75,ecfp_rf,0.0,6.0,4.0,6.0,moleculenet/MoleculeNet-HIV,moleculenet,classification,auroc,lgbm_advanced
conflict_curve,0.75,lgbm_advanced,0.0,3.0,2.0,4.5,moleculenet/MoleculeNet-HIV,moleculenet,classification,auroc,lgbm_advanced
conflict_curve,0.75,lgbm_basic,0.636,1.0,1.0,2.0,moleculenet/MoleculeNet-HIV,moleculenet,classification,auroc,lgbm_advanced
conflict_curve,0.75,torch_mlp_advanced,0.0,4.5,3.5,6.0,moleculenet/MoleculeNet-HIV,moleculenet,classification,auroc,lgbm_advanced
conflict_curve,0.75,torch_mlp_basic,0.0,4.5,3.0,6.0,moleculenet/MoleculeNet-HIV,moleculenet,classification,auroc,lgbm_advanced
conflict_curve,observed,ecfp_linear,0.0,3.5,3.5,3.5,moleculenet/MoleculeNet-HIV,moleculenet,classification,auroc,lgbm_advanced
conflict_curve,observed,ecfp_rf,0.0,3.5,3.5,3.5,moleculenet/MoleculeNet-HIV,moleculenet,classification,auroc,lgbm_advanced
conflict_curve,observed,lgbm_advanced,0.0,3.5,3.5,3.5,moleculenet/MoleculeNet-HIV,moleculenet,classification,auroc,lgbm_advanced
conflict_curve,observed,lgbm_basic,0.0,3.5,3.5,3.5,moleculenet/MoleculeNet-HIV,moleculenet,classification,auroc,lgbm_advanced
conflict_curve,observed,torch_mlp_advanced,0.0,3.5,3.5,3.5,moleculenet/MoleculeNet-HIV,moleculenet,classification,auroc,lgbm_advanced
conflict_curve,observed,torch_mlp_basic,0.0,3.5,3.5,3.5,moleculenet/MoleculeNet-HIV,moleculenet,classification,auroc,lgbm_advanced
leakage_curve,0.0,ecfp_linear,0.065,4.0,1.0,6.0,moleculenet/MoleculeNet-HIV,moleculenet,classification,auroc,lgbm_advanced
leakage_curve,0.0,ecfp_rf,0.379,2.0,1.0,6.0,moleculenet/MoleculeNet-HIV,moleculenet,classification,auroc,lgbm_advanced
leakage_curve,0.0,lgbm_advanced,0.228,2.0,1.0,6.0,moleculenet/MoleculeNet-HIV,moleculenet,classification,auroc,lgbm_advanced
leakage_curve,0.0,lgbm_basic,0.223,2.0,1.0,6.0,moleculenet/MoleculeNet-HIV,moleculenet,classification,auroc,lgbm_advanced
leakage_curve,0.0,torch_mlp_advanced,0.055,5.0,1.0,6.0,moleculenet/MoleculeNet-HIV,moleculenet,classification,auroc,lgbm_advanced
leakage_curve,0.0,torch_mlp_basic,0.046,5.0,1.0,6.0,moleculenet/MoleculeNet-HIV,moleculenet,classification,auroc,lgbm_advanced
leakage_curve,0.05,ecfp_linear,0.07,4.0,1.0,6.0,moleculenet/MoleculeNet-HIV,moleculenet,classification,auroc,lgbm_advanced
leakage_curve,0.05,ecfp_rf,0.414,2.0,1.0,6.0,moleculenet/MoleculeNet-HIV,moleculenet,classification,auroc,lgbm_advanced
leakage_curve,0.05,lgbm_advanced,0.216,2.0,1.0,5.0,moleculenet/MoleculeNet-HIV,moleculenet,classification,auroc,lgbm_advanced
leakage_curve,0.05,lgbm_basic,0.194,3.0,1.0,6.0,moleculenet/MoleculeNet-HIV,moleculenet,classification,auroc,lgbm_advanced
leakage_curve,0.05,torch_mlp_advanced,0.046,5.0,1.0,6.0,moleculenet/MoleculeNet-HIV,moleculenet,classification,auroc,lgbm_advanced
leakage_curve,0.05,torch_mlp_basic,0.059,5.0,1.0,6.0,moleculenet/MoleculeNet-HIV,moleculenet,classification,auroc,lgbm_advanced
leakage_curve,0.1,ecfp_linear,0.074,4.0,1.0,6.0,moleculenet/MoleculeNet-HIV,moleculenet,classification,auroc,lgbm_advanced
leakage_curve,0.1,ecfp_rf,0.435,2.0,1.0,6.0,moleculenet/MoleculeNet-HIV,moleculenet,classification,auroc,lgbm_advanced
leakage_curve,0.1,lgbm_advanced,0.239,2.0,1.0,5.0,moleculenet/MoleculeNet-HIV,moleculenet,classification,auroc,lgbm_advanced
leakage_curve,0.1,lgbm_basic,0.176,3.0,1.0,6.0,moleculenet/MoleculeNet-HIV,moleculenet,classification,auroc,lgbm_advanced
leakage_curve,0.1,torch_mlp_advanced,0.034,5.0,1.0,6.0,moleculenet/MoleculeNet-HIV,moleculenet,classification,auroc,lgbm_advanced
leakage_curve,0.1,torch_mlp_basic,0.04,5.0,1.0,6.0,moleculenet/MoleculeNet-HIV,moleculenet,classification,auroc,lgbm_advanced
leakage_curve,0.25,ecfp_linear,0.103,4.0,1.0,6.0,moleculenet/MoleculeNet-HIV,moleculenet,classification,auroc,lgbm_advanced
leakage_curve,0.25,ecfp_rf,0.495,2.0,1.0,6.0,moleculenet/MoleculeNet-HIV,moleculenet,classification,auroc,lgbm_advanced
leakage_curve,0.25,lgbm_advanced,0.235,2.0,1.0,5.0,moleculenet/MoleculeNet-HIV,moleculenet,classification,auroc,lgbm_advanced
leakage_curve,0.25,lgbm_basic,0.095,3.0,1.0,6.0,moleculenet/MoleculeNet-HIV,moleculenet,classification,auroc,lgbm_advanced
leakage_curve,0.25,torch_mlp_advanced,0.028,5.0,1.0,6.0,moleculenet/MoleculeNet-HIV,moleculenet,classification,auroc,lgbm_advanced
leakage_curve,0.25,torch_mlp_basic,0.042,5.0,1.0,6.0,moleculenet/MoleculeNet-HIV,moleculenet,classification,auroc,lgbm_advanced
leakage_curve,0.5,ecfp_linear,0.082,4.0,1.0,6.0,moleculenet/MoleculeNet-HIV,moleculenet,classification,auroc,lgbm_advanced
leakage_curve,0.5,ecfp_rf,0.722,1.0,1.0,4.0,moleculenet/MoleculeNet-HIV,moleculenet,classification,auroc,lgbm_advanced
leakage_curve,0.5,lgbm_advanced,0.153,2.0,1.0,4.0,moleculenet/MoleculeNet-HIV,moleculenet,classification,auroc,lgbm_advanced
leakage_curve,0.5,lgbm_basic,0.017,4.0,2.0,6.0,moleculenet/MoleculeNet-HIV,moleculenet,classification,auroc,lgbm_advanced
leakage_curve,0.5,torch_mlp_advanced,0.01,6.0,2.0,6.0,moleculenet/MoleculeNet-HIV,moleculenet,classification,auroc,lgbm_advanced
leakage_curve,0.5,torch_mlp_basic,0.012,5.0,2.0,6.0,moleculenet/MoleculeNet-HIV,moleculenet,classification,auroc,lgbm_advanced
leakage_curve,0.75,ecfp_linear,0.009,3.0,2.0,5.0,moleculenet/MoleculeNet-HIV,moleculenet,classification,auroc,lgbm_advanced
leakage_curve,0.75,ecfp_rf,0.973,1.0,1.0,2.0,moleculenet/MoleculeNet-HIV,moleculenet,classification,auroc,lgbm_advanced
leakage_curve,0.75,lgbm_advanced,0.018,2.0,2.0,3.0,moleculenet/MoleculeNet-HIV,moleculenet,classification,auroc,lgbm_advanced
leakage_curve,0.75,lgbm_basic,0.0,4.0,3.0,6.0,moleculenet/MoleculeNet-HIV,moleculenet,classification,auroc,lgbm_advanced
leakage_curve,0.75,torch_mlp_advanced,0.0,6.0,4.0,6.0,moleculenet/MoleculeNet-HIV,moleculenet,classification,auroc,lgbm_advanced
leakage_curve,0.75,torch_mlp_basic,0.0,5.0,4.0,6.0,moleculenet/MoleculeNet-HIV,moleculenet,classification,auroc,lgbm_advanced
leakage_curve,observed,ecfp_linear,0.095,4.0,1.0,6.0,moleculenet/MoleculeNet-HIV,moleculenet,classification,auroc,lgbm_advanced
leakage_curve,observed,ecfp_rf,0.396,2.0,1.0,6.0,moleculenet/MoleculeNet-HIV,moleculenet,classification,auroc,lgbm_advanced
leakage_curve,observed,lgbm_advanced,0.246,2.0,1.0,5.0,moleculenet/MoleculeNet-HIV,moleculenet,classification,auroc,lgbm_advanced
leakage_curve,observed,lgbm_basic,0.182,3.0,1.0,6.0,moleculenet/MoleculeNet-HIV,moleculenet,classification,auroc,lgbm_advanced
leakage_curve,observed,torch_mlp_advanced,0.036,5.0,1.0,6.0,moleculenet/MoleculeNet-HIV,moleculenet,classification,auroc,lgbm_advanced
leakage_curve,observed,torch_mlp_basic,0.042,5.0,1.0,6.0,moleculenet/MoleculeNet-HIV,moleculenet,classification,auroc,lgbm_advanced
observed_composition,observed,ecfp_linear,0.0,4.0,4.0,4.0,moleculenet/MoleculeNet-HIV,moleculenet,classification,auroc,lgbm_advanced
observed_composition,observed,ecfp_rf,0.0,3.0,3.0,3.0,moleculenet/MoleculeNet-HIV,moleculenet,classification,auroc,lgbm_advanced
observed_composition,observed,lgbm_advanced,1.0,1.0,1.0,1.0,moleculenet/MoleculeNet-HIV,moleculenet,classification,auroc,lgbm_advanced
observed_composition,observed,lgbm_basic,0.0,2.0,2.0,2.0,moleculenet/MoleculeNet-HIV,moleculenet,classification,auroc,lgbm_advanced
observed_composition,observed,torch_mlp_advanced,0.0,6.0,6.0,6.0,moleculenet/MoleculeNet-HIV,moleculenet,classification,auroc,lgbm_advanced
observed_composition,observed,torch_mlp_basic,0.0,5.0,5.0,5.0,moleculenet/MoleculeNet-HIV,moleculenet,classification,auroc,lgbm_advanced
random_matched_control,0.0,ecfp_linear,0.0255,3.5,1.0,6.0,moleculenet/MoleculeNet-HIV,moleculenet,classification,auroc,lgbm_advanced
random_matched_control,0.0,ecfp_rf,0.1905,3.5,1.0,6.0,moleculenet/MoleculeNet-HIV,moleculenet,classification,auroc,lgbm_advanced
random_matched_control,0.0,lgbm_advanced,0.132,3.5,1.0,4.0,moleculenet/MoleculeNet-HIV,moleculenet,classification,auroc,lgbm_advanced
random_matched_control,0.0,lgbm_basic,0.102,3.5,1.0,5.0,moleculenet/MoleculeNet-HIV,moleculenet,classification,auroc,lgbm_advanced
random_matched_control,0.0,torch_mlp_advanced,0.0245,3.5,1.9875000000000007,6.0,moleculenet/MoleculeNet-HIV,moleculenet,classification,auroc,lgbm_advanced
random_matched_control,0.0,torch_mlp_basic,0.025,3.5,1.9750000000000012,6.0,moleculenet/MoleculeNet-HIV,moleculenet,classification,auroc,lgbm_advanced
random_matched_control,0.05,ecfp_linear,0.0305,3.5,1.0,6.0,moleculenet/MoleculeNet-HIV,moleculenet,classification,auroc,lgbm_advanced
random_matched_control,0.05,ecfp_rf,0.187,3.5,1.0,6.0,moleculenet/MoleculeNet-HIV,moleculenet,classification,auroc,lgbm_advanced
random_matched_control,0.05,lgbm_advanced,0.126,3.5,1.0,4.0,moleculenet/MoleculeNet-HIV,moleculenet,classification,auroc,lgbm_advanced
random_matched_control,0.05,lgbm_basic,0.1105,3.5,1.0,5.0,moleculenet/MoleculeNet-HIV,moleculenet,classification,auroc,lgbm_advanced
random_matched_control,0.05,torch_mlp_advanced,0.023,3.5,2.0,6.0,moleculenet/MoleculeNet-HIV,moleculenet,classification,auroc,lgbm_advanced
random_matched_control,0.05,torch_mlp_basic,0.021,3.5,2.0,6.0,moleculenet/MoleculeNet-HIV,moleculenet,classification,auroc,lgbm_advanced
random_matched_control,0.1,ecfp_linear,0.0285,3.5,1.0,6.0,moleculenet/MoleculeNet-HIV,moleculenet,classification,auroc,lgbm_advanced
random_matched_control,0.1,ecfp_rf,0.181,3.5,1.0,6.0,moleculenet/MoleculeNet-HIV,moleculenet,classification,auroc,lgbm_advanced
random_matched_control,0.1,lgbm_advanced,0.1345,3.5,1.0,4.0,moleculenet/MoleculeNet-HIV,moleculenet,classification,auroc,lgbm_advanced
random_matched_control,0.1,lgbm_basic,0.11,3.5,1.0,5.0,moleculenet/MoleculeNet-HIV,moleculenet,classification,auroc,lgbm_advanced
random_matched_control,0.1,torch_mlp_advanced,0.024,3.5,2.0,6.0,moleculenet/MoleculeNet-HIV,moleculenet,classification,auroc,lgbm_advanced
random_matched_control,0.1,torch_mlp_basic,0.0215,3.5,2.0,6.0,moleculenet/MoleculeNet-HIV,moleculenet,classification,auroc,lgbm_advanced
random_matched_control,0.25,ecfp_linear,0.0265,3.5,1.0,6.0,moleculenet/MoleculeNet-HIV,moleculenet,classification,auroc,lgbm_advanced
random_matched_control,0.25,ecfp_rf,0.1995,3.5,1.0,6.0,moleculenet/MoleculeNet-HIV,moleculenet,classification,auroc,lgbm_advanced
random_matched_control,0.25,lgbm_advanced,0.119,3.5,1.0,4.0,moleculenet/MoleculeNet-HIV,moleculenet,classification,auroc,lgbm_advanced
random_matched_control,0.25,lgbm_basic,0.1145,3.5,1.0,5.0,moleculenet/MoleculeNet-HIV,moleculenet,classification,auroc,lgbm_advanced
random_matched_control,0.25,torch_mlp_advanced,0.023,3.5,2.0,6.0,moleculenet/MoleculeNet-HIV,moleculenet,classification,auroc,lgbm_advanced
random_matched_control,0.25,torch_mlp_basic,0.015,3.5,2.0,6.0,moleculenet/MoleculeNet-HIV,moleculenet,classification,auroc,lgbm_advanced
random_matched_control,0.5,ecfp_linear,0.026,3.5,1.0,6.0,moleculenet/MoleculeNet-HIV,moleculenet,classification,auroc,lgbm_advanced
random_matched_control,0.5,ecfp_rf,0.1895,3.5,1.0,6.0,moleculenet/MoleculeNet-HIV,moleculenet,classification,auroc,lgbm_advanced
random_matched_control,0.5,lgbm_advanced,0.1385,3.5,1.0,4.0,moleculenet/MoleculeNet-HIV,moleculenet,classification,auroc,lgbm_advanced
random_matched_control,0.5,lgbm_basic,0.109,3.5,1.0,5.0,moleculenet/MoleculeNet-HIV,moleculenet,classification,auroc,lgbm_advanced
random_matched_control,0.5,torch_mlp_advanced,0.0215,3.5,2.0,6.0,moleculenet/MoleculeNet-HIV,moleculenet,classification,auroc,lgbm_advanced
random_matched_control,0.5,torch_mlp_basic,0.0145,3.5,2.0,6.0,moleculenet/MoleculeNet-HIV,moleculenet,classification,auroc,lgbm_advanced
random_matched_control,0.75,ecfp_linear,0.0315,3.5,1.0,6.0,moleculenet/MoleculeNet-HIV,moleculenet,classification,auroc,lgbm_advanced
random_matched_control,0.75,ecfp_rf,0.19,3.5,1.0,6.0,moleculenet/MoleculeNet-HIV,moleculenet,classification,auroc,lgbm_advanced
random_matched_control,0.75,lgbm_advanced,0.1305,3.5,1.0,5.0,moleculenet/MoleculeNet-HIV,moleculenet,classification,auroc,lgbm_advanced
random_matched_control,0.75,lgbm_basic,0.107,3.5,1.0,5.0,moleculenet/MoleculeNet-HIV,moleculenet,classification,auroc,lgbm_advanced
random_matched_control,0.75,torch_mlp_advanced,0.023,3.5,2.0,6.0,moleculenet/MoleculeNet-HIV,moleculenet,classification,auroc,lgbm_advanced
random_matched_control,0.75,torch_mlp_basic,0.0175,3.5,2.0,6.0,moleculenet/MoleculeNet-HIV,moleculenet,classification,auroc,lgbm_advanced
random_matched_control,observed,ecfp_linear,0.0345,3.5,1.0,6.0,moleculenet/MoleculeNet-HIV,moleculenet,classification,auroc,lgbm_advanced
random_matched_control,observed,ecfp_rf,0.19,3.5,1.0,6.0,moleculenet/MoleculeNet-HIV,moleculenet,classification,auroc,lgbm_advanced
random_matched_control,observed,lgbm_advanced,0.1215,3.5,1.0,4.0,moleculenet/MoleculeNet-HIV,moleculenet,classification,auroc,lgbm_advanced
random_matched_control,observed,lgbm_basic,0.1085,3.5,1.0,5.0,moleculenet/MoleculeNet-HIV,moleculenet,classification,auroc,lgbm_advanced
random_matched_control,observed,torch_mlp_advanced,0.024,3.5,2.0,6.0,moleculenet/MoleculeNet-HIV,moleculenet,classification,auroc,lgbm_advanced
random_matched_control,observed,torch_mlp_basic,0.02,3.5,2.0,6.0,moleculenet/MoleculeNet-HIV,moleculenet,classification,auroc,lgbm_advanced
clean_reference,0.0,ecfp_linear,0.0,6.0,6.0,6.0,moleculenet/MoleculeNet-Lipophilicity,moleculenet,regression,rmse,lgbm_advanced
clean_reference,0.0,ecfp_rf,0.0,3.0,3.0,3.0,moleculenet/MoleculeNet-Lipophilicity,moleculenet,regression,rmse,lgbm_advanced
clean_reference,0.0,lgbm_advanced,1.0,1.0,1.0,1.0,moleculenet/MoleculeNet-Lipophilicity,moleculenet,regression,rmse,lgbm_advanced
clean_reference,0.0,lgbm_basic,0.0,2.0,2.0,2.0,moleculenet/MoleculeNet-Lipophilicity,moleculenet,regression,rmse,lgbm_advanced
clean_reference,0.0,torch_mlp_advanced,0.0,4.0,4.0,4.0,moleculenet/MoleculeNet-Lipophilicity,moleculenet,regression,rmse,lgbm_advanced
clean_reference,0.0,torch_mlp_basic,0.0,5.0,5.0,5.0,moleculenet/MoleculeNet-Lipophilicity,moleculenet,regression,rmse,lgbm_advanced
leakage_curve,0.0,ecfp_linear,0.0,6.0,6.0,6.0,moleculenet/MoleculeNet-Lipophilicity,moleculenet,regression,rmse,lgbm_advanced
leakage_curve,0.0,ecfp_rf,0.007,4.0,2.0,5.0,moleculenet/MoleculeNet-Lipophilicity,moleculenet,regression,rmse,lgbm_advanced
leakage_curve,0.0,lgbm_advanced,0.548,1.0,1.0,3.0,moleculenet/MoleculeNet-Lipophilicity,moleculenet,regression,rmse,lgbm_advanced
leakage_curve,0.0,lgbm_basic,0.395,2.0,1.0,3.0,moleculenet/MoleculeNet-Lipophilicity,moleculenet,regression,rmse,lgbm_advanced
leakage_curve,0.0,torch_mlp_advanced,0.037,4.0,1.0,5.0,moleculenet/MoleculeNet-Lipophilicity,moleculenet,regression,rmse,lgbm_advanced
leakage_curve,0.0,torch_mlp_basic,0.013,5.0,2.0,5.0,moleculenet/MoleculeNet-Lipophilicity,moleculenet,regression,rmse,lgbm_advanced
leakage_curve,0.05,ecfp_linear,0.0,6.0,6.0,6.0,moleculenet/MoleculeNet-Lipophilicity,moleculenet,regression,rmse,lgbm_advanced
leakage_curve,0.05,ecfp_rf,0.009,3.0,2.0,5.0,moleculenet/MoleculeNet-Lipophilicity,moleculenet,regression,rmse,lgbm_advanced
leakage_curve,0.05,lgbm_advanced,0.516,1.0,1.0,3.0,moleculenet/MoleculeNet-Lipophilicity,moleculenet,regression,rmse,lgbm_advanced
leakage_curve,0.05,lgbm_basic,0.427,2.0,1.0,3.0,moleculenet/MoleculeNet-Lipophilicity,moleculenet,regression,rmse,lgbm_advanced
leakage_curve,0.05,torch_mlp_advanced,0.037,4.0,1.0,5.0,moleculenet/MoleculeNet-Lipophilicity,moleculenet,regression,rmse,lgbm_advanced
leakage_curve,0.05,torch_mlp_basic,0.011,5.0,2.0,5.0,moleculenet/MoleculeNet-Lipophilicity,moleculenet,regression,rmse,lgbm_advanced
leakage_curve,0.1,ecfp_linear,0.0,6.0,6.0,6.0,moleculenet/MoleculeNet-Lipophilicity,moleculenet,regression,rmse,lgbm_advanced
leakage_curve,0.1,ecfp_rf,0.004,3.0,2.0,5.0,moleculenet/MoleculeNet-Lipophilicity,moleculenet,regression,rmse,lgbm_advanced
leakage_curve,0.1,lgbm_advanced,0.482,2.0,1.0,3.0,moleculenet/MoleculeNet-Lipophilicity,moleculenet,regression,rmse,lgbm_advanced
leakage_curve,0.1,lgbm_basic,0.461,2.0,1.0,3.0,moleculenet/MoleculeNet-Lipophilicity,moleculenet,regression,rmse,lgbm_advanced
leakage_curve,0.1,torch_mlp_advanced,0.034,4.0,1.0,5.0,moleculenet/MoleculeNet-Lipophilicity,moleculenet,regression,rmse,lgbm_advanced
leakage_curve,0.1,torch_mlp_basic,0.019,5.0,2.0,5.0,moleculenet/MoleculeNet-Lipophilicity,moleculenet,regression,rmse,lgbm_advanced
leakage_curve,0.25,ecfp_linear,0.0,6.0,6.0,6.0,moleculenet/MoleculeNet-Lipophilicity,moleculenet,regression,rmse,lgbm_advanced
leakage_curve,0.25,ecfp_rf,0.011,3.0,2.0,5.0,moleculenet/MoleculeNet-Lipophilicity,moleculenet,regression,rmse,lgbm_advanced
leakage_curve,0.25,lgbm_advanced,0.462,2.0,1.0,3.0249999999999773,moleculenet/MoleculeNet-Lipophilicity,moleculenet,regression,rmse,lgbm_advanced
leakage_curve,0.25,lgbm_basic,0.458,2.0,1.0,4.0,moleculenet/MoleculeNet-Lipophilicity,moleculenet,regression,rmse,lgbm_advanced
leakage_curve,0.25,torch_mlp_advanced,0.047,4.0,1.0,5.0,moleculenet/MoleculeNet-Lipophilicity,moleculenet,regression,rmse,lgbm_advanced
leakage_curve,0.25,torch_mlp_basic,0.022,5.0,2.0,5.0,moleculenet/MoleculeNet-Lipophilicity,moleculenet,regression,rmse,lgbm_advanced
leakage_curve,0.5,ecfp_linear,0.0,6.0,6.0,6.0,moleculenet/MoleculeNet-Lipophilicity,moleculenet,regression,rmse,lgbm_advanced
leakage_curve,0.5,ecfp_rf,0.067,3.0,1.0,5.0,moleculenet/MoleculeNet-Lipophilicity,moleculenet,regression,rmse,lgbm_advanced
leakage_curve,0.5,lgbm_advanced,0.454,2.0,1.0,4.0,moleculenet/MoleculeNet-Lipophilicity,moleculenet,regression,rmse,lgbm_advanced
leakage_curve,0.5,lgbm_basic,0.406,2.0,1.0,4.0,moleculenet/MoleculeNet-Lipophilicity,moleculenet,regression,rmse,lgbm_advanced
leakage_curve,0.5,torch_mlp_advanced,0.048,4.0,1.0,5.0,moleculenet/MoleculeNet-Lipophilicity,moleculenet,regression,rmse,lgbm_advanced
leakage_curve,0.5,torch_mlp_basic,0.025,5.0,1.9750000000000012,5.0,moleculenet/MoleculeNet-Lipophilicity,moleculenet,regression,rmse,lgbm_advanced
leakage_curve,0.75,ecfp_linear,0.0,6.0,6.0,6.0,moleculenet/MoleculeNet-Lipophilicity,moleculenet,regression,rmse,lgbm_advanced
leakage_curve,0.75,ecfp_rf,0.192,3.0,1.0,5.0,moleculenet/MoleculeNet-Lipophilicity,moleculenet,regression,rmse,lgbm_advanced
leakage_curve,0.75,lgbm_advanced,0.403,2.0,1.0,4.0,moleculenet/MoleculeNet-Lipophilicity,moleculenet,regression,rmse,lgbm_advanced
leakage_curve,0.75,lgbm_basic,0.361,2.0,1.0,4.0,moleculenet/MoleculeNet-Lipophilicity,moleculenet,regression,rmse,lgbm_advanced
leakage_curve,0.75,torch_mlp_advanced,0.022,4.0,2.0,5.0,moleculenet/MoleculeNet-Lipophilicity,moleculenet,regression,rmse,lgbm_advanced
leakage_curve,0.75,torch_mlp_basic,0.022,5.0,2.0,5.0,moleculenet/MoleculeNet-Lipophilicity,moleculenet,regression,rmse,lgbm_advanced
leakage_curve,observed,ecfp_linear,0.0,6.0,6.0,6.0,moleculenet/MoleculeNet-Lipophilicity,moleculenet,regression,rmse,lgbm_advanced
leakage_curve,observed,ecfp_rf,0.014,3.0,2.0,5.0,moleculenet/MoleculeNet-Lipophilicity,moleculenet,regression,rmse,lgbm_advanced
leakage_curve,observed,lgbm_advanced,0.441,2.0,1.0,3.0,moleculenet/MoleculeNet-Lipophilicity,moleculenet,regression,rmse,lgbm_advanced
leakage_curve,observed,lgbm_basic,0.496,2.0,1.0,3.0,moleculenet/MoleculeNet-Lipophilicity,moleculenet,regression,rmse,lgbm_advanced
leakage_curve,observed,torch_mlp_advanced,0.035,4.0,1.0,5.0,moleculenet/MoleculeNet-Lipophilicity,moleculenet,regression,rmse,lgbm_advanced
leakage_curve,observed,torch_mlp_basic,0.014,5.0,2.0,5.0,moleculenet/MoleculeNet-Lipophilicity,moleculenet,regression,rmse,lgbm_advanced
observed_composition,observed,ecfp_linear,0.0,6.0,6.0,6.0,moleculenet/MoleculeNet-Lipophilicity,moleculenet,regression,rmse,lgbm_advanced
observed_composition,observed,ecfp_rf,0.0,4.0,4.0,4.0,moleculenet/MoleculeNet-Lipophilicity,moleculenet,regression,rmse,lgbm_advanced
observed_composition,observed,lgbm_advanced,1.0,1.0,1.0,1.0,moleculenet/MoleculeNet-Lipophilicity,moleculenet,regression,rmse,lgbm_advanced
observed_composition,observed,lgbm_basic,0.0,2.0,2.0,2.0,moleculenet/MoleculeNet-Lipophilicity,moleculenet,regression,rmse,lgbm_advanced
observed_composition,observed,torch_mlp_advanced,0.0,3.0,3.0,3.0,moleculenet/MoleculeNet-Lipophilicity,moleculenet,regression,rmse,lgbm_advanced
observed_composition,observed,torch_mlp_basic,0.0,5.0,5.0,5.0,moleculenet/MoleculeNet-Lipophilicity,moleculenet,regression,rmse,lgbm_advanced
random_matched_control,0.0,ecfp_linear,0.0,6.0,6.0,6.0,moleculenet/MoleculeNet-Lipophilicity,moleculenet,regression,rmse,lgbm_advanced
random_matched_control,0.0,ecfp_rf,0.023,4.0,2.0,5.0,moleculenet/MoleculeNet-Lipophilicity,moleculenet,regression,rmse,lgbm_advanced
random_matched_control,0.0,lgbm_advanced,0.463,2.0,1.0,4.0,moleculenet/MoleculeNet-Lipophilicity,moleculenet,regression,rmse,lgbm_advanced
random_matched_control,0.0,lgbm_basic,0.352,2.0,1.0,4.0,moleculenet/MoleculeNet-Lipophilicity,moleculenet,regression,rmse,lgbm_advanced
random_matched_control,0.0,torch_mlp_advanced,0.104,4.0,1.0,5.0,moleculenet/MoleculeNet-Lipophilicity,moleculenet,regression,rmse,lgbm_advanced
random_matched_control,0.0,torch_mlp_basic,0.058,4.0,1.0,5.0,moleculenet/MoleculeNet-Lipophilicity,moleculenet,regression,rmse,lgbm_advanced
random_matched_control,0.05,ecfp_linear,0.0,6.0,6.0,6.0,moleculenet/MoleculeNet-Lipophilicity,moleculenet,regression,rmse,lgbm_advanced
random_matched_control,0.05,ecfp_rf,0.029,4.0,1.0,5.0,moleculenet/MoleculeNet-Lipophilicity,moleculenet,regression,rmse,lgbm_advanced
random_matched_control,0.05,lgbm_advanced,0.454,2.0,1.0,4.0,moleculenet/MoleculeNet-Lipophilicity,moleculenet,regression,rmse,lgbm_advanced
random_matched_control,0.05,lgbm_basic,0.37,2.0,1.0,4.0,moleculenet/MoleculeNet-Lipophilicity,moleculenet,regression,rmse,lgbm_advanced
random_matched_control,0.05,torch_mlp_advanced,0.093,4.0,1.0,5.0,moleculenet/MoleculeNet-Lipophilicity,moleculenet,regression,rmse,lgbm_advanced
random_matched_control,0.05,torch_mlp_basic,0.054,4.0,1.0,5.0,moleculenet/MoleculeNet-Lipophilicity,moleculenet,regression,rmse,lgbm_advanced
random_matched_control,0.1,ecfp_linear,0.0,6.0,6.0,6.0,moleculenet/MoleculeNet-Lipophilicity,moleculenet,regression,rmse,lgbm_advanced
random_matched_control,0.1,ecfp_rf,0.031,4.0,1.0,5.0,moleculenet/MoleculeNet-Lipophilicity,moleculenet,regression,rmse,lgbm_advanced
random_matched_control,0.1,lgbm_advanced,0.49,2.0,1.0,4.0,moleculenet/MoleculeNet-Lipophilicity,moleculenet,regression,rmse,lgbm_advanced
random_matched_control,0.1,lgbm_basic,0.341,2.0,1.0,4.0,moleculenet/MoleculeNet-Lipophilicity,moleculenet,regression,rmse,lgbm_advanced
random_matched_control,0.1,torch_mlp_advanced,0.085,4.0,1.0,5.0,moleculenet/MoleculeNet-Lipophilicity,moleculenet,regression,rmse,lgbm_advanced
random_matched_control,0.1,torch_mlp_basic,0.053,4.0,1.0,5.0,moleculenet/MoleculeNet-Lipophilicity,moleculenet,regression,rmse,lgbm_advanced
random_matched_control,0.25,ecfp_linear,0.0,6.0,6.0,6.0,moleculenet/MoleculeNet-Lipophilicity,moleculenet,regression,rmse,lgbm_advanced
random_matched_control,0.25,ecfp_rf,0.022,4.0,2.0,5.0,moleculenet/MoleculeNet-Lipophilicity,moleculenet,regression,rmse,lgbm_advanced
random_matched_control,0.25,lgbm_advanced,0.455,2.0,1.0,4.0,moleculenet/MoleculeNet-Lipophilicity,moleculenet,regression,rmse,lgbm_advanced
random_matched_control,0.25,lgbm_basic,0.388,2.0,1.0,4.0,moleculenet/MoleculeNet-Lipophilicity,moleculenet,regression,rmse,lgbm_advanced
random_matched_control,0.25,torch_mlp_advanced,0.089,4.0,1.0,5.0,moleculenet/MoleculeNet-Lipophilicity,moleculenet,regression,rmse,lgbm_advanced
random_matched_control,0.25,torch_mlp_basic,0.046,4.0,1.0,5.0,moleculenet/MoleculeNet-Lipophilicity,moleculenet,regression,rmse,lgbm_advanced
random_matched_control,0.5,ecfp_linear,0.0,6.0,6.0,6.0,moleculenet/MoleculeNet-Lipophilicity,moleculenet,regression,rmse,lgbm_advanced
random_matched_control,0.5,ecfp_rf,0.041,4.0,1.0,5.0,moleculenet/MoleculeNet-Lipophilicity,moleculenet,regression,rmse,lgbm_advanced
random_matched_control,0.5,lgbm_advanced,0.469,2.0,1.0,4.0,moleculenet/MoleculeNet-Lipophilicity,moleculenet,regression,rmse,lgbm_advanced
random_matched_control,0.5,lgbm_basic,0.359,2.0,1.0,4.0,moleculenet/MoleculeNet-Lipophilicity,moleculenet,regression,rmse,lgbm_advanced
random_matched_control,0.5,torch_mlp_advanced,0.08,4.0,1.0,5.0,moleculenet/MoleculeNet-Lipophilicity,moleculenet,regression,rmse,lgbm_advanced
random_matched_control,0.5,torch_mlp_basic,0.051,4.0,1.0,5.0,moleculenet/MoleculeNet-Lipophilicity,moleculenet,regression,rmse,lgbm_advanced
random_matched_control,0.75,ecfp_linear,0.0,6.0,6.0,6.0,moleculenet/MoleculeNet-Lipophilicity,moleculenet,regression,rmse,lgbm_advanced
random_matched_control,0.75,ecfp_rf,0.031,4.0,1.0,5.0,moleculenet/MoleculeNet-Lipophilicity,moleculenet,regression,rmse,lgbm_advanced
random_matched_control,0.75,lgbm_advanced,0.471,2.0,1.0,4.0,moleculenet/MoleculeNet-Lipophilicity,moleculenet,regression,rmse,lgbm_advanced
random_matched_control,0.75,lgbm_basic,0.355,2.0,1.0,4.0,moleculenet/MoleculeNet-Lipophilicity,moleculenet,regression,rmse,lgbm_advanced
random_matched_control,0.75,torch_mlp_advanced,0.085,4.0,1.0,5.0,moleculenet/MoleculeNet-Lipophilicity,moleculenet,regression,rmse,lgbm_advanced
random_matched_control,0.75,torch_mlp_basic,0.058,4.0,1.0,5.0,moleculenet/MoleculeNet-Lipophilicity,moleculenet,regression,rmse,lgbm_advanced
random_matched_control,observed,ecfp_linear,0.0,6.0,6.0,6.0,moleculenet/MoleculeNet-Lipophilicity,moleculenet,regression,rmse,lgbm_advanced
random_matched_control,observed,ecfp_rf,0.034,4.0,1.0,5.0,moleculenet/MoleculeNet-Lipophilicity,moleculenet,regression,rmse,lgbm_advanced
random_matched_control,observed,lgbm_advanced,0.459,2.0,1.0,4.0,moleculenet/MoleculeNet-Lipophilicity,moleculenet,regression,rmse,lgbm_advanced
random_matched_control,observed,lgbm_basic,0.377,2.0,1.0,4.0,moleculenet/MoleculeNet-Lipophilicity,moleculenet,regression,rmse,lgbm_advanced
random_matched_control,observed,torch_mlp_advanced,0.083,4.0,1.0,5.0,moleculenet/MoleculeNet-Lipophilicity,moleculenet,regression,rmse,lgbm_advanced
random_matched_control,observed,torch_mlp_basic,0.047,4.0,1.0,5.0,moleculenet/MoleculeNet-Lipophilicity,moleculenet,regression,rmse,lgbm_advanced
clean_reference,0.0,ecfp_linear,0.0,4.0,4.0,4.0,tdc/BBB_Martins,tdc,classification,auroc,lgbm_basic
clean_reference,0.0,ecfp_rf,0.0,2.0,2.0,2.0,tdc/BBB_Martins,tdc,classification,auroc,lgbm_basic
clean_reference,0.0,lgbm_advanced,0.0,3.0,3.0,3.0,tdc/BBB_Martins,tdc,classification,auroc,lgbm_basic
clean_reference,0.0,lgbm_basic,1.0,1.0,1.0,1.0,tdc/BBB_Martins,tdc,classification,auroc,lgbm_basic
clean_reference,0.0,torch_mlp_advanced,0.0,5.0,5.0,5.0,tdc/BBB_Martins,tdc,classification,auroc,lgbm_basic
clean_reference,0.0,torch_mlp_basic,0.0,6.0,6.0,6.0,tdc/BBB_Martins,tdc,classification,auroc,lgbm_basic
conflict_curve,0.0,ecfp_linear,0.038,3.5,1.0,6.0,tdc/BBB_Martins,tdc,classification,auroc,lgbm_basic
conflict_curve,0.0,ecfp_rf,0.064,3.0,1.0,6.0,tdc/BBB_Martins,tdc,classification,auroc,lgbm_basic
conflict_curve,0.0,lgbm_advanced,0.021,3.0,1.5,6.0,tdc/BBB_Martins,tdc,classification,auroc,lgbm_basic
conflict_curve,0.0,lgbm_basic,0.05,3.0,1.0,6.0,tdc/BBB_Martins,tdc,classification,auroc,lgbm_basic
conflict_curve,0.0,torch_mlp_advanced,0.071,3.5,1.0,6.0,tdc/BBB_Martins,tdc,classification,auroc,lgbm_basic
conflict_curve,0.0,torch_mlp_basic,0.043,4.0,1.0,6.0,tdc/BBB_Martins,tdc,classification,auroc,lgbm_basic
conflict_curve,0.05,ecfp_linear,0.043,3.5,1.0,6.0,tdc/BBB_Martins,tdc,classification,auroc,lgbm_basic
conflict_curve,0.05,ecfp_rf,0.054,3.0,1.0,6.0,tdc/BBB_Martins,tdc,classification,auroc,lgbm_basic
conflict_curve,0.05,lgbm_advanced,0.014,3.5,1.5,6.0,tdc/BBB_Martins,tdc,classification,auroc,lgbm_basic
conflict_curve,0.05,lgbm_basic,0.053,3.0,1.0,6.0,tdc/BBB_Martins,tdc,classification,auroc,lgbm_basic
conflict_curve,0.05,torch_mlp_advanced,0.087,3.5,1.0,6.0,tdc/BBB_Martins,tdc,classification,auroc,lgbm_basic
conflict_curve,0.05,torch_mlp_basic,0.039,3.5,1.0,6.0,tdc/BBB_Martins,tdc,classification,auroc,lgbm_basic
conflict_curve,0.1,ecfp_linear,0.073,3.0,1.0,6.0,tdc/BBB_Martins,tdc,classification,auroc,lgbm_basic
conflict_curve,0.1,ecfp_rf,0.039,4.5,1.0,6.0,tdc/BBB_Martins,tdc,classification,auroc,lgbm_basic
conflict_curve,0.1,lgbm_advanced,0.096,2.5,1.0,5.5,tdc/BBB_Martins,tdc,classification,auroc,lgbm_basic
conflict_curve,0.1,lgbm_basic,0.097,2.5,1.0,6.0,tdc/BBB_Martins,tdc,classification,auroc,lgbm_basic
conflict_curve,0.1,torch_mlp_advanced,0.053,4.0,1.0,6.0,tdc/BBB_Martins,tdc,classification,auroc,lgbm_basic
conflict_curve,0.1,torch_mlp_basic,0.041,4.0,1.0,6.0,tdc/BBB_Martins,tdc,classification,auroc,lgbm_basic
conflict_curve,0.25,ecfp_linear,0.07,3.0,1.0,6.0,tdc/BBB_Martins,tdc,classification,auroc,lgbm_basic
conflict_curve,0.25,ecfp_rf,0.062,4.5,1.0,6.0,tdc/BBB_Martins,tdc,classification,auroc,lgbm_basic
conflict_curve,0.25,lgbm_advanced,0.077,2.5,1.0,5.5,tdc/BBB_Martins,tdc,classification,auroc,lgbm_basic
conflict_curve,0.25,lgbm_basic,0.086,2.5,1.0,6.0,tdc/BBB_Martins,tdc,classification,auroc,lgbm_basic
conflict_curve,0.25,torch_mlp_advanced,0.061,4.0,1.0,6.0,tdc/BBB_Martins,tdc,classification,auroc,lgbm_basic
conflict_curve,0.25,torch_mlp_basic,0.041,4.0,1.0,6.0,tdc/BBB_Martins,tdc,classification,auroc,lgbm_basic
conflict_curve,0.5,ecfp_linear,0.062,3.0,1.0,6.0,tdc/BBB_Martins,tdc,classification,auroc,lgbm_basic
conflict_curve,0.5,ecfp_rf,0.047,4.5,1.0,6.0,tdc/BBB_Martins,tdc,classification,auroc,lgbm_basic
conflict_curve,0.5,lgbm_advanced,0.075,2.5,1.0,6.0,tdc/BBB_Martins,tdc,classification,auroc,lgbm_basic
conflict_curve,0.5,lgbm_basic,0.076,3.0,1.0,6.0,tdc/BBB_Martins,tdc,classification,auroc,lgbm_basic
conflict_curve,0.5,torch_mlp_advanced,0.04,4.0,1.0,6.0,tdc/BBB_Martins,tdc,classification,auroc,lgbm_basic
conflict_curve,0.5,torch_mlp_basic,0.017,4.0,1.5,6.0,tdc/BBB_Martins,tdc,classification,auroc,lgbm_basic
conflict_curve,0.75,ecfp_linear,0.037,3.0,1.0,5.5,tdc/BBB_Martins,tdc,classification,auroc,lgbm_basic
conflict_curve,0.75,ecfp_rf,0.062,4.0,1.0,6.0,tdc/BBB_Martins,tdc,classification,auroc,lgbm_basic
conflict_curve,0.75,lgbm_advanced,0.028,3.0,1.0,6.0,tdc/BBB_Martins,tdc,classification,auroc,lgbm_basic
conflict_curve,0.75,lgbm_basic,0.049,3.0,1.0,6.0,tdc/BBB_Martins,tdc,classification,auroc,lgbm_basic
conflict_curve,0.75,torch_mlp_advanced,0.034,3.5,1.0,6.0,tdc/BBB_Martins,tdc,classification,auroc,lgbm_basic
conflict_curve,0.75,torch_mlp_basic,0.015,3.5,1.5,6.0,tdc/BBB_Martins,tdc,classification,auroc,lgbm_basic
conflict_curve,observed,ecfp_linear,0.042,3.5,1.0,6.0,tdc/BBB_Martins,tdc,classification,auroc,lgbm_basic
conflict_curve,observed,ecfp_rf,0.057,3.0,1.0,6.0,tdc/BBB_Martins,tdc,classification,auroc,lgbm_basic
conflict_curve,observed,lgbm_advanced,0.013,3.0,1.5,6.0,tdc/BBB_Martins,tdc,classification,auroc,lgbm_basic
conflict_curve,observed,lgbm_basic,0.037,3.0,1.0,6.0,tdc/BBB_Martins,tdc,classification,auroc,lgbm_basic
conflict_curve,observed,torch_mlp_advanced,0.07,3.5,1.0,6.0,tdc/BBB_Martins,tdc,classification,auroc,lgbm_basic
conflict_curve,observed,torch_mlp_basic,0.042,3.5,1.0,6.0,tdc/BBB_Martins,tdc,classification,auroc,lgbm_basic
leakage_curve,0.0,ecfp_linear,0.091,4.0,1.0,6.0,tdc/BBB_Martins,tdc,classification,auroc,lgbm_basic
leakage_curve,0.0,ecfp_rf,0.259,3.0,1.0,6.0,tdc/BBB_Martins,tdc,classification,auroc,lgbm_basic
leakage_curve,0.0,lgbm_advanced,0.114,3.0,1.0,6.0,tdc/BBB_Martins,tdc,classification,auroc,lgbm_basic
leakage_curve,0.0,lgbm_basic,0.334,2.0,1.0,6.0,tdc/BBB_Martins,tdc,classification,auroc,lgbm_basic
leakage_curve,0.0,torch_mlp_advanced,0.147,4.0,1.0,6.0,tdc/BBB_Martins,tdc,classification,auroc,lgbm_basic
leakage_curve,0.0,torch_mlp_basic,0.041,5.0,1.0,6.0,tdc/BBB_Martins,tdc,classification,auroc,lgbm_basic
leakage_curve,0.05,ecfp_linear,0.085,4.0,1.0,6.0,tdc/BBB_Martins,tdc,classification,auroc,lgbm_basic
leakage_curve,0.05,ecfp_rf,0.292,3.0,1.0,6.0,tdc/BBB_Martins,tdc,classification,auroc,lgbm_basic
leakage_curve,0.05,lgbm_advanced,0.105,3.0,1.0,6.0,tdc/BBB_Martins,tdc,classification,auroc,lgbm_basic
leakage_curve,0.05,lgbm_basic,0.315,2.0,1.0,6.0,tdc/BBB_Martins,tdc,classification,auroc,lgbm_basic
leakage_curve,0.05,torch_mlp_advanced,0.14,4.0,1.0,6.0,tdc/BBB_Martins,tdc,classification,auroc,lgbm_basic
leakage_curve,0.05,torch_mlp_basic,0.043,5.0,1.0,6.0,tdc/BBB_Martins,tdc,classification,auroc,lgbm_basic
leakage_curve,0.1,ecfp_linear,0.095,4.0,1.0,6.0,tdc/BBB_Martins,tdc,classification,auroc,lgbm_basic
leakage_curve,0.1,ecfp_rf,0.292,3.0,1.0,6.0,tdc/BBB_Martins,tdc,classification,auroc,lgbm_basic
leakage_curve,0.1,lgbm_advanced,0.116,3.0,1.0,6.0,tdc/BBB_Martins,tdc,classification,auroc,lgbm_basic
leakage_curve,0.1,lgbm_basic,0.29,2.0,1.0,6.0,tdc/BBB_Martins,tdc,classification,auroc,lgbm_basic
leakage_curve,0.1,torch_mlp_advanced,0.143,4.0,1.0,6.0,tdc/BBB_Martins,tdc,classification,auroc,lgbm_basic
leakage_curve,0.1,torch_mlp_basic,0.043,5.0,1.0,6.0,tdc/BBB_Martins,tdc,classification,auroc,lgbm_basic
leakage_curve,0.25,ecfp_linear,0.075,4.0,1.0,6.0,tdc/BBB_Martins,tdc,classification,auroc,lgbm_basic
leakage_curve,0.25,ecfp_rf,0.348,2.0,1.0,6.0,tdc/BBB_Martins,tdc,classification,auroc,lgbm_basic
leakage_curve,0.25,lgbm_advanced,0.081,3.0,1.0,6.0,tdc/BBB_Martins,tdc,classification,auroc,lgbm_basic
leakage_curve,0.25,lgbm_basic,0.265,3.0,1.0,6.0,tdc/BBB_Martins,tdc,classification,auroc,lgbm_basic
leakage_curve,0.25,torch_mlp_advanced,0.164,4.0,1.0,6.0,tdc/BBB_Martins,tdc,classification,auroc,lgbm_basic
leakage_curve,0.25,torch_mlp_basic,0.049,5.0,1.0,6.0,tdc/BBB_Martins,tdc,classification,auroc,lgbm_basic
leakage_curve,0.5,ecfp_linear,0.068,4.0,1.0,6.0,tdc/BBB_Martins,tdc,classification,auroc,lgbm_basic
leakage_curve,0.5,ecfp_rf,0.406,2.0,1.0,5.0,tdc/BBB_Martins,tdc,classification,auroc,lgbm_basic
leakage_curve,0.5,lgbm_advanced,0.067,3.0,1.0,6.0,tdc/BBB_Martins,tdc,classification,auroc,lgbm_basic
leakage_curve,0.5,lgbm_basic,0.181,3.0,1.0,6.0,tdc/BBB_Martins,tdc,classification,auroc,lgbm_basic
leakage_curve,0.5,torch_mlp_advanced,0.188,4.0,1.0,6.0,tdc/BBB_Martins,tdc,classification,auroc,lgbm_basic
leakage_curve,0.5,torch_mlp_basic,0.067,5.0,1.0,6.0,tdc/BBB_Martins,tdc,classification,auroc,lgbm_basic
leakage_curve,0.75,ecfp_linear,0.01,4.0,2.0,6.0,tdc/BBB_Martins,tdc,classification,auroc,lgbm_basic
leakage_curve,0.75,ecfp_rf,0.619,1.0,1.0,5.0,tdc/BBB_Martins,tdc,classification,auroc,lgbm_basic
leakage_curve,0.75,lgbm_advanced,0.025,4.0,1.4875000000000007,6.0,tdc/BBB_Martins,tdc,classification,auroc,lgbm_basic
leakage_curve,0.75,lgbm_basic,0.112,3.0,1.0,6.0,tdc/BBB_Martins,tdc,classification,auroc,lgbm_basic
leakage_curve,0.75,torch_mlp_advanced,0.102,4.0,1.0,6.0,tdc/BBB_Martins,tdc,classification,auroc,lgbm_basic
leakage_curve,0.75,torch_mlp_basic,0.093,4.5,1.0,6.0,tdc/BBB_Martins,tdc,classification,auroc,lgbm_basic
leakage_curve,observed,ecfp_linear,0.099,4.0,1.0,6.0,tdc/BBB_Martins,tdc,classification,auroc,lgbm_basic
leakage_curve,observed,ecfp_rf,0.281,3.0,1.0,6.0,tdc/BBB_Martins,tdc,classification,auroc,lgbm_basic
leakage_curve,observed,lgbm_advanced,0.109,3.0,1.0,6.0,tdc/BBB_Martins,tdc,classification,auroc,lgbm_basic
leakage_curve,observed,lgbm_basic,0.32,2.0,1.0,6.0,tdc/BBB_Martins,tdc,classification,auroc,lgbm_basic
leakage_curve,observed,torch_mlp_advanced,0.134,4.0,1.0,6.0,tdc/BBB_Martins,tdc,classification,auroc,lgbm_basic
leakage_curve,observed,torch_mlp_basic,0.041,5.0,1.0,6.0,tdc/BBB_Martins,tdc,classification,auroc,lgbm_basic
observed_composition,observed,ecfp_linear,0.0,4.0,4.0,4.0,tdc/BBB_Martins,tdc,classification,auroc,lgbm_basic
observed_composition,observed,ecfp_rf,0.0,3.0,3.0,3.0,tdc/BBB_Martins,tdc,classification,auroc,lgbm_basic
observed_composition,observed,lgbm_advanced,0.0,2.0,2.0,2.0,tdc/BBB_Martins,tdc,classification,auroc,lgbm_basic
observed_composition,observed,lgbm_basic,1.0,1.0,1.0,1.0,tdc/BBB_Martins,tdc,classification,auroc,lgbm_basic
observed_composition,observed,torch_mlp_advanced,0.0,5.0,5.0,5.0,tdc/BBB_Martins,tdc,classification,auroc,lgbm_basic
observed_composition,observed,torch_mlp_basic,0.0,6.0,6.0,6.0,tdc/BBB_Martins,tdc,classification,auroc,lgbm_basic
random_matched_control,0.0,ecfp_linear,0.049,4.0,1.0,6.0,tdc/BBB_Martins,tdc,classification,auroc,lgbm_basic
random_matched_control,0.0,ecfp_rf,0.133,3.0,1.0,6.0,tdc/BBB_Martins,tdc,classification,auroc,lgbm_basic
random_matched_control,0.0,lgbm_advanced,0.0805,3.0,1.0,6.0,tdc/BBB_Martins,tdc,classification,auroc,lgbm_basic
random_matched_control,0.0,lgbm_basic,0.201,3.0,1.0,6.0,tdc/BBB_Martins,tdc,classification,auroc,lgbm_basic
random_matched_control,0.0,torch_mlp_advanced,0.092,4.0,1.0,6.0,tdc/BBB_Martins,tdc,classification,auroc,lgbm_basic
random_matched_control,0.0,torch_mlp_basic,0.044,4.5,1.0,6.0,tdc/BBB_Martins,tdc,classification,auroc,lgbm_basic
random_matched_control,0.05,ecfp_linear,0.071,3.5,1.0,6.0,tdc/BBB_Martins,tdc,classification,auroc,lgbm_basic
random_matched_control,0.05,ecfp_rf,0.123,3.0,1.0,6.0,tdc/BBB_Martins,tdc,classification,auroc,lgbm_basic
random_matched_control,0.05,lgbm_advanced,0.068,3.0,1.0,6.0,tdc/BBB_Martins,tdc,classification,auroc,lgbm_basic
random_matched_control,0.05,lgbm_basic,0.202,3.0,1.0,6.0,tdc/BBB_Martins,tdc,classification,auroc,lgbm_basic
random_matched_control,0.05,torch_mlp_advanced,0.0895,4.0,1.0,6.0,tdc/BBB_Martins,tdc,classification,auroc,lgbm_basic
random_matched_control,0.05,torch_mlp_basic,0.042,4.0,1.0,6.0,tdc/BBB_Martins,tdc,classification,auroc,lgbm_basic
random_matched_control,0.1,ecfp_linear,0.065,3.5,1.0,6.0,tdc/BBB_Martins,tdc,classification,auroc,lgbm_basic
random_matched_control,0.1,ecfp_rf,0.1315,3.0,1.0,6.0,tdc/BBB_Martins,tdc,classification,auroc,lgbm_basic
random_matched_control,0.1,lgbm_advanced,0.077,3.0,1.0,6.0,tdc/BBB_Martins,tdc,classification,auroc,lgbm_basic
random_matched_control,0.1,lgbm_basic,0.205,2.5,1.0,6.0,tdc/BBB_Martins,tdc,classification,auroc,lgbm_basic
random_matched_control,0.1,torch_mlp_advanced,0.0885,4.0,1.0,6.0,tdc/BBB_Martins,tdc,classification,auroc,lgbm_basic
random_matched_control,0.1,torch_mlp_basic,0.0375,4.5,1.0,6.0,tdc/BBB_Martins,tdc,classification,auroc,lgbm_basic
random_matched_control,0.25,ecfp_linear,0.063,3.5,1.0,6.0,tdc/BBB_Martins,tdc,classification,auroc,lgbm_basic
random_matched_control,0.25,ecfp_rf,0.125,3.0,1.0,6.0,tdc/BBB_Martins,tdc,classification,auroc,lgbm_basic
random_matched_control,0.25,lgbm_advanced,0.076,3.0,1.0,6.0,tdc/BBB_Martins,tdc,classification,auroc,lgbm_basic
random_matched_control,0.25,lgbm_basic,0.203,3.0,1.0,6.0,tdc/BBB_Martins,tdc,classification,auroc,lgbm_basic
random_matched_control,0.25,torch_mlp_advanced,0.0965,4.0,1.0,6.0,tdc/BBB_Martins,tdc,classification,auroc,lgbm_basic
random_matched_control,0.25,torch_mlp_basic,0.038,4.0,1.0,6.0,tdc/BBB_Martins,tdc,classification,auroc,lgbm_basic
random_matched_control,0.5,ecfp_linear,0.0655,3.5,1.0,6.0,tdc/BBB_Martins,tdc,classification,auroc,lgbm_basic
random_matched_control,0.5,ecfp_rf,0.12,3.0,1.0,6.0,tdc/BBB_Martins,tdc,classification,auroc,lgbm_basic
random_matched_control,0.5,lgbm_advanced,0.0695,3.0,1.0,6.0,tdc/BBB_Martins,tdc,classification,auroc,lgbm_basic
random_matched_control,0.5,lgbm_basic,0.199,2.5,1.0,6.0,tdc/BBB_Martins,tdc,classification,auroc,lgbm_basic
random_matched_control,0.5,torch_mlp_advanced,0.092,4.0,1.0,6.0,tdc/BBB_Martins,tdc,classification,auroc,lgbm_basic
random_matched_control,0.5,torch_mlp_basic,0.045,4.5,1.0,6.0,tdc/BBB_Martins,tdc,classification,auroc,lgbm_basic
random_matched_control,0.75,ecfp_linear,0.0555,4.0,1.0,6.0,tdc/BBB_Martins,tdc,classification,auroc,lgbm_basic
random_matched_control,0.75,ecfp_rf,0.128,3.0,1.0,6.0,tdc/BBB_Martins,tdc,classification,auroc,lgbm_basic
random_matched_control,0.75,lgbm_advanced,0.07,3.0,1.0,6.0,tdc/BBB_Martins,tdc,classification,auroc,lgbm_basic
random_matched_control,0.75,lgbm_basic,0.2035,2.75,1.0,6.0,tdc/BBB_Martins,tdc,classification,auroc,lgbm_basic
random_matched_control,0.75,torch_mlp_advanced,0.101,4.0,1.0,6.0,tdc/BBB_Martins,tdc,classification,auroc,lgbm_basic
random_matched_control,0.75,torch_mlp_basic,0.04,4.0,1.0,6.0,tdc/BBB_Martins,tdc,classification,auroc,lgbm_basic
random_matched_control,observed,ecfp_linear,0.0615,4.0,1.0,6.0,tdc/BBB_Martins,tdc,classification,auroc,lgbm_basic
random_matched_control,observed,ecfp_rf,0.1255,3.0,1.0,6.0,tdc/BBB_Martins,tdc,classification,auroc,lgbm_basic
random_matched_control,observed,lgbm_advanced,0.066,3.0,1.0,6.0,tdc/BBB_Martins,tdc,classification,auroc,lgbm_basic
random_matched_control,observed,lgbm_basic,0.2195,2.5,1.0,6.0,tdc/BBB_Martins,tdc,classification,auroc,lgbm_basic
random_matched_control,observed,torch_mlp_advanced,0.0845,4.0,1.0,6.0,tdc/BBB_Martins,tdc,classification,auroc,lgbm_basic
random_matched_control,observed,torch_mlp_basic,0.044,4.5,1.0,6.0,tdc/BBB_Martins,tdc,classification,auroc,lgbm_basic
clean_reference,0.0,ecfp_linear,1.0,1.0,1.0,1.0,tdc/Bioavailability_Ma,tdc,classification,auroc,ecfp_linear
clean_reference,0.0,ecfp_rf,0.0,4.0,4.0,4.0,tdc/Bioavailability_Ma,tdc,classification,auroc,ecfp_linear
clean_reference,0.0,lgbm_advanced,0.0,5.0,5.0,5.0,tdc/Bioavailability_Ma,tdc,classification,auroc,ecfp_linear
clean_reference,0.0,lgbm_basic,0.0,6.0,6.0,6.0,tdc/Bioavailability_Ma,tdc,classification,auroc,ecfp_linear
clean_reference,0.0,torch_mlp_advanced,0.0,3.0,3.0,3.0,tdc/Bioavailability_Ma,tdc,classification,auroc,ecfp_linear
clean_reference,0.0,torch_mlp_basic,0.0,2.0,2.0,2.0,tdc/Bioavailability_Ma,tdc,classification,auroc,ecfp_linear
leakage_curve,0.0,ecfp_linear,0.031,3.5,1.0,5.5,tdc/Bioavailability_Ma,tdc,classification,auroc,ecfp_linear
leakage_curve,0.0,ecfp_rf,0.039,3.5,1.0,6.0,tdc/Bioavailability_Ma,tdc,classification,auroc,ecfp_linear
leakage_curve,0.0,lgbm_advanced,0.029,3.5,1.0,6.0,tdc/Bioavailability_Ma,tdc,classification,auroc,ecfp_linear
leakage_curve,0.0,lgbm_basic,0.04,3.5,1.0,6.0,tdc/Bioavailability_Ma,tdc,classification,auroc,ecfp_linear
leakage_curve,0.0,torch_mlp_advanced,0.0,3.5,1.5,5.5,tdc/Bioavailability_Ma,tdc,classification,auroc,ecfp_linear
leakage_curve,0.0,torch_mlp_basic,0.024,3.5,1.5,5.5,tdc/Bioavailability_Ma,tdc,classification,auroc,ecfp_linear
leakage_curve,0.05,ecfp_linear,0.03,3.5,1.0,5.5,tdc/Bioavailability_Ma,tdc,classification,auroc,ecfp_linear
leakage_curve,0.05,ecfp_rf,0.049,3.5,1.0,6.0,tdc/Bioavailability_Ma,tdc,classification,auroc,ecfp_linear
leakage_curve,0.05,lgbm_advanced,0.033,3.5,1.0,6.0,tdc/Bioavailability_Ma,tdc,classification,auroc,ecfp_linear
leakage_curve,0.05,lgbm_basic,0.054,3.5,1.0,6.0,tdc/Bioavailability_Ma,tdc,classification,auroc,ecfp_linear
leakage_curve,0.05,torch_mlp_advanced,0.003,3.5,1.5,5.5,tdc/Bioavailability_Ma,tdc,classification,auroc,ecfp_linear
leakage_curve,0.05,torch_mlp_basic,0.023,3.5,1.5,6.0,tdc/Bioavailability_Ma,tdc,classification,auroc,ecfp_linear
leakage_curve,0.1,ecfp_linear,0.021,3.5,1.5,5.5,tdc/Bioavailability_Ma,tdc,classification,auroc,ecfp_linear
leakage_curve,0.1,ecfp_rf,0.043,3.5,1.0,6.0,tdc/Bioavailability_Ma,tdc,classification,auroc,ecfp_linear
leakage_curve,0.1,lgbm_advanced,0.037,3.5,1.0,6.0,tdc/Bioavailability_Ma,tdc,classification,auroc,ecfp_linear
leakage_curve,0.1,lgbm_basic,0.036,3.5,1.0,6.0,tdc/Bioavailability_Ma,tdc,classification,auroc,ecfp_linear
leakage_curve,0.1,torch_mlp_advanced,0.001,3.5,1.5,5.5,tdc/Bioavailability_Ma,tdc,classification,auroc,ecfp_linear
leakage_curve,0.1,torch_mlp_basic,0.024,3.5,1.5,6.0,tdc/Bioavailability_Ma,tdc,classification,auroc,ecfp_linear
leakage_curve,0.25,ecfp_linear,0.023,3.5,1.5,5.5,tdc/Bioavailability_Ma,tdc,classification,auroc,ecfp_linear
leakage_curve,0.25,ecfp_rf,0.04,3.5,1.0,6.0,tdc/Bioavailability_Ma,tdc,classification,auroc,ecfp_linear
leakage_curve,0.25,lgbm_advanced,0.037,3.5,1.0,6.0,tdc/Bioavailability_Ma,tdc,classification,auroc,ecfp_linear
leakage_curve,0.25,lgbm_basic,0.078,3.5,1.0,6.0,tdc/Bioavailability_Ma,tdc,classification,auroc,ecfp_linear
leakage_curve,0.25,torch_mlp_advanced,0.0,3.5,2.0,5.5,tdc/Bioavailability_Ma,tdc,classification,auroc,ecfp_linear
leakage_curve,0.25,torch_mlp_basic,0.012,3.5,1.5,6.0,tdc/Bioavailability_Ma,tdc,classification,auroc,ecfp_linear
leakage_curve,0.5,ecfp_linear,0.011,3.5,1.5,4.5,tdc/Bioavailability_Ma,tdc,classification,auroc,ecfp_linear
leakage_curve,0.5,ecfp_rf,0.023,3.5,1.5,6.0,tdc/Bioavailability_Ma,tdc,classification,auroc,ecfp_linear
leakage_curve,0.5,lgbm_advanced,0.019,3.5,1.5,6.0,tdc/Bioavailability_Ma,tdc,classification,auroc,ecfp_linear
leakage_curve,0.5,lgbm_basic,0.064,3.5,1.0,6.0,tdc/Bioavailability_Ma,tdc,classification,auroc,ecfp_linear
leakage_curve,0.5,torch_mlp_advanced,0.002,3.5,2.0,5.5,tdc/Bioavailability_Ma,tdc,classification,auroc,ecfp_linear
leakage_curve,0.5,torch_mlp_basic,0.004,3.5,2.0,5.512499999999989,tdc/Bioavailability_Ma,tdc,classification,auroc,ecfp_linear
leakage_curve,0.75,ecfp_linear,0.0,3.5,3.0,3.5,tdc/Bioavailability_Ma,tdc,classification,auroc,ecfp_linear
leakage_curve,0.75,ecfp_rf,0.0,3.5,3.0,3.5,tdc/Bioavailability_Ma,tdc,classification,auroc,ecfp_linear
leakage_curve,0.75,lgbm_advanced,0.0,3.5,3.0,3.5,tdc/Bioavailability_Ma,tdc,classification,auroc,ecfp_linear
leakage_curve,0.75,lgbm_basic,0.0,3.5,3.5,6.0,tdc/Bioavailability_Ma,tdc,classification,auroc,ecfp_linear
leakage_curve,0.75,torch_mlp_advanced,0.0,3.5,3.0,3.5,tdc/Bioavailability_Ma,tdc,classification,auroc,ecfp_linear
leakage_curve,0.75,torch_mlp_basic,0.0,3.5,3.0,3.5,tdc/Bioavailability_Ma,tdc,classification,auroc,ecfp_linear
leakage_curve,observed,ecfp_linear,0.037,3.5,1.0,6.0,tdc/Bioavailability_Ma,tdc,classification,auroc,ecfp_linear
leakage_curve,observed,ecfp_rf,0.04,3.5,1.0,6.0,tdc/Bioavailability_Ma,tdc,classification,auroc,ecfp_linear
leakage_curve,observed,lgbm_advanced,0.031,3.5,1.0,6.0,tdc/Bioavailability_Ma,tdc,classification,auroc,ecfp_linear
leakage_curve,observed,lgbm_basic,0.046,3.5,1.0,6.0,tdc/Bioavailability_Ma,tdc,classification,auroc,ecfp_linear
leakage_curve,observed,torch_mlp_advanced,0.001,3.5,1.5,5.5,tdc/Bioavailability_Ma,tdc,classification,auroc,ecfp_linear
leakage_curve,observed,torch_mlp_basic,0.019,3.5,1.5,5.512499999999989,tdc/Bioavailability_Ma,tdc,classification,auroc,ecfp_linear
observed_composition,observed,ecfp_linear,1.0,1.0,1.0,1.0,tdc/Bioavailability_Ma,tdc,classification,auroc,ecfp_linear
observed_composition,observed,ecfp_rf,0.0,4.0,4.0,4.0,tdc/Bioavailability_Ma,tdc,classification,auroc,ecfp_linear
observed_composition,observed,lgbm_advanced,0.0,5.0,5.0,5.0,tdc/Bioavailability_Ma,tdc,classification,auroc,ecfp_linear
observed_composition,observed,lgbm_basic,0.0,6.0,6.0,6.0,tdc/Bioavailability_Ma,tdc,classification,auroc,ecfp_linear
observed_composition,observed,torch_mlp_advanced,0.0,3.0,3.0,3.0,tdc/Bioavailability_Ma,tdc,classification,auroc,ecfp_linear
observed_composition,observed,torch_mlp_basic,0.0,2.0,2.0,2.0,tdc/Bioavailability_Ma,tdc,classification,auroc,ecfp_linear
random_matched_control,0.0,ecfp_linear,0.032,3.5,1.0,5.512499999999989,tdc/Bioavailability_Ma,tdc,classification,auroc,ecfp_linear
random_matched_control,0.0,ecfp_rf,0.043,3.5,1.0,6.0,tdc/Bioavailability_Ma,tdc,classification,auroc,ecfp_linear
random_matched_control,0.0,lgbm_advanced,0.027,3.5,1.0,6.0,tdc/Bioavailability_Ma,tdc,classification,auroc,ecfp_linear
random_matched_control,0.0,lgbm_basic,0.039,3.5,1.0,6.0,tdc/Bioavailability_Ma,tdc,classification,auroc,ecfp_linear
random_matched_control,0.0,torch_mlp_advanced,0.005,3.5,1.5,5.5,tdc/Bioavailability_Ma,tdc,classification,auroc,ecfp_linear
random_matched_control,0.0,torch_mlp_basic,0.012,3.5,1.5,5.5,tdc/Bioavailability_Ma,tdc,classification,auroc,ecfp_linear
random_matched_control,0.05,ecfp_linear,0.02,3.5,1.5,5.512499999999989,tdc/Bioavailability_Ma,tdc,classification,auroc,ecfp_linear
random_matched_control,0.05,ecfp_rf,0.041,3.5,1.0,6.0,tdc/Bioavailability_Ma,tdc,classification,auroc,ecfp_linear
random_matched_control,0.05,lgbm_advanced,0.024,3.5,1.5,6.0,tdc/Bioavailability_Ma,tdc,classification,auroc,ecfp_linear
random_matched_control,0.05,lgbm_basic,0.036,3.5,1.0,6.0,tdc/Bioavailability_Ma,tdc,classification,auroc,ecfp_linear
random_matched_control,0.05,torch_mlp_advanced,0.004,3.5,1.5,5.5,tdc/Bioavailability_Ma,tdc,classification,auroc,ecfp_linear
random_matched_control,0.05,torch_mlp_basic,0.018,3.5,1.5,5.5,tdc/Bioavailability_Ma,tdc,classification,auroc,ecfp_linear
random_matched_control,0.1,ecfp_linear,0.026,3.5,1.0,5.5,tdc/Bioavailability_Ma,tdc,classification,auroc,ecfp_linear
random_matched_control,0.1,ecfp_rf,0.034,3.5,1.0,6.0,tdc/Bioavailability_Ma,tdc,classification,auroc,ecfp_linear
random_matched_control,0.1,lgbm_advanced,0.027,3.5,1.0,6.0,tdc/Bioavailability_Ma,tdc,classification,auroc,ecfp_linear
random_matched_control,0.1,lgbm_basic,0.035,3.5,1.0,6.0,tdc/Bioavailability_Ma,tdc,classification,auroc,ecfp_linear
random_matched_control,0.1,torch_mlp_advanced,0.004,3.5,1.5,5.5,tdc/Bioavailability_Ma,tdc,classification,auroc,ecfp_linear
random_matched_control,0.1,torch_mlp_basic,0.019,3.5,1.5,5.5,tdc/Bioavailability_Ma,tdc,classification,auroc,ecfp_linear
random_matched_control,0.25,ecfp_linear,0.044,3.5,1.0,5.512499999999989,tdc/Bioavailability_Ma,tdc,classification,auroc,ecfp_linear
random_matched_control,0.25,ecfp_rf,0.036,3.5,1.0,6.0,tdc/Bioavailability_Ma,tdc,classification,auroc,ecfp_linear
random_matched_control,0.25,lgbm_advanced,0.034,3.5,1.0,6.0,tdc/Bioavailability_Ma,tdc,classification,auroc,ecfp_linear
random_matched_control,0.25,lgbm_basic,0.03,3.5,1.0,6.0,tdc/Bioavailability_Ma,tdc,classification,auroc,ecfp_linear
random_matched_control,0.25,torch_mlp_advanced,0.003,3.5,1.5,5.5,tdc/Bioavailability_Ma,tdc,classification,auroc,ecfp_linear
random_matched_control,0.25,torch_mlp_basic,0.014,3.5,1.5,5.5,tdc/Bioavailability_Ma,tdc,classification,auroc,ecfp_linear
random_matched_control,0.5,ecfp_linear,0.031,3.5,1.0,6.0,tdc/Bioavailability_Ma,tdc,classification,auroc,ecfp_linear
random_matched_control,0.5,ecfp_rf,0.043,3.5,1.0,6.0,tdc/Bioavailability_Ma,tdc,classification,auroc,ecfp_linear
random_matched_control,0.5,lgbm_advanced,0.025,3.5,1.4875000000000007,6.0,tdc/Bioavailability_Ma,tdc,classification,auroc,ecfp_linear
random_matched_control,0.5,lgbm_basic,0.03,3.5,1.0,6.0,tdc/Bioavailability_Ma,tdc,classification,auroc,ecfp_linear
random_matched_control,0.5,torch_mlp_advanced,0.003,3.5,1.5,5.5,tdc/Bioavailability_Ma,tdc,classification,auroc,ecfp_linear
random_matched_control,0.5,torch_mlp_basic,0.018,3.5,1.5,5.5,tdc/Bioavailability_Ma,tdc,classification,auroc,ecfp_linear
random_matched_control,0.75,ecfp_linear,0.035,3.5,1.0,5.5,tdc/Bioavailability_Ma,tdc,classification,auroc,ecfp_linear
random_matched_control,0.75,ecfp_rf,0.04,3.5,1.0,6.0,tdc/Bioavailability_Ma,tdc,classification,auroc,ecfp_linear
random_matched_control,0.75,lgbm_advanced,0.023,3.5,1.5,6.0,tdc/Bioavailability_Ma,tdc,classification,auroc,ecfp_linear
random_matched_control,0.75,lgbm_basic,0.034,3.5,1.0,6.0,tdc/Bioavailability_Ma,tdc,classification,auroc,ecfp_linear
random_matched_control,0.75,torch_mlp_advanced,0.004,3.5,1.5,5.5,tdc/Bioavailability_Ma,tdc,classification,auroc,ecfp_linear
random_matched_control,0.75,torch_mlp_basic,0.019,3.5,1.5,5.5,tdc/Bioavailability_Ma,tdc,classification,auroc,ecfp_linear
random_matched_control,observed,ecfp_linear,0.032,3.5,1.0,5.5,tdc/Bioavailability_Ma,tdc,classification,auroc,ecfp_linear
random_matched_control,observed,ecfp_rf,0.028,3.5,1.0,6.0,tdc/Bioavailability_Ma,tdc,classification,auroc,ecfp_linear
random_matched_control,observed,lgbm_advanced,0.024,3.5,1.5,6.0,tdc/Bioavailability_Ma,tdc,classification,auroc,ecfp_linear
random_matched_control,observed,lgbm_basic,0.035,3.5,1.0,6.0,tdc/Bioavailability_Ma,tdc,classification,auroc,ecfp_linear
random_matched_control,observed,torch_mlp_advanced,0.002,3.5,2.0,5.5,tdc/Bioavailability_Ma,tdc,classification,auroc,ecfp_linear
random_matched_control,observed,torch_mlp_basic,0.015,3.5,1.5,5.5,tdc/Bioavailability_Ma,tdc,classification,auroc,ecfp_linear
clean_reference,0.0,ecfp_linear,0.0,6.0,6.0,6.0,tdc/CYP1A2_Veith,tdc,classification,auroc,lgbm_advanced
clean_reference,0.0,ecfp_rf,0.0,3.0,3.0,3.0,tdc/CYP1A2_Veith,tdc,classification,auroc,lgbm_advanced
clean_reference,0.0,lgbm_advanced,1.0,1.0,1.0,1.0,tdc/CYP1A2_Veith,tdc,classification,auroc,lgbm_advanced
clean_reference,0.0,lgbm_basic,0.0,2.0,2.0,2.0,tdc/CYP1A2_Veith,tdc,classification,auroc,lgbm_advanced
clean_reference,0.0,torch_mlp_advanced,0.0,5.0,5.0,5.0,tdc/CYP1A2_Veith,tdc,classification,auroc,lgbm_advanced
clean_reference,0.0,torch_mlp_basic,0.0,4.0,4.0,4.0,tdc/CYP1A2_Veith,tdc,classification,auroc,lgbm_advanced
conflict_curve,0.0,ecfp_linear,0.018,3.5,1.5,6.0,tdc/CYP1A2_Veith,tdc,classification,auroc,lgbm_advanced
conflict_curve,0.0,ecfp_rf,0.024,3.5,1.5,6.0,tdc/CYP1A2_Veith,tdc,classification,auroc,lgbm_advanced
conflict_curve,0.0,lgbm_advanced,0.005,3.5,2.0,5.0,tdc/CYP1A2_Veith,tdc,classification,auroc,lgbm_advanced
conflict_curve,0.0,lgbm_basic,0.004,3.5,2.0,5.0,tdc/CYP1A2_Veith,tdc,classification,auroc,lgbm_advanced
conflict_curve,0.0,torch_mlp_advanced,0.013,3.5,1.5,6.0,tdc/CYP1A2_Veith,tdc,classification,auroc,lgbm_advanced
conflict_curve,0.0,torch_mlp_basic,0.011,3.5,1.5,6.0,tdc/CYP1A2_Veith,tdc,classification,auroc,lgbm_advanced
conflict_curve,0.05,ecfp_linear,0.012,3.5,1.5,6.0,tdc/CYP1A2_Veith,tdc,classification,auroc,lgbm_advanced
conflict_curve,0.05,ecfp_rf,0.015,3.5,1.5,6.0,tdc/CYP1A2_Veith,tdc,classification,auroc,lgbm_advanced
conflict_curve,0.05,lgbm_advanced,0.002,3.5,2.0,5.0,tdc/CYP1A2_Veith,tdc,classification,auroc,lgbm_advanced
conflict_curve,0.05,lgbm_basic,0.003,3.5,2.0,5.5,tdc/CYP1A2_Veith,tdc,classification,auroc,lgbm_advanced
conflict_curve,0.05,torch_mlp_advanced,0.012,3.5,1.5,6.0,tdc/CYP1A2_Veith,tdc,classification,auroc,lgbm_advanced
conflict_curve,0.05,torch_mlp_basic,0.011,3.5,1.9875000000000007,6.0,tdc/CYP1A2_Veith,tdc,classification,auroc,lgbm_advanced
conflict_curve,0.1,ecfp_linear,0.006,3.5,1.5,6.0,tdc/CYP1A2_Veith,tdc,classification,auroc,lgbm_advanced
conflict_curve,0.1,ecfp_rf,0.013,3.5,1.5,6.0,tdc/CYP1A2_Veith,tdc,classification,auroc,lgbm_advanced
conflict_curve,0.1,lgbm_advanced,0.002,3.5,2.0,5.0,tdc/CYP1A2_Veith,tdc,classification,auroc,lgbm_advanced
conflict_curve,0.1,lgbm_basic,0.0,3.5,2.0,5.5,tdc/CYP1A2_Veith,tdc,classification,auroc,lgbm_advanced
conflict_curve,0.1,torch_mlp_advanced,0.017,3.5,1.5,6.0,tdc/CYP1A2_Veith,tdc,classification,auroc,lgbm_advanced
conflict_curve,0.1,torch_mlp_basic,0.008,3.5,1.5,6.0,tdc/CYP1A2_Veith,tdc,classification,auroc,lgbm_advanced
conflict_curve,0.25,ecfp_linear,0.083,3.0,1.0,6.0,tdc/CYP1A2_Veith,tdc,classification,auroc,lgbm_advanced
conflict_curve,0.25,ecfp_rf,0.005,3.5,2.0,6.0,tdc/CYP1A2_Veith,tdc,classification,auroc,lgbm_advanced
conflict_curve,0.25,lgbm_advanced,0.005,3.0,1.5,5.0,tdc/CYP1A2_Veith,tdc,classification,auroc,lgbm_advanced
conflict_curve,0.25,lgbm_basic,0.017,3.0,1.5,5.0,tdc/CYP1A2_Veith,tdc,classification,auroc,lgbm_advanced
conflict_curve,0.25,torch_mlp_advanced,0.006,4.0,2.0,6.0,tdc/CYP1A2_Veith,tdc,classification,auroc,lgbm_advanced
conflict_curve,0.25,torch_mlp_basic,0.005,3.5,1.5,6.0,tdc/CYP1A2_Veith,tdc,classification,auroc,lgbm_advanced
conflict_curve,0.5,ecfp_linear,0.0,3.5,3.5,3.5,tdc/CYP1A2_Veith,tdc,classification,auroc,lgbm_advanced
conflict_curve,0.5,ecfp_rf,0.0,3.5,3.5,3.5,tdc/CYP1A2_Veith,tdc,classification,auroc,lgbm_advanced
conflict_curve,0.5,lgbm_advanced,0.0,3.5,3.5,3.5,tdc/CYP1A2_Veith,tdc,classification,auroc,lgbm_advanced
conflict_curve,0.5,lgbm_basic,0.0,3.5,3.5,3.5,tdc/CYP1A2_Veith,tdc,classification,auroc,lgbm_advanced
conflict_curve,0.5,torch_mlp_advanced,0.0,3.5,3.5,3.5,tdc/CYP1A2_Veith,tdc,classification,auroc,lgbm_advanced
conflict_curve,0.5,torch_mlp_basic,0.0,3.5,3.5,3.5,tdc/CYP1A2_Veith,tdc,classification,auroc,lgbm_advanced
conflict_curve,0.75,ecfp_linear,0.0,3.5,3.5,3.5,tdc/CYP1A2_Veith,tdc,classification,auroc,lgbm_advanced
conflict_curve,0.75,ecfp_rf,0.0,3.5,3.5,3.5,tdc/CYP1A2_Veith,tdc,classification,auroc,lgbm_advanced
conflict_curve,0.75,lgbm_advanced,0.0,3.5,3.5,3.5,tdc/CYP1A2_Veith,tdc,classification,auroc,lgbm_advanced
conflict_curve,0.75,lgbm_basic,0.0,3.5,3.5,3.5,tdc/CYP1A2_Veith,tdc,classification,auroc,lgbm_advanced
conflict_curve,0.75,torch_mlp_advanced,0.0,3.5,3.5,3.5,tdc/CYP1A2_Veith,tdc,classification,auroc,lgbm_advanced
conflict_curve,0.75,torch_mlp_basic,0.0,3.5,3.5,3.5,tdc/CYP1A2_Veith,tdc,classification,auroc,lgbm_advanced
conflict_curve,observed,ecfp_linear,0.009,3.5,1.9875000000000007,6.0,tdc/CYP1A2_Veith,tdc,classification,auroc,lgbm_advanced
conflict_curve,observed,ecfp_rf,0.017,3.5,1.5,6.0,tdc/CYP1A2_Veith,tdc,classification,auroc,lgbm_advanced
conflict_curve,observed,lgbm_advanced,0.002,3.5,2.0,5.0,tdc/CYP1A2_Veith,tdc,classification,auroc,lgbm_advanced
conflict_curve,observed,lgbm_basic,0.005,3.5,2.0,5.5,tdc/CYP1A2_Veith,tdc,classification,auroc,lgbm_advanced
conflict_curve,observed,torch_mlp_advanced,0.015,3.5,1.5,6.0,tdc/CYP1A2_Veith,tdc,classification,auroc,lgbm_advanced
conflict_curve,observed,torch_mlp_basic,0.009,3.5,1.5,6.0,tdc/CYP1A2_Veith,tdc,classification,auroc,lgbm_advanced
leakage_curve,0.0,ecfp_linear,0.0,6.0,5.0,6.0,tdc/CYP1A2_Veith,tdc,classification,auroc,lgbm_advanced
leakage_curve,0.0,ecfp_rf,0.056,3.0,1.0,5.0,tdc/CYP1A2_Veith,tdc,classification,auroc,lgbm_advanced
leakage_curve,0.0,lgbm_advanced,0.9,1.0,1.0,2.0,tdc/CYP1A2_Veith,tdc,classification,auroc,lgbm_advanced
leakage_curve,0.0,lgbm_basic,0.034,2.0,1.0,4.0,tdc/CYP1A2_Veith,tdc,classification,auroc,lgbm_advanced
leakage_curve,0.0,torch_mlp_advanced,0.003,5.0,3.0,6.0,tdc/CYP1A2_Veith,tdc,classification,auroc,lgbm_advanced
leakage_curve,0.0,torch_mlp_basic,0.006,4.0,2.0,5.0,tdc/CYP1A2_Veith,tdc,classification,auroc,lgbm_advanced
leakage_curve,0.05,ecfp_linear,0.0,6.0,5.0,6.0,tdc/CYP1A2_Veith,tdc,classification,auroc,lgbm_advanced
leakage_curve,0.05,ecfp_rf,0.092,3.0,1.0,5.0,tdc/CYP1A2_Veith,tdc,classification,auroc,lgbm_advanced
leakage_curve,0.05,lgbm_advanced,0.868,1.0,1.0,2.0,tdc/CYP1A2_Veith,tdc,classification,auroc,lgbm_advanced
leakage_curve,0.05,lgbm_basic,0.028,2.0,1.0,4.0,tdc/CYP1A2_Veith,tdc,classification,auroc,lgbm_advanced
leakage_curve,0.05,torch_mlp_advanced,0.005,5.0,2.0,6.0,tdc/CYP1A2_Veith,tdc,classification,auroc,lgbm_advanced
leakage_curve,0.05,torch_mlp_basic,0.006,4.0,2.0,5.0,tdc/CYP1A2_Veith,tdc,classification,auroc,lgbm_advanced
leakage_curve,0.1,ecfp_linear,0.001,6.0,5.0,6.0,tdc/CYP1A2_Veith,tdc,classification,auroc,lgbm_advanced
leakage_curve,0.1,ecfp_rf,0.101,3.0,1.0,5.0,tdc/CYP1A2_Veith,tdc,classification,auroc,lgbm_advanced
leakage_curve,0.1,lgbm_advanced,0.851,1.0,1.0,2.0,tdc/CYP1A2_Veith,tdc,classification,auroc,lgbm_advanced
leakage_curve,0.1,lgbm_basic,0.037,2.0,1.0,4.0,tdc/CYP1A2_Veith,tdc,classification,auroc,lgbm_advanced
leakage_curve,0.1,torch_mlp_advanced,0.003,5.0,3.0,6.0,tdc/CYP1A2_Veith,tdc,classification,auroc,lgbm_advanced
leakage_curve,0.1,torch_mlp_basic,0.006,4.0,2.0,5.0,tdc/CYP1A2_Veith,tdc,classification,auroc,lgbm_advanced
leakage_curve,0.25,ecfp_linear,0.0,6.0,6.0,6.0,tdc/CYP1A2_Veith,tdc,classification,auroc,lgbm_advanced
leakage_curve,0.25,ecfp_rf,0.142,3.0,1.0,5.0,tdc/CYP1A2_Veith,tdc,classification,auroc,lgbm_advanced
leakage_curve,0.25,lgbm_advanced,0.807,1.0,1.0,2.0,tdc/CYP1A2_Veith,tdc,classification,auroc,lgbm_advanced
leakage_curve,0.25,lgbm_basic,0.03,2.0,1.0,4.0,tdc/CYP1A2_Veith,tdc,classification,auroc,lgbm_advanced
leakage_curve,0.25,torch_mlp_advanced,0.008,5.0,2.0,5.0,tdc/CYP1A2_Veith,tdc,classification,auroc,lgbm_advanced
leakage_curve,0.25,torch_mlp_basic,0.011,4.0,2.0,5.0,tdc/CYP1A2_Veith,tdc,classification,auroc,lgbm_advanced
leakage_curve,0.5,ecfp_linear,0.0,6.0,6.0,6.0,tdc/CYP1A2_Veith,tdc,classification,auroc,lgbm_advanced
leakage_curve,0.5,ecfp_rf,0.161,3.0,1.0,5.0,tdc/CYP1A2_Veith,tdc,classification,auroc,lgbm_advanced
leakage_curve,0.5,lgbm_advanced,0.788,1.0,1.0,2.0,tdc/CYP1A2_Veith,tdc,classification,auroc,lgbm_advanced
leakage_curve,0.5,lgbm_basic,0.013,3.0,2.0,5.0,tdc/CYP1A2_Veith,tdc,classification,auroc,lgbm_advanced
leakage_curve,0.5,torch_mlp_advanced,0.027,4.0,1.0,5.0,tdc/CYP1A2_Veith,tdc,classification,auroc,lgbm_advanced
leakage_curve,0.5,torch_mlp_basic,0.01,5.0,2.0,5.0,tdc/CYP1A2_Veith,tdc,classification,auroc,lgbm_advanced
leakage_curve,0.75,ecfp_linear,0.0,6.0,6.0,6.0,tdc/CYP1A2_Veith,tdc,classification,auroc,lgbm_advanced
leakage_curve,0.75,ecfp_rf,0.062,3.0,1.0,5.0,tdc/CYP1A2_Veith,tdc,classification,auroc,lgbm_advanced
leakage_curve,0.75,lgbm_advanced,0.805,1.0,1.0,2.0,tdc/CYP1A2_Veith,tdc,classification,auroc,lgbm_advanced
leakage_curve,0.75,lgbm_basic,0.001,3.0,2.0,5.0,tdc/CYP1A2_Veith,tdc,classification,auroc,lgbm_advanced
leakage_curve,0.75,torch_mlp_advanced,0.085,4.0,1.0,5.0,tdc/CYP1A2_Veith,tdc,classification,auroc,lgbm_advanced
leakage_curve,0.75,torch_mlp_basic,0.047,4.0,1.0,5.0,tdc/CYP1A2_Veith,tdc,classification,auroc,lgbm_advanced
leakage_curve,observed,ecfp_linear,0.0,6.0,5.0,6.0,tdc/CYP1A2_Veith,tdc,classification,auroc,lgbm_advanced
leakage_curve,observed,ecfp_rf,0.081,3.0,1.0,5.0,tdc/CYP1A2_Veith,tdc,classification,auroc,lgbm_advanced
leakage_curve,observed,lgbm_advanced,0.875,1.0,1.0,2.0,tdc/CYP1A2_Veith,tdc,classification,auroc,lgbm_advanced
leakage_curve,observed,lgbm_basic,0.031,2.0,1.0,4.0,tdc/CYP1A2_Veith,tdc,classification,auroc,lgbm_advanced
leakage_curve,observed,torch_mlp_advanced,0.004,5.0,2.0,6.0,tdc/CYP1A2_Veith,tdc,classification,auroc,lgbm_advanced
leakage_curve,observed,torch_mlp_basic,0.008,4.0,2.0,5.0,tdc/CYP1A2_Veith,tdc,classification,auroc,lgbm_advanced
observed_composition,observed,ecfp_linear,0.0,6.0,6.0,6.0,tdc/CYP1A2_Veith,tdc,classification,auroc,lgbm_advanced
observed_composition,observed,ecfp_rf,0.0,3.0,3.0,3.0,tdc/CYP1A2_Veith,tdc,classification,auroc,lgbm_advanced
observed_composition,observed,lgbm_advanced,1.0,1.0,1.0,1.0,tdc/CYP1A2_Veith,tdc,classification,auroc,lgbm_advanced
observed_composition,observed,lgbm_basic,0.0,2.0,2.0,2.0,tdc/CYP1A2_Veith,tdc,classification,auroc,lgbm_advanced
observed_composition,observed,torch_mlp_advanced,0.0,5.0,5.0,5.0,tdc/CYP1A2_Veith,tdc,classification,auroc,lgbm_advanced
observed_composition,observed,torch_mlp_basic,0.0,4.0,4.0,4.0,tdc/CYP1A2_Veith,tdc,classification,auroc,lgbm_advanced
random_matched_control,0.0,ecfp_linear,0.0035,6.0,2.5,6.0,tdc/CYP1A2_Veith,tdc,classification,auroc,lgbm_advanced
random_matched_control,0.0,ecfp_rf,0.1045,3.0,1.0,5.0,tdc/CYP1A2_Veith,tdc,classification,auroc,lgbm_advanced
random_matched_control,0.0,lgbm_advanced,0.3545,2.0,1.0,4.0,tdc/CYP1A2_Veith,tdc,classification,auroc,lgbm_advanced
random_matched_control,0.0,lgbm_basic,0.044,3.0,1.0,4.512499999999932,tdc/CYP1A2_Veith,tdc,classification,auroc,lgbm_advanced
random_matched_control,0.0,torch_mlp_advanced,0.0025,4.0,2.0,5.5,tdc/CYP1A2_Veith,tdc,classification,auroc,lgbm_advanced
random_matched_control,0.0,torch_mlp_basic,0.009,4.0,2.0,5.5,tdc/CYP1A2_Veith,tdc,classification,auroc,lgbm_advanced
random_matched_control,0.05,ecfp_linear,0.005,6.0,2.5,6.0,tdc/CYP1A2_Veith,tdc,classification,auroc,lgbm_advanced
random_matched_control,0.05,ecfp_rf,0.1005,3.0,1.0,5.0,tdc/CYP1A2_Veith,tdc,classification,auroc,lgbm_advanced
random_matched_control,0.05,lgbm_advanced,0.3615,2.0,1.0,4.5,tdc/CYP1A2_Veith,tdc,classification,auroc,lgbm_advanced
random_matched_control,0.05,lgbm_basic,0.0395,3.0,1.0,4.5,tdc/CYP1A2_Veith,tdc,classification,auroc,lgbm_advanced
random_matched_control,0.05,torch_mlp_advanced,0.0075,4.0,2.0,5.5,tdc/CYP1A2_Veith,tdc,classification,auroc,lgbm_advanced
random_matched_control,0.05,torch_mlp_basic,0.009,4.0,2.0,5.5,tdc/CYP1A2_Veith,tdc,classification,auroc,lgbm_advanced
random_matched_control,0.1,ecfp_linear,0.0035,6.0,2.5,6.0,tdc/CYP1A2_Veith,tdc,classification,auroc,lgbm_advanced
random_matched_control,0.1,ecfp_rf,0.0805,3.0,1.0,5.0,tdc/CYP1A2_Veith,tdc,classification,auroc,lgbm_advanced
random_matched_control,0.1,lgbm_advanced,0.3735,2.0,1.0,4.5,tdc/CYP1A2_Veith,tdc,classification,auroc,lgbm_advanced
random_matched_control,0.1,lgbm_basic,0.041,3.0,1.0,5.0,tdc/CYP1A2_Veith,tdc,classification,auroc,lgbm_advanced
random_matched_control,0.1,torch_mlp_advanced,0.0065,4.0,2.0,5.5,tdc/CYP1A2_Veith,tdc,classification,auroc,lgbm_advanced
random_matched_control,0.1,torch_mlp_basic,0.0135,3.5,2.0,5.5,tdc/CYP1A2_Veith,tdc,classification,auroc,lgbm_advanced
random_matched_control,0.25,ecfp_linear,0.0035,6.0,2.5,6.0,tdc/CYP1A2_Veith,tdc,classification,auroc,lgbm_advanced
random_matched_control,0.25,ecfp_rf,0.091,3.0,1.0,5.0,tdc/CYP1A2_Veith,tdc,classification,auroc,lgbm_advanced
random_matched_control,0.25,lgbm_advanced,0.3605,2.5,1.0,4.5,tdc/CYP1A2_Veith,tdc,classification,auroc,lgbm_advanced
random_matched_control,0.25,lgbm_basic,0.044,3.0,1.0,4.5,tdc/CYP1A2_Veith,tdc,classification,auroc,lgbm_advanced
random_matched_control,0.25,torch_mlp_advanced,0.0055,4.0,2.0,5.5,tdc/CYP1A2_Veith,tdc,classification,auroc,lgbm_advanced
random_matched_control,0.25,torch_mlp_basic,0.0105,4.0,2.0,5.5,tdc/CYP1A2_Veith,tdc,classification,auroc,lgbm_advanced
random_matched_control,0.5,ecfp_linear,0.005,6.0,2.5,6.0,tdc/CYP1A2_Veith,tdc,classification,auroc,lgbm_advanced
random_matched_control,0.5,ecfp_rf,0.0875,3.0,1.0,5.0,tdc/CYP1A2_Veith,tdc,classification,auroc,lgbm_advanced
random_matched_control,0.5,lgbm_advanced,0.3635,2.0,1.0,4.5,tdc/CYP1A2_Veith,tdc,classification,auroc,lgbm_advanced
random_matched_control,0.5,lgbm_basic,0.046,3.0,1.0,4.5,tdc/CYP1A2_Veith,tdc,classification,auroc,lgbm_advanced
random_matched_control,0.5,torch_mlp_advanced,0.007,4.0,2.0,5.5,tdc/CYP1A2_Veith,tdc,classification,auroc,lgbm_advanced
random_matched_control,0.5,torch_mlp_basic,0.012,4.0,2.0,5.5,tdc/CYP1A2_Veith,tdc,classification,auroc,lgbm_advanced
random_matched_control,0.75,ecfp_linear,0.0055,6.0,2.5,6.0,tdc/CYP1A2_Veith,tdc,classification,auroc,lgbm_advanced
random_matched_control,0.75,ecfp_rf,0.0785,3.0,1.0,5.0,tdc/CYP1A2_Veith,tdc,classification,auroc,lgbm_advanced
random_matched_control,0.75,lgbm_advanced,0.3745,2.0,1.0,4.5,tdc/CYP1A2_Veith,tdc,classification,auroc,lgbm_advanced
random_matched_control,0.75,lgbm_basic,0.045,3.0,1.0,5.0,tdc/CYP1A2_Veith,tdc,classification,auroc,lgbm_advanced
random_matched_control,0.75,torch_mlp_advanced,0.0035,4.0,2.0,5.5,tdc/CYP1A2_Veith,tdc,classification,auroc,lgbm_advanced
random_matched_control,0.75,torch_mlp_basic,0.01,4.0,2.0,5.5,tdc/CYP1A2_Veith,tdc,classification,auroc,lgbm_advanced
random_matched_control,observed,ecfp_linear,0.004,6.0,2.5,6.0,tdc/CYP1A2_Veith,tdc,classification,auroc,lgbm_advanced
random_matched_control,observed,ecfp_rf,0.101,3.0,1.0,5.0,tdc/CYP1A2_Veith,tdc,classification,auroc,lgbm_advanced
random_matched_control,observed,lgbm_advanced,0.3535,2.0,1.0,4.0,tdc/CYP1A2_Veith,tdc,classification,auroc,lgbm_advanced
random_matched_control,observed,lgbm_basic,0.041,3.0,1.0,4.012499999999932,tdc/CYP1A2_Veith,tdc,classification,auroc,lgbm_advanced
random_matched_control,observed,torch_mlp_advanced,0.005,4.0,2.0,5.5,tdc/CYP1A2_Veith,tdc,classification,auroc,lgbm_advanced
random_matched_control,observed,torch_mlp_basic,0.0105,4.0,2.0,5.5,tdc/CYP1A2_Veith,tdc,classification,auroc,lgbm_advanced
clean_reference,0.0,ecfp_linear,0.0,6.0,6.0,6.0,tdc/CYP2C19_Veith,tdc,classification,auroc,lgbm_advanced
clean_reference,0.0,ecfp_rf,1.0,1.0,1.0,1.0,tdc/CYP2C19_Veith,tdc,classification,auroc,lgbm_advanced
clean_reference,0.0,lgbm_advanced,0.0,2.0,2.0,2.0,tdc/CYP2C19_Veith,tdc,classification,auroc,lgbm_advanced
clean_reference,0.0,lgbm_basic,0.0,3.0,3.0,3.0,tdc/CYP2C19_Veith,tdc,classification,auroc,lgbm_advanced
clean_reference,0.0,torch_mlp_advanced,0.0,4.0,4.0,4.0,tdc/CYP2C19_Veith,tdc,classification,auroc,lgbm_advanced
clean_reference,0.0,torch_mlp_basic,0.0,5.0,5.0,5.0,tdc/CYP2C19_Veith,tdc,classification,auroc,lgbm_advanced
conflict_curve,0.0,ecfp_linear,0.028,3.5,1.0,6.0,tdc/CYP2C19_Veith,tdc,classification,auroc,lgbm_advanced
conflict_curve,0.0,ecfp_rf,0.043,3.5,1.0,6.0,tdc/CYP2C19_Veith,tdc,classification,auroc,lgbm_advanced
conflict_curve,0.0,lgbm_advanced,0.013,3.5,1.5,5.5,tdc/CYP2C19_Veith,tdc,classification,auroc,lgbm_advanced
conflict_curve,0.0,lgbm_basic,0.007,3.5,1.5,5.5,tdc/CYP2C19_Veith,tdc,classification,auroc,lgbm_advanced
conflict_curve,0.0,torch_mlp_advanced,0.035,3.5,1.0,6.0,tdc/CYP2C19_Veith,tdc,classification,auroc,lgbm_advanced
conflict_curve,0.0,torch_mlp_basic,0.017,3.5,1.5,6.0,tdc/CYP2C19_Veith,tdc,classification,auroc,lgbm_advanced
conflict_curve,0.05,ecfp_linear,0.032,3.5,1.0,6.0,tdc/CYP2C19_Veith,tdc,classification,auroc,lgbm_advanced
conflict_curve,0.05,ecfp_rf,0.049,3.5,1.0,6.0,tdc/CYP2C19_Veith,tdc,classification,auroc,lgbm_advanced
conflict_curve,0.05,lgbm_advanced,0.007,3.5,1.5,5.5,tdc/CYP2C19_Veith,tdc,classification,auroc,lgbm_advanced
conflict_curve,0.05,lgbm_basic,0.004,3.5,1.5,5.5,tdc/CYP2C19_Veith,tdc,classification,auroc,lgbm_advanced
conflict_curve,0.05,torch_mlp_advanced,0.026,3.5,1.0,6.0,tdc/CYP2C19_Veith,tdc,classification,auroc,lgbm_advanced
conflict_curve,0.05,torch_mlp_basic,0.029,3.5,1.0,6.0,tdc/CYP2C19_Veith,tdc,classification,auroc,lgbm_advanced
conflict_curve,0.1,ecfp_linear,0.024,3.5,1.5,6.0,tdc/CYP2C19_Veith,tdc,classification,auroc,lgbm_advanced
conflict_curve,0.1,ecfp_rf,0.042,3.5,1.0,6.0,tdc/CYP2C19_Veith,tdc,classification,auroc,lgbm_advanced
conflict_curve,0.1,lgbm_advanced,0.01,3.5,1.5,5.5,tdc/CYP2C19_Veith,tdc,classification,auroc,lgbm_advanced
conflict_curve,0.1,lgbm_basic,0.009,3.5,1.5,5.5,tdc/CYP2C19_Veith,tdc,classification,auroc,lgbm_advanced
conflict_curve,0.1,torch_mlp_advanced,0.033,3.5,1.0,6.0,tdc/CYP2C19_Veith,tdc,classification,auroc,lgbm_advanced
conflict_curve,0.1,torch_mlp_basic,0.019,3.5,1.5,6.0,tdc/CYP2C19_Veith,tdc,classification,auroc,lgbm_advanced
conflict_curve,0.25,ecfp_linear,0.029,3.5,1.0,6.0,tdc/CYP2C19_Veith,tdc,classification,auroc,lgbm_advanced
conflict_curve,0.25,ecfp_rf,0.031,3.5,1.0,6.0,tdc/CYP2C19_Veith,tdc,classification,auroc,lgbm_advanced
conflict_curve,0.25,lgbm_advanced,0.004,3.5,1.5,5.5,tdc/CYP2C19_Veith,tdc,classification,auroc,lgbm_advanced
conflict_curve,0.25,lgbm_basic,0.015,3.5,1.5,5.5,tdc/CYP2C19_Veith,tdc,classification,auroc,lgbm_advanced
conflict_curve,0.25,torch_mlp_advanced,0.103,3.0,1.0,6.0,tdc/CYP2C19_Veith,tdc,classification,auroc,lgbm_advanced
conflict_curve,0.25,torch_mlp_basic,0.038,3.5,1.0,6.0,tdc/CYP2C19_Veith,tdc,classification,auroc,lgbm_advanced
conflict_curve,0.5,ecfp_linear,0.057,3.5,1.0,6.0,tdc/CYP2C19_Veith,tdc,classification,auroc,lgbm_advanced
conflict_curve,0.5,ecfp_rf,0.015,4.0,1.5,6.0,tdc/CYP2C19_Veith,tdc,classification,auroc,lgbm_advanced
conflict_curve,0.5,lgbm_advanced,0.003,3.0,1.5,5.0,tdc/CYP2C19_Veith,tdc,classification,auroc,lgbm_advanced
conflict_curve,0.5,lgbm_basic,0.04,3.0,1.0,5.0,tdc/CYP2C19_Veith,tdc,classification,auroc,lgbm_advanced
conflict_curve,0.5,torch_mlp_advanced,0.044,3.5,1.0,6.0,tdc/CYP2C19_Veith,tdc,classification,auroc,lgbm_advanced
conflict_curve,0.5,torch_mlp_basic,0.032,3.5,1.0,6.0,tdc/CYP2C19_Veith,tdc,classification,auroc,lgbm_advanced
conflict_curve,0.75,ecfp_linear,0.025,3.0,1.4875000000000007,5.0,tdc/CYP2C19_Veith,tdc,classification,auroc,lgbm_advanced
conflict_curve,0.75,ecfp_rf,0.0,3.5,2.5,6.0,tdc/CYP2C19_Veith,tdc,classification,auroc,lgbm_advanced
conflict_curve,0.75,lgbm_advanced,0.0,3.0,1.5,4.5,tdc/CYP2C19_Veith,tdc,classification,auroc,lgbm_advanced
conflict_curve,0.75,lgbm_basic,0.026,3.0,1.0,4.0,tdc/CYP2C19_Veith,tdc,classification,auroc,lgbm_advanced
conflict_curve,0.75,torch_mlp_advanced,0.0,4.5,2.5,6.0,tdc/CYP2C19_Veith,tdc,classification,auroc,lgbm_advanced
conflict_curve,0.75,torch_mlp_basic,0.0,3.5,2.5,6.0,tdc/CYP2C19_Veith,tdc,classification,auroc,lgbm_advanced
conflict_curve,observed,ecfp_linear,0.034,3.5,1.0,6.0,tdc/CYP2C19_Veith,tdc,classification,auroc,lgbm_advanced
conflict_curve,observed,ecfp_rf,0.05,3.5,1.0,6.0,tdc/CYP2C19_Veith,tdc,classification,auroc,lgbm_advanced
conflict_curve,observed,lgbm_advanced,0.005,3.5,1.5,5.5,tdc/CYP2C19_Veith,tdc,classification,auroc,lgbm_advanced
conflict_curve,observed,lgbm_basic,0.004,3.5,1.5,5.5,tdc/CYP2C19_Veith,tdc,classification,auroc,lgbm_advanced
conflict_curve,observed,torch_mlp_advanced,0.022,3.5,1.5,6.0,tdc/CYP2C19_Veith,tdc,classification,auroc,lgbm_advanced
conflict_curve,observed,torch_mlp_basic,0.029,3.5,1.0,6.0,tdc/CYP2C19_Veith,tdc,classification,auroc,lgbm_advanced
leakage_curve,0.0,ecfp_linear,0.0,6.0,5.0,6.0,tdc/CYP2C19_Veith,tdc,classification,auroc,lgbm_advanced
leakage_curve,0.0,ecfp_rf,0.547,1.0,1.0,4.0,tdc/CYP2C19_Veith,tdc,classification,auroc,lgbm_advanced
leakage_curve,0.0,lgbm_advanced,0.303,2.0,1.0,3.0,tdc/CYP2C19_Veith,tdc,classification,auroc,lgbm_advanced
leakage_curve,0.0,lgbm_basic,0.13,3.0,1.0,4.0,tdc/CYP2C19_Veith,tdc,classification,auroc,lgbm_advanced
leakage_curve,0.0,torch_mlp_advanced,0.014,4.0,2.0,5.0,tdc/CYP2C19_Veith,tdc,classification,auroc,lgbm_advanced
leakage_curve,0.0,torch_mlp_basic,0.006,5.0,3.0,5.0,tdc/CYP2C19_Veith,tdc,classification,auroc,lgbm_advanced
leakage_curve,0.05,ecfp_linear,0.0,6.0,5.0,6.0,tdc/CYP2C19_Veith,tdc,classification,auroc,lgbm_advanced
leakage_curve,0.05,ecfp_rf,0.49,2.0,1.0,4.0,tdc/CYP2C19_Veith,tdc,classification,auroc,lgbm_advanced
leakage_curve,0.05,lgbm_advanced,0.335,2.0,1.0,3.0,tdc/CYP2C19_Veith,tdc,classification,auroc,lgbm_advanced
leakage_curve,0.05,lgbm_basic,0.149,2.0,1.0,4.0,tdc/CYP2C19_Veith,tdc,classification,auroc,lgbm_advanced
leakage_curve,0.05,torch_mlp_advanced,0.019,4.0,2.0,5.0,tdc/CYP2C19_Veith,tdc,classification,auroc,lgbm_advanced
leakage_curve,0.05,torch_mlp_basic,0.007,5.0,3.0,5.0,tdc/CYP2C19_Veith,tdc,classification,auroc,lgbm_advanced
leakage_curve,0.1,ecfp_linear,0.0,6.0,5.0,6.0,tdc/CYP2C19_Veith,tdc,classification,auroc,lgbm_advanced
leakage_curve,0.1,ecfp_rf,0.468,2.0,1.0,4.0,tdc/CYP2C19_Veith,tdc,classification,auroc,lgbm_advanced
leakage_curve,0.1,lgbm_advanced,0.35,2.0,1.0,3.0,tdc/CYP2C19_Veith,tdc,classification,auroc,lgbm_advanced
leakage_curve,0.1,lgbm_basic,0.163,2.0,1.0,4.0,tdc/CYP2C19_Veith,tdc,classification,auroc,lgbm_advanced
leakage_curve,0.1,torch_mlp_advanced,0.012,4.0,2.0,5.0,tdc/CYP2C19_Veith,tdc,classification,auroc,lgbm_advanced
leakage_curve,0.1,torch_mlp_basic,0.007,5.0,3.0,5.0,tdc/CYP2C19_Veith,tdc,classification,auroc,lgbm_advanced
leakage_curve,0.25,ecfp_linear,0.0,6.0,5.0,6.0,tdc/CYP2C19_Veith,tdc,classification,auroc,lgbm_advanced
leakage_curve,0.25,ecfp_rf,0.351,2.0,1.0,4.0,tdc/CYP2C19_Veith,tdc,classification,auroc,lgbm_advanced
leakage_curve,0.25,lgbm_advanced,0.418,2.0,1.0,3.0,tdc/CYP2C19_Veith,tdc,classification,auroc,lgbm_advanced
leakage_curve,0.25,lgbm_basic,0.214,2.0,1.0,4.0,tdc/CYP2C19_Veith,tdc,classification,auroc,lgbm_advanced
leakage_curve,0.25,torch_mlp_advanced,0.006,4.0,3.0,6.0,tdc/CYP2C19_Veith,tdc,classification,auroc,lgbm_advanced
leakage_curve,0.25,torch_mlp_basic,0.01,4.0,2.0,6.0,tdc/CYP2C19_Veith,tdc,classification,auroc,lgbm_advanced
leakage_curve,0.5,ecfp_linear,0.0,6.0,4.0,6.0,tdc/CYP2C19_Veith,tdc,classification,auroc,lgbm_advanced
leakage_curve,0.5,ecfp_rf,0.144,3.0,1.0,4.0,tdc/CYP2C19_Veith,tdc,classification,auroc,lgbm_advanced
leakage_curve,0.5,lgbm_advanced,0.65,1.0,1.0,3.0,tdc/CYP2C19_Veith,tdc,classification,auroc,lgbm_advanced
leakage_curve,0.5,lgbm_basic,0.191,2.0,1.0,4.0,tdc/CYP2C19_Veith,tdc,classification,auroc,lgbm_advanced
leakage_curve,0.5,torch_mlp_advanced,0.005,5.0,3.0,6.0,tdc/CYP2C19_Veith,tdc,classification,auroc,lgbm_advanced
leakage_curve,0.5,torch_mlp_basic,0.007,4.0,3.0,6.0,tdc/CYP2C19_Veith,tdc,classification,auroc,lgbm_advanced
leakage_curve,0.75,ecfp_linear,0.0,6.0,4.0,6.0,tdc/CYP2C19_Veith,tdc,classification,auroc,lgbm_advanced
leakage_curve,0.75,ecfp_rf,0.019,3.0,2.0,4.0,tdc/CYP2C19_Veith,tdc,classification,auroc,lgbm_advanced
leakage_curve,0.75,lgbm_advanced,0.916,1.0,1.0,2.0,tdc/CYP2C19_Veith,tdc,classification,auroc,lgbm_advanced
leakage_curve,0.75,lgbm_basic,0.063,2.0,1.0,3.0,tdc/CYP2C19_Veith,tdc,classification,auroc,lgbm_advanced
leakage_curve,0.75,torch_mlp_advanced,0.0,5.0,3.0,6.0,tdc/CYP2C19_Veith,tdc,classification,auroc,lgbm_advanced
leakage_curve,0.75,torch_mlp_basic,0.0,4.0,3.0,6.0,tdc/CYP2C19_Veith,tdc,classification,auroc,lgbm_advanced
leakage_curve,observed,ecfp_linear,0.0,6.0,5.0,6.0,tdc/CYP2C19_Veith,tdc,classification,auroc,lgbm_advanced
leakage_curve,observed,ecfp_rf,0.436,2.0,1.0,4.0,tdc/CYP2C19_Veith,tdc,classification,auroc,lgbm_advanced
leakage_curve,observed,lgbm_advanced,0.364,2.0,1.0,3.0,tdc/CYP2C19_Veith,tdc,classification,auroc,lgbm_advanced
leakage_curve,observed,lgbm_basic,0.173,2.0,1.0,4.0,tdc/CYP2C19_Veith,tdc,classification,auroc,lgbm_advanced
leakage_curve,observed,torch_mlp_advanced,0.014,4.0,2.0,5.0,tdc/CYP2C19_Veith,tdc,classification,auroc,lgbm_advanced
leakage_curve,observed,torch_mlp_basic,0.012,5.0,2.9750000000000014,5.0,tdc/CYP2C19_Veith,tdc,classification,auroc,lgbm_advanced
observed_composition,observed,ecfp_linear,0.0,6.0,6.0,6.0,tdc/CYP2C19_Veith,tdc,classification,auroc,lgbm_advanced
observed_composition,observed,ecfp_rf,0.0,2.0,2.0,2.0,tdc/CYP2C19_Veith,tdc,classification,auroc,lgbm_advanced
observed_composition,observed,lgbm_advanced,1.0,1.0,1.0,1.0,tdc/CYP2C19_Veith,tdc,classification,auroc,lgbm_advanced
observed_composition,observed,lgbm_basic,0.0,3.0,3.0,3.0,tdc/CYP2C19_Veith,tdc,classification,auroc,lgbm_advanced
observed_composition,observed,torch_mlp_advanced,0.0,5.0,5.0,5.0,tdc/CYP2C19_Veith,tdc,classification,auroc,lgbm_advanced
observed_composition,observed,torch_mlp_basic,0.0,4.0,4.0,4.0,tdc/CYP2C19_Veith,tdc,classification,auroc,lgbm_advanced
random_matched_control,0.0,ecfp_linear,0.007,6.0,2.0,6.0,tdc/CYP2C19_Veith,tdc,classification,auroc,lgbm_advanced
random_matched_control,0.0,ecfp_rf,0.174,3.0,1.0,5.5,tdc/CYP2C19_Veith,tdc,classification,auroc,lgbm_advanced
random_matched_control,0.0,lgbm_advanced,0.297,2.0,1.0,5.0,tdc/CYP2C19_Veith,tdc,classification,auroc,lgbm_advanced
random_matched_control,0.0,lgbm_basic,0.048,3.0,1.0,5.0,tdc/CYP2C19_Veith,tdc,classification,auroc,lgbm_advanced
random_matched_control,0.0,torch_mlp_advanced,0.014,4.0,1.5,6.0,tdc/CYP2C19_Veith,tdc,classification,auroc,lgbm_advanced
random_matched_control,0.0,torch_mlp_basic,0.0075,4.0,1.5,6.0,tdc/CYP2C19_Veith,tdc,classification,auroc,lgbm_advanced
random_matched_control,0.05,ecfp_linear,0.0155,6.0,1.5,6.0,tdc/CYP2C19_Veith,tdc,classification,auroc,lgbm_advanced
random_matched_control,0.05,ecfp_rf,0.1715,3.0,1.0,5.5,tdc/CYP2C19_Veith,tdc,classification,auroc,lgbm_advanced
random_matched_control,0.05,lgbm_advanced,0.3025,2.0,1.0,5.0,tdc/CYP2C19_Veith,tdc,classification,auroc,lgbm_advanced
random_matched_control,0.05,lgbm_basic,0.05,3.0,1.0,5.0,tdc/CYP2C19_Veith,tdc,classification,auroc,lgbm_advanced
random_matched_control,0.05,torch_mlp_advanced,0.01,4.0,1.5,6.0,tdc/CYP2C19_Veith,tdc,classification,auroc,lgbm_advanced
random_matched_control,0.05,torch_mlp_basic,0.0105,4.0,1.5,6.0,tdc/CYP2C19_Veith,tdc,classification,auroc,lgbm_advanced
random_matched_control,0.1,ecfp_linear,0.013,6.0,2.0,6.0,tdc/CYP2C19_Veith,tdc,classification,auroc,lgbm_advanced
random_matched_control,0.1,ecfp_rf,0.1615,3.0,1.0,6.0,tdc/CYP2C19_Veith,tdc,classification,auroc,lgbm_advanced
random_matched_control,0.1,lgbm_advanced,0.3015,2.0,1.0,5.0,tdc/CYP2C19_Veith,tdc,classification,auroc,lgbm_advanced
random_matched_control,0.1,lgbm_basic,0.0605,3.0,1.0,5.0,tdc/CYP2C19_Veith,tdc,classification,auroc,lgbm_advanced
random_matched_control,0.1,torch_mlp_advanced,0.016,4.0,1.5,6.0,tdc/CYP2C19_Veith,tdc,classification,auroc,lgbm_advanced
random_matched_control,0.1,torch_mlp_basic,0.0105,4.0,1.5,6.0,tdc/CYP2C19_Veith,tdc,classification,auroc,lgbm_advanced
random_matched_control,0.25,ecfp_linear,0.0125,6.0,2.0,6.0,tdc/CYP2C19_Veith,tdc,classification,auroc,lgbm_advanced
random_matched_control,0.25,ecfp_rf,0.158,3.0,1.0,5.5,tdc/CYP2C19_Veith,tdc,classification,auroc,lgbm_advanced
random_matched_control,0.25,lgbm_advanced,0.3045,2.0,1.0,5.0,tdc/CYP2C19_Veith,tdc,classification,auroc,lgbm_advanced
random_matched_control,0.25,lgbm_basic,0.049,3.0,1.0,5.0,tdc/CYP2C19_Veith,tdc,classification,auroc,lgbm_advanced
random_matched_control,0.25,torch_mlp_advanced,0.015,4.0,1.5,6.0,tdc/CYP2C19_Veith,tdc,classification,auroc,lgbm_advanced
random_matched_control,0.25,torch_mlp_basic,0.0125,4.0,1.5,6.0,tdc/CYP2C19_Veith,tdc,classification,auroc,lgbm_advanced
random_matched_control,0.5,ecfp_linear,0.0085,6.0,2.0,6.0,tdc/CYP2C19_Veith,tdc,classification,auroc,lgbm_advanced
random_matched_control,0.5,ecfp_rf,0.178,3.0,1.0,5.5,tdc/CYP2C19_Veith,tdc,classification,auroc,lgbm_advanced
random_matched_control,0.5,lgbm_advanced,0.298,2.0,1.0,4.5,tdc/CYP2C19_Veith,tdc,classification,auroc,lgbm_advanced
random_matched_control,0.5,lgbm_basic,0.043,3.0,1.0,5.0,tdc/CYP2C19_Veith,tdc,classification,auroc,lgbm_advanced
random_matched_control,0.5,torch_mlp_advanced,0.01,4.0,1.5,6.0,tdc/CYP2C19_Veith,tdc,classification,auroc,lgbm_advanced
random_matched_control,0.5,torch_mlp_basic,0.008,4.0,1.5,6.0,tdc/CYP2C19_Veith,tdc,classification,auroc,lgbm_advanced
random_matched_control,0.75,ecfp_linear,0.0075,6.0,2.0,6.0,tdc/CYP2C19_Veith,tdc,classification,auroc,lgbm_advanced
random_matched_control,0.75,ecfp_rf,0.16,3.0,1.0,5.5,tdc/CYP2C19_Veith,tdc,classification,auroc,lgbm_advanced
random_matched_control,0.75,lgbm_advanced,0.308,2.0,1.0,5.0,tdc/CYP2C19_Veith,tdc,classification,auroc,lgbm_advanced
random_matched_control,0.75,lgbm_basic,0.054,3.0,1.0,5.0,tdc/CYP2C19_Veith,tdc,classification,auroc,lgbm_advanced
random_matched_control,0.75,torch_mlp_advanced,0.0095,4.0,1.9875000000000007,6.0,tdc/CYP2C19_Veith,tdc,classification,auroc,lgbm_advanced
random_matched_control,0.75,torch_mlp_basic,0.012,4.0,1.5,6.0,tdc/CYP2C19_Veith,tdc,classification,auroc,lgbm_advanced
random_matched_control,observed,ecfp_linear,0.011,6.0,2.0,6.0,tdc/CYP2C19_Veith,tdc,classification,auroc,lgbm_advanced
random_matched_control,observed,ecfp_rf,0.1635,3.0,1.0,5.5,tdc/CYP2C19_Veith,tdc,classification,auroc,lgbm_advanced
random_matched_control,observed,lgbm_advanced,0.2955,2.0,1.0,5.0,tdc/CYP2C19_Veith,tdc,classification,auroc,lgbm_advanced
random_matched_control,observed,lgbm_basic,0.059,3.0,1.0,5.0,tdc/CYP2C19_Veith,tdc,classification,auroc,lgbm_advanced
random_matched_control,observed,torch_mlp_advanced,0.0095,4.0,2.0,6.0,tdc/CYP2C19_Veith,tdc,classification,auroc,lgbm_advanced
random_matched_control,observed,torch_mlp_basic,0.012,4.0,1.5,6.0,tdc/CYP2C19_Veith,tdc,classification,auroc,lgbm_advanced
clean_reference,0.0,ecfp_linear,0.0,5.0,5.0,5.0,tdc/CYP2C9_Substrate_CarbonMangels,tdc,classification,auroc,lgbm_basic
clean_reference,0.0,ecfp_rf,0.0,3.0,3.0,3.0,tdc/CYP2C9_Substrate_CarbonMangels,tdc,classification,auroc,lgbm_basic
clean_reference,0.0,lgbm_advanced,0.0,2.0,2.0,2.0,tdc/CYP2C9_Substrate_CarbonMangels,tdc,classification,auroc,lgbm_basic
clean_reference,0.0,lgbm_basic,1.0,1.0,1.0,1.0,tdc/CYP2C9_Substrate_CarbonMangels,tdc,classification,auroc,lgbm_basic
clean_reference,0.0,torch_mlp_advanced,0.0,6.0,6.0,6.0,tdc/CYP2C9_Substrate_CarbonMangels,tdc,classification,auroc,lgbm_basic
clean_reference,0.0,torch_mlp_basic,0.0,4.0,4.0,4.0,tdc/CYP2C9_Substrate_CarbonMangels,tdc,classification,auroc,lgbm_basic
leakage_curve,0.0,ecfp_linear,0.013,4.0,1.5,6.0,tdc/CYP2C9_Substrate_CarbonMangels,tdc,classification,auroc,lgbm_basic
leakage_curve,0.0,ecfp_rf,0.113,3.0,1.0,6.0,tdc/CYP2C9_Substrate_CarbonMangels,tdc,classification,auroc,lgbm_basic
leakage_curve,0.0,lgbm_advanced,0.078,3.0,1.0,6.0,tdc/CYP2C9_Substrate_CarbonMangels,tdc,classification,auroc,lgbm_basic
leakage_curve,0.0,lgbm_basic,0.092,2.5,1.0,6.0,tdc/CYP2C9_Substrate_CarbonMangels,tdc,classification,auroc,lgbm_basic
leakage_curve,0.0,torch_mlp_advanced,0.0,4.5,2.0,6.0,tdc/CYP2C9_Substrate_CarbonMangels,tdc,classification,auroc,lgbm_basic
leakage_curve,0.0,torch_mlp_basic,0.021,3.5,1.5,6.0,tdc/CYP2C9_Substrate_CarbonMangels,tdc,classification,auroc,lgbm_basic
leakage_curve,0.05,ecfp_linear,0.015,4.0,1.5,6.0,tdc/CYP2C9_Substrate_CarbonMangels,tdc,classification,auroc,lgbm_basic
leakage_curve,0.05,ecfp_rf,0.117,3.0,1.0,6.0,tdc/CYP2C9_Substrate_CarbonMangels,tdc,classification,auroc,lgbm_basic
leakage_curve,0.05,lgbm_advanced,0.061,3.0,1.0,6.0,tdc/CYP2C9_Substrate_CarbonMangels,tdc,classification,auroc,lgbm_basic
leakage_curve,0.05,lgbm_basic,0.097,2.5,1.0,6.0,tdc/CYP2C9_Substrate_CarbonMangels,tdc,classification,auroc,lgbm_basic
leakage_curve,0.05,torch_mlp_advanced,0.001,4.0,2.0,5.5,tdc/CYP2C9_Substrate_CarbonMangels,tdc,classification,auroc,lgbm_basic
leakage_curve,0.05,torch_mlp_basic,0.025,3.5,1.4875000000000007,6.0,tdc/CYP2C9_Substrate_CarbonMangels,tdc,classification,auroc,lgbm_basic
leakage_curve,0.1,ecfp_linear,0.013,4.0,1.5,6.0,tdc/CYP2C9_Substrate_CarbonMangels,tdc,classification,auroc,lgbm_basic
leakage_curve,0.1,ecfp_rf,0.135,3.0,1.0,6.0,tdc/CYP2C9_Substrate_CarbonMangels,tdc,classification,auroc,lgbm_basic
leakage_curve,0.1,lgbm_advanced,0.068,3.0,1.0,6.0,tdc/CYP2C9_Substrate_CarbonMangels,tdc,classification,auroc,lgbm_basic
leakage_curve,0.1,lgbm_basic,0.078,2.5,1.0,6.0,tdc/CYP2C9_Substrate_CarbonMangels,tdc,classification,auroc,lgbm_basic
leakage_curve,0.1,torch_mlp_advanced,0.0,4.0,2.0,5.5,tdc/CYP2C9_Substrate_CarbonMangels,tdc,classification,auroc,lgbm_basic
leakage_curve,0.1,torch_mlp_basic,0.019,3.5,1.5,6.0,tdc/CYP2C9_Substrate_CarbonMangels,tdc,classification,auroc,lgbm_basic
leakage_curve,0.25,ecfp_linear,0.006,3.5,2.0,6.0,tdc/CYP2C9_Substrate_CarbonMangels,tdc,classification,auroc,lgbm_basic
leakage_curve,0.25,ecfp_rf,0.117,3.0,1.0,6.0,tdc/CYP2C9_Substrate_CarbonMangels,tdc,classification,auroc,lgbm_basic
leakage_curve,0.25,lgbm_advanced,0.077,3.0,1.0,6.0,tdc/CYP2C9_Substrate_CarbonMangels,tdc,classification,auroc,lgbm_basic
leakage_curve,0.25,lgbm_basic,0.051,3.0,1.0,6.0,tdc/CYP2C9_Substrate_CarbonMangels,tdc,classification,auroc,lgbm_basic
leakage_curve,0.25,torch_mlp_advanced,0.0,4.0,2.0,6.0,tdc/CYP2C9_Substrate_CarbonMangels,tdc,classification,auroc,lgbm_basic
leakage_curve,0.25,torch_mlp_basic,0.016,3.5,1.5,5.5,tdc/CYP2C9_Substrate_CarbonMangels,tdc,classification,auroc,lgbm_basic
leakage_curve,0.5,ecfp_linear,0.127,3.0,1.0,6.0,tdc/CYP2C9_Substrate_CarbonMangels,tdc,classification,auroc,lgbm_basic
leakage_curve,0.5,ecfp_rf,0.43,2.0,1.0,6.0,tdc/CYP2C9_Substrate_CarbonMangels,tdc,classification,auroc,lgbm_basic
leakage_curve,0.5,lgbm_advanced,0.034,4.5,1.0,6.0,tdc/CYP2C9_Substrate_CarbonMangels,tdc,classification,auroc,lgbm_basic
leakage_curve,0.5,lgbm_basic,0.018,4.5,1.5,6.0,tdc/CYP2C9_Substrate_CarbonMangels,tdc,classification,auroc,lgbm_basic
leakage_curve,0.5,torch_mlp_advanced,0.005,3.5,1.5,5.5,tdc/CYP2C9_Substrate_CarbonMangels,tdc,classification,auroc,lgbm_basic
leakage_curve,0.5,torch_mlp_basic,0.015,3.5,1.5,6.0,tdc/CYP2C9_Substrate_CarbonMangels,tdc,classification,auroc,lgbm_basic
leakage_curve,0.75,ecfp_linear,0.169,2.5,1.0,4.0,tdc/CYP2C9_Substrate_CarbonMangels,tdc,classification,auroc,lgbm_basic
leakage_curve,0.75,ecfp_rf,0.497,2.0,1.0,5.0,tdc/CYP2C9_Substrate_CarbonMangels,tdc,classification,auroc,lgbm_basic
leakage_curve,0.75,lgbm_advanced,0.001,5.5,3.5,6.0,tdc/CYP2C9_Substrate_CarbonMangels,tdc,classification,auroc,lgbm_basic
leakage_curve,0.75,lgbm_basic,0.001,5.5,3.0,6.0,tdc/CYP2C9_Substrate_CarbonMangels,tdc,classification,auroc,lgbm_basic
leakage_curve,0.75,torch_mlp_advanced,0.001,3.0,1.5,4.5,tdc/CYP2C9_Substrate_CarbonMangels,tdc,classification,auroc,lgbm_basic
leakage_curve,0.75,torch_mlp_basic,0.0,3.0,2.0,5.0,tdc/CYP2C9_Substrate_CarbonMangels,tdc,classification,auroc,lgbm_basic
leakage_curve,observed,ecfp_linear,0.012,4.0,1.5,6.0,tdc/CYP2C9_Substrate_CarbonMangels,tdc,classification,auroc,lgbm_basic
leakage_curve,observed,ecfp_rf,0.118,3.0,1.0,6.0,tdc/CYP2C9_Substrate_CarbonMangels,tdc,classification,auroc,lgbm_basic
leakage_curve,observed,lgbm_advanced,0.07,3.0,1.0,6.0,tdc/CYP2C9_Substrate_CarbonMangels,tdc,classification,auroc,lgbm_basic
leakage_curve,observed,lgbm_basic,0.086,2.5,1.0,6.0,tdc/CYP2C9_Substrate_CarbonMangels,tdc,classification,auroc,lgbm_basic
leakage_curve,observed,torch_mlp_advanced,0.002,4.5,2.0,6.0,tdc/CYP2C9_Substrate_CarbonMangels,tdc,classification,auroc,lgbm_basic
leakage_curve,observed,torch_mlp_basic,0.015,3.5,1.5,6.0,tdc/CYP2C9_Substrate_CarbonMangels,tdc,classification,auroc,lgbm_basic
observed_composition,observed,ecfp_linear,0.0,5.0,5.0,5.0,tdc/CYP2C9_Substrate_CarbonMangels,tdc,classification,auroc,lgbm_basic
observed_composition,observed,ecfp_rf,0.0,3.0,3.0,3.0,tdc/CYP2C9_Substrate_CarbonMangels,tdc,classification,auroc,lgbm_basic
observed_composition,observed,lgbm_advanced,0.0,2.0,2.0,2.0,tdc/CYP2C9_Substrate_CarbonMangels,tdc,classification,auroc,lgbm_basic
observed_composition,observed,lgbm_basic,1.0,1.0,1.0,1.0,tdc/CYP2C9_Substrate_CarbonMangels,tdc,classification,auroc,lgbm_basic
observed_composition,observed,torch_mlp_advanced,0.0,6.0,6.0,6.0,tdc/CYP2C9_Substrate_CarbonMangels,tdc,classification,auroc,lgbm_basic
observed_composition,observed,torch_mlp_basic,0.0,4.0,4.0,4.0,tdc/CYP2C9_Substrate_CarbonMangels,tdc,classification,auroc,lgbm_basic
random_matched_control,0.0,ecfp_linear,0.019,3.5,1.5,6.0,tdc/CYP2C9_Substrate_CarbonMangels,tdc,classification,auroc,lgbm_basic
random_matched_control,0.0,ecfp_rf,0.112,3.5,1.0,6.0,tdc/CYP2C9_Substrate_CarbonMangels,tdc,classification,auroc,lgbm_basic
random_matched_control,0.0,lgbm_advanced,0.063,3.0,1.0,6.0,tdc/CYP2C9_Substrate_CarbonMangels,tdc,classification,auroc,lgbm_basic
random_matched_control,0.0,lgbm_basic,0.065,3.0,1.0,6.0,tdc/CYP2C9_Substrate_CarbonMangels,tdc,classification,auroc,lgbm_basic
random_matched_control,0.0,torch_mlp_advanced,0.003,4.0,2.0,5.5,tdc/CYP2C9_Substrate_CarbonMangels,tdc,classification,auroc,lgbm_basic
random_matched_control,0.0,torch_mlp_basic,0.052,3.5,1.0,5.5,tdc/CYP2C9_Substrate_CarbonMangels,tdc,classification,auroc,lgbm_basic
random_matched_control,0.05,ecfp_linear,0.016,3.5,1.5,6.0,tdc/CYP2C9_Substrate_CarbonMangels,tdc,classification,auroc,lgbm_basic
random_matched_control,0.05,ecfp_rf,0.083,3.5,1.0,6.0,tdc/CYP2C9_Substrate_CarbonMangels,tdc,classification,auroc,lgbm_basic
random_matched_control,0.05,lgbm_advanced,0.072,3.0,1.0,6.0,tdc/CYP2C9_Substrate_CarbonMangels,tdc,classification,auroc,lgbm_basic
random_matched_control,0.05,lgbm_basic,0.057,3.0,1.0,6.0,tdc/CYP2C9_Substrate_CarbonMangels,tdc,classification,auroc,lgbm_basic
random_matched_control,0.05,torch_mlp_advanced,0.003,3.5,1.5,6.0,tdc/CYP2C9_Substrate_CarbonMangels,tdc,classification,auroc,lgbm_basic
random_matched_control,0.05,torch_mlp_basic,0.053,3.5,1.0,5.5,tdc/CYP2C9_Substrate_CarbonMangels,tdc,classification,auroc,lgbm_basic
random_matched_control,0.1,ecfp_linear,0.019,3.5,1.5,6.0,tdc/CYP2C9_Substrate_CarbonMangels,tdc,classification,auroc,lgbm_basic
random_matched_control,0.1,ecfp_rf,0.102,3.5,1.0,6.0,tdc/CYP2C9_Substrate_CarbonMangels,tdc,classification,auroc,lgbm_basic
random_matched_control,0.1,lgbm_advanced,0.074,3.0,1.0,6.0,tdc/CYP2C9_Substrate_CarbonMangels,tdc,classification,auroc,lgbm_basic
random_matched_control,0.1,lgbm_basic,0.074,3.0,1.0,6.0,tdc/CYP2C9_Substrate_CarbonMangels,tdc,classification,auroc,lgbm_basic
random_matched_control,0.1,torch_mlp_advanced,0.0,4.0,1.5,6.0,tdc/CYP2C9_Substrate_CarbonMangels,tdc,classification,auroc,lgbm_basic
random_matched_control,0.1,torch_mlp_basic,0.045,3.5,1.0,5.512499999999989,tdc/CYP2C9_Substrate_CarbonMangels,tdc,classification,auroc,lgbm_basic
random_matched_control,0.25,ecfp_linear,0.013,3.5,1.5,6.0,tdc/CYP2C9_Substrate_CarbonMangels,tdc,classification,auroc,lgbm_basic
random_matched_control,0.25,ecfp_rf,0.11,3.5,1.0,6.0,tdc/CYP2C9_Substrate_CarbonMangels,tdc,classification,auroc,lgbm_basic
random_matched_control,0.25,lgbm_advanced,0.079,3.0,1.0,6.0,tdc/CYP2C9_Substrate_CarbonMangels,tdc,classification,auroc,lgbm_basic
random_matched_control,0.25,lgbm_basic,0.074,3.0,1.0,6.0,tdc/CYP2C9_Substrate_CarbonMangels,tdc,classification,auroc,lgbm_basic
random_matched_control,0.25,torch_mlp_advanced,0.002,4.0,1.5,5.512499999999989,tdc/CYP2C9_Substrate_CarbonMangels,tdc,classification,auroc,lgbm_basic
random_matched_control,0.25,torch_mlp_basic,0.047,3.5,1.0,5.5,tdc/CYP2C9_Substrate_CarbonMangels,tdc,classification,auroc,lgbm_basic
random_matched_control,0.5,ecfp_linear,0.011,3.5,1.5,6.0,tdc/CYP2C9_Substrate_CarbonMangels,tdc,classification,auroc,lgbm_basic
random_matched_control,0.5,ecfp_rf,0.087,3.5,1.0,6.0,tdc/CYP2C9_Substrate_CarbonMangels,tdc,classification,auroc,lgbm_basic
random_matched_control,0.5,lgbm_advanced,0.073,3.0,1.0,6.0,tdc/CYP2C9_Substrate_CarbonMangels,tdc,classification,auroc,lgbm_basic
random_matched_control,0.5,lgbm_basic,0.074,3.0,1.0,6.0,tdc/CYP2C9_Substrate_CarbonMangels,tdc,classification,auroc,lgbm_basic
random_matched_control,0.5,torch_mlp_advanced,0.001,4.0,1.5,6.0,tdc/CYP2C9_Substrate_CarbonMangels,tdc,classification,auroc,lgbm_basic
random_matched_control,0.5,torch_mlp_basic,0.055,3.5,1.0,5.512499999999989,tdc/CYP2C9_Substrate_CarbonMangels,tdc,classification,auroc,lgbm_basic
random_matched_control,0.75,ecfp_linear,0.02,4.0,1.5,6.0,tdc/CYP2C9_Substrate_CarbonMangels,tdc,classification,auroc,lgbm_basic
random_matched_control,0.75,ecfp_rf,0.086,3.5,1.0,6.0,tdc/CYP2C9_Substrate_CarbonMangels,tdc,classification,auroc,lgbm_basic
random_matched_control,0.75,lgbm_advanced,0.07,3.0,1.0,6.0,tdc/CYP2C9_Substrate_CarbonMangels,tdc,classification,auroc,lgbm_basic
random_matched_control,0.75,lgbm_basic,0.064,3.0,1.0,6.0,tdc/CYP2C9_Substrate_CarbonMangels,tdc,classification,auroc,lgbm_basic
random_matched_control,0.75,torch_mlp_advanced,0.002,4.0,2.0,6.0,tdc/CYP2C9_Substrate_CarbonMangels,tdc,classification,auroc,lgbm_basic
random_matched_control,0.75,torch_mlp_basic,0.057,3.5,1.0,5.5,tdc/CYP2C9_Substrate_CarbonMangels,tdc,classification,auroc,lgbm_basic
random_matched_control,observed,ecfp_linear,0.021,3.5,1.5,6.0,tdc/CYP2C9_Substrate_CarbonMangels,tdc,classification,auroc,lgbm_basic
random_matched_control,observed,ecfp_rf,0.102,3.5,1.0,6.0,tdc/CYP2C9_Substrate_CarbonMangels,tdc,classification,auroc,lgbm_basic
random_matched_control,observed,lgbm_advanced,0.072,3.0,1.0,6.0,tdc/CYP2C9_Substrate_CarbonMangels,tdc,classification,auroc,lgbm_basic
random_matched_control,observed,lgbm_basic,0.058,3.0,1.0,6.0,tdc/CYP2C9_Substrate_CarbonMangels,tdc,classification,auroc,lgbm_basic
random_matched_control,observed,torch_mlp_advanced,0.002,4.0,1.5,6.0,tdc/CYP2C9_Substrate_CarbonMangels,tdc,classification,auroc,lgbm_basic
random_matched_control,observed,torch_mlp_basic,0.055,3.5,1.0,5.5,tdc/CYP2C9_Substrate_CarbonMangels,tdc,classification,auroc,lgbm_basic
clean_reference,0.0,ecfp_linear,0.0,6.0,6.0,6.0,tdc/CYP2C9_Veith,tdc,classification,auroc,lgbm_advanced
clean_reference,0.0,ecfp_rf,0.0,3.0,3.0,3.0,tdc/CYP2C9_Veith,tdc,classification,auroc,lgbm_advanced
clean_reference,0.0,lgbm_advanced,1.0,1.0,1.0,1.0,tdc/CYP2C9_Veith,tdc,classification,auroc,lgbm_advanced
clean_reference,0.0,lgbm_basic,0.0,2.0,2.0,2.0,tdc/CYP2C9_Veith,tdc,classification,auroc,lgbm_advanced
clean_reference,0.0,torch_mlp_advanced,0.0,4.0,4.0,4.0,tdc/CYP2C9_Veith,tdc,classification,auroc,lgbm_advanced
clean_reference,0.0,torch_mlp_basic,0.0,5.0,5.0,5.0,tdc/CYP2C9_Veith,tdc,classification,auroc,lgbm_advanced
conflict_curve,0.0,ecfp_linear,0.076,4.0,1.0,6.0,tdc/CYP2C9_Veith,tdc,classification,auroc,lgbm_advanced
conflict_curve,0.0,ecfp_rf,0.089,3.0,1.0,6.0,tdc/CYP2C9_Veith,tdc,classification,auroc,lgbm_advanced
conflict_curve,0.0,lgbm_advanced,0.03,3.0,1.0,5.5,tdc/CYP2C9_Veith,tdc,classification,auroc,lgbm_advanced
conflict_curve,0.0,lgbm_basic,0.05,3.0,1.0,5.5,tdc/CYP2C9_Veith,tdc,classification,auroc,lgbm_advanced
conflict_curve,0.0,torch_mlp_advanced,0.065,3.5,1.0,6.0,tdc/CYP2C9_Veith,tdc,classification,auroc,lgbm_advanced
conflict_curve,0.0,torch_mlp_basic,0.041,4.0,1.0,6.0,tdc/CYP2C9_Veith,tdc,classification,auroc,lgbm_advanced
conflict_curve,0.05,ecfp_linear,0.066,3.5,1.0,6.0,tdc/CYP2C9_Veith,tdc,classification,auroc,lgbm_advanced
conflict_curve,0.05,ecfp_rf,0.092,3.0,1.0,6.0,tdc/CYP2C9_Veith,tdc,classification,auroc,lgbm_advanced
conflict_curve,0.05,lgbm_advanced,0.035,3.0,1.0,5.5,tdc/CYP2C9_Veith,tdc,classification,auroc,lgbm_advanced
conflict_curve,0.05,lgbm_basic,0.035,3.0,1.0,6.0,tdc/CYP2C9_Veith,tdc,classification,auroc,lgbm_advanced
conflict_curve,0.05,torch_mlp_advanced,0.05,3.5,1.0,6.0,tdc/CYP2C9_Veith,tdc,classification,auroc,lgbm_advanced
conflict_curve,0.05,torch_mlp_basic,0.047,3.5,1.0,6.0,tdc/CYP2C9_Veith,tdc,classification,auroc,lgbm_advanced
conflict_curve,0.1,ecfp_linear,0.135,3.5,1.0,6.0,tdc/CYP2C9_Veith,tdc,classification,auroc,lgbm_advanced
conflict_curve,0.1,ecfp_rf,0.045,4.0,1.0,6.0,tdc/CYP2C9_Veith,tdc,classification,auroc,lgbm_advanced
conflict_curve,0.1,lgbm_advanced,0.028,3.0,1.0,5.5,tdc/CYP2C9_Veith,tdc,classification,auroc,lgbm_advanced
conflict_curve,0.1,lgbm_basic,0.099,2.5,1.0,5.5,tdc/CYP2C9_Veith,tdc,classification,auroc,lgbm_advanced
conflict_curve,0.1,torch_mlp_advanced,0.057,3.5,1.0,6.0,tdc/CYP2C9_Veith,tdc,classification,auroc,lgbm_advanced
conflict_curve,0.1,torch_mlp_basic,0.047,3.5,1.0,6.0,tdc/CYP2C9_Veith,tdc,classification,auroc,lgbm_advanced
conflict_curve,0.25,ecfp_linear,0.161,2.5,1.0,6.0,tdc/CYP2C9_Veith,tdc,classification,auroc,lgbm_advanced
conflict_curve,0.25,ecfp_rf,0.007,5.0,1.5,6.0,tdc/CYP2C9_Veith,tdc,classification,auroc,lgbm_advanced
conflict_curve,0.25,lgbm_advanced,0.013,3.0,1.5,5.5,tdc/CYP2C9_Veith,tdc,classification,auroc,lgbm_advanced
conflict_curve,0.25,lgbm_basic,0.128,2.0,1.0,5.0,tdc/CYP2C9_Veith,tdc,classification,auroc,lgbm_advanced
conflict_curve,0.25,torch_mlp_advanced,0.067,4.0,1.0,6.0,tdc/CYP2C9_Veith,tdc,classification,auroc,lgbm_advanced
conflict_curve,0.25,torch_mlp_basic,0.027,4.0,1.0,6.0,tdc/CYP2C9_Veith,tdc,classification,auroc,lgbm_advanced
conflict_curve,0.5,ecfp_linear,0.583,1.0,1.0,5.0,tdc/CYP2C9_Veith,tdc,classification,auroc,lgbm_advanced
conflict_curve,0.5,ecfp_rf,0.005,5.5,2.5,6.0,tdc/CYP2C9_Veith,tdc,classification,auroc,lgbm_advanced
conflict_curve,0.5,lgbm_advanced,0.005,3.0,1.5,5.0,tdc/CYP2C9_Veith,tdc,classification,auroc,lgbm_advanced
conflict_curve,0.5,lgbm_basic,0.073,2.5,1.0,5.0,tdc/CYP2C9_Veith,tdc,classification,auroc,lgbm_advanced
conflict_curve,0.5,torch_mlp_advanced,0.022,4.5,1.5,6.0,tdc/CYP2C9_Veith,tdc,classification,auroc,lgbm_advanced
conflict_curve,0.5,torch_mlp_basic,0.007,4.5,2.0,6.0,tdc/CYP2C9_Veith,tdc,classification,auroc,lgbm_advanced
conflict_curve,0.75,ecfp_linear,0.708,1.0,1.0,5.0,tdc/CYP2C9_Veith,tdc,classification,auroc,lgbm_advanced
conflict_curve,0.75,ecfp_rf,0.002,5.5,2.5,6.0,tdc/CYP2C9_Veith,tdc,classification,auroc,lgbm_advanced
conflict_curve,0.75,lgbm_advanced,0.004,3.5,1.5,5.5,tdc/CYP2C9_Veith,tdc,classification,auroc,lgbm_advanced
conflict_curve,0.75,lgbm_basic,0.082,2.5,1.0,4.5,tdc/CYP2C9_Veith,tdc,classification,auroc,lgbm_advanced
conflict_curve,0.75,torch_mlp_advanced,0.034,4.0,1.0,6.0,tdc/CYP2C9_Veith,tdc,classification,auroc,lgbm_advanced
conflict_curve,0.75,torch_mlp_basic,0.006,4.5,2.0,6.0,tdc/CYP2C9_Veith,tdc,classification,auroc,lgbm_advanced
conflict_curve,observed,ecfp_linear,0.062,4.0,1.0,6.0,tdc/CYP2C9_Veith,tdc,classification,auroc,lgbm_advanced
conflict_curve,observed,ecfp_rf,0.113,3.0,1.0,6.0,tdc/CYP2C9_Veith,tdc,classification,auroc,lgbm_advanced
conflict_curve,observed,lgbm_advanced,0.038,3.0,1.0,5.5,tdc/CYP2C9_Veith,tdc,classification,auroc,lgbm_advanced
conflict_curve,observed,lgbm_basic,0.054,3.0,1.0,5.5,tdc/CYP2C9_Veith,tdc,classification,auroc,lgbm_advanced
conflict_curve,observed,torch_mlp_advanced,0.066,3.5,1.0,6.0,tdc/CYP2C9_Veith,tdc,classification,auroc,lgbm_advanced
conflict_curve,observed,torch_mlp_basic,0.042,3.5,1.0,6.0,tdc/CYP2C9_Veith,tdc,classification,auroc,lgbm_advanced
leakage_curve,0.0,ecfp_linear,0.0,6.0,4.0,6.0,tdc/CYP2C9_Veith,tdc,classification,auroc,lgbm_advanced
leakage_curve,0.0,ecfp_rf,0.105,3.0,1.0,4.0,tdc/CYP2C9_Veith,tdc,classification,auroc,lgbm_advanced
leakage_curve,0.0,lgbm_advanced,0.578,1.0,1.0,3.0,tdc/CYP2C9_Veith,tdc,classification,auroc,lgbm_advanced
leakage_curve,0.0,lgbm_basic,0.315,2.0,1.0,3.0,tdc/CYP2C9_Veith,tdc,classification,auroc,lgbm_advanced
leakage_curve,0.0,torch_mlp_advanced,0.0,5.0,4.0,6.0,tdc/CYP2C9_Veith,tdc,classification,auroc,lgbm_advanced
leakage_curve,0.0,torch_mlp_basic,0.001,5.0,4.0,6.0,tdc/CYP2C9_Veith,tdc,classification,auroc,lgbm_advanced
leakage_curve,0.05,ecfp_linear,0.0,6.0,4.0,6.0,tdc/CYP2C9_Veith,tdc,classification,auroc,lgbm_advanced
leakage_curve,0.05,ecfp_rf,0.101,3.0,1.0,4.0,tdc/CYP2C9_Veith,tdc,classification,auroc,lgbm_advanced
leakage_curve,0.05,lgbm_advanced,0.588,1.0,1.0,3.0,tdc/CYP2C9_Veith,tdc,classification,auroc,lgbm_advanced
leakage_curve,0.05,lgbm_basic,0.308,2.0,1.0,3.0,tdc/CYP2C9_Veith,tdc,classification,auroc,lgbm_advanced
leakage_curve,0.05,torch_mlp_advanced,0.0,5.0,4.0,6.0,tdc/CYP2C9_Veith,tdc,classification,auroc,lgbm_advanced
leakage_curve,0.05,torch_mlp_basic,0.002,5.0,4.0,6.0,tdc/CYP2C9_Veith,tdc,classification,auroc,lgbm_advanced
leakage_curve,0.1,ecfp_linear,0.0,6.0,4.0,6.0,tdc/CYP2C9_Veith,tdc,classification,auroc,lgbm_advanced
leakage_curve,0.1,ecfp_rf,0.099,3.0,1.0,4.0,tdc/CYP2C9_Veith,tdc,classification,auroc,lgbm_advanced
leakage_curve,0.1,lgbm_advanced,0.595,1.0,1.0,3.0,tdc/CYP2C9_Veith,tdc,classification,auroc,lgbm_advanced
leakage_curve,0.1,lgbm_basic,0.303,2.0,1.0,3.0,tdc/CYP2C9_Veith,tdc,classification,auroc,lgbm_advanced
leakage_curve,0.1,torch_mlp_advanced,0.0,5.0,4.0,6.0,tdc/CYP2C9_Veith,tdc,classification,auroc,lgbm_advanced
leakage_curve,0.1,torch_mlp_basic,0.0,5.0,4.0,6.0,tdc/CYP2C9_Veith,tdc,classification,auroc,lgbm_advanced
leakage_curve,0.25,ecfp_linear,0.0,6.0,4.0,6.0,tdc/CYP2C9_Veith,tdc,classification,auroc,lgbm_advanced
leakage_curve,0.25,ecfp_rf,0.114,3.0,1.0,4.0,tdc/CYP2C9_Veith,tdc,classification,auroc,lgbm_advanced
leakage_curve,0.25,lgbm_advanced,0.641,1.0,1.0,3.0,tdc/CYP2C9_Veith,tdc,classification,auroc,lgbm_advanced
leakage_curve,0.25,lgbm_basic,0.243,2.0,1.0,3.0,tdc/CYP2C9_Veith,tdc,classification,auroc,lgbm_advanced
leakage_curve,0.25,torch_mlp_advanced,0.0,5.0,3.0,6.0,tdc/CYP2C9_Veith,tdc,classification,auroc,lgbm_advanced
leakage_curve,0.25,torch_mlp_basic,0.001,5.0,4.0,6.0,tdc/CYP2C9_Veith,tdc,classification,auroc,lgbm_advanced
leakage_curve,0.5,ecfp_linear,0.0,6.0,5.0,6.0,tdc/CYP2C9_Veith,tdc,classification,auroc,lgbm_advanced
leakage_curve,0.5,ecfp_rf,0.146,3.0,1.0,4.0,tdc/CYP2C9_Veith,tdc,classification,auroc,lgbm_advanced
leakage_curve,0.5,lgbm_advanced,0.616,1.0,1.0,3.0,tdc/CYP2C9_Veith,tdc,classification,auroc,lgbm_advanced
leakage_curve,0.5,lgbm_basic,0.234,2.0,1.0,3.0,tdc/CYP2C9_Veith,tdc,classification,auroc,lgbm_advanced
leakage_curve,0.5,torch_mlp_advanced,0.001,5.0,4.0,6.0,tdc/CYP2C9_Veith,tdc,classification,auroc,lgbm_advanced
leakage_curve,0.5,torch_mlp_basic,0.001,4.0,4.0,5.0,tdc/CYP2C9_Veith,tdc,classification,auroc,lgbm_advanced
leakage_curve,0.75,ecfp_linear,0.0,6.0,5.0,6.0,tdc/CYP2C9_Veith,tdc,classification,auroc,lgbm_advanced
leakage_curve,0.75,ecfp_rf,0.122,3.0,1.0,3.0,tdc/CYP2C9_Veith,tdc,classification,auroc,lgbm_advanced
leakage_curve,0.75,lgbm_advanced,0.718,1.0,1.0,3.0,tdc/CYP2C9_Veith,tdc,classification,auroc,lgbm_advanced
leakage_curve,0.75,lgbm_basic,0.155,2.0,1.0,3.0,tdc/CYP2C9_Veith,tdc,classification,auroc,lgbm_advanced
leakage_curve,0.75,torch_mlp_advanced,0.0,5.0,4.0,6.0,tdc/CYP2C9_Veith,tdc,classification,auroc,lgbm_advanced
leakage_curve,0.75,torch_mlp_basic,0.0,4.0,4.0,5.0,tdc/CYP2C9_Veith,tdc,classification,auroc,lgbm_advanced
leakage_curve,observed,ecfp_linear,0.0,6.0,4.0,6.0,tdc/CYP2C9_Veith,tdc,classification,auroc,lgbm_advanced
leakage_curve,observed,ecfp_rf,0.092,3.0,1.0,4.0,tdc/CYP2C9_Veith,tdc,classification,auroc,lgbm_advanced
leakage_curve,observed,lgbm_advanced,0.59,1.0,1.0,3.0,tdc/CYP2C9_Veith,tdc,classification,auroc,lgbm_advanced
leakage_curve,observed,lgbm_basic,0.316,2.0,1.0,3.0,tdc/CYP2C9_Veith,tdc,classification,auroc,lgbm_advanced
leakage_curve,observed,torch_mlp_advanced,0.0,5.0,4.0,6.0,tdc/CYP2C9_Veith,tdc,classification,auroc,lgbm_advanced
leakage_curve,observed,torch_mlp_basic,0.001,5.0,4.0,6.0,tdc/CYP2C9_Veith,tdc,classification,auroc,lgbm_advanced
observed_composition,observed,ecfp_linear,0.0,6.0,6.0,6.0,tdc/CYP2C9_Veith,tdc,classification,auroc,lgbm_advanced
observed_composition,observed,ecfp_rf,0.0,3.0,3.0,3.0,tdc/CYP2C9_Veith,tdc,classification,auroc,lgbm_advanced
observed_composition,observed,lgbm_advanced,1.0,1.0,1.0,1.0,tdc/CYP2C9_Veith,tdc,classification,auroc,lgbm_advanced
observed_composition,observed,lgbm_basic,0.0,2.0,2.0,2.0,tdc/CYP2C9_Veith,tdc,classification,auroc,lgbm_advanced
observed_composition,observed,torch_mlp_advanced,0.0,5.0,5.0,5.0,tdc/CYP2C9_Veith,tdc,classification,auroc,lgbm_advanced
observed_composition,observed,torch_mlp_basic,0.0,4.0,4.0,4.0,tdc/CYP2C9_Veith,tdc,classification,auroc,lgbm_advanced
random_matched_control,0.0,ecfp_linear,0.021,6.0,1.5,6.0,tdc/CYP2C9_Veith,tdc,classification,auroc,lgbm_advanced
random_matched_control,0.0,ecfp_rf,0.0885,3.0,1.0,6.0,tdc/CYP2C9_Veith,tdc,classification,auroc,lgbm_advanced
random_matched_control,0.0,lgbm_advanced,0.306,2.0,1.0,5.0,tdc/CYP2C9_Veith,tdc,classification,auroc,lgbm_advanced
random_matched_control,0.0,lgbm_basic,0.157,2.0,1.0,5.0,tdc/CYP2C9_Veith,tdc,classification,auroc,lgbm_advanced
random_matched_control,0.0,torch_mlp_advanced,0.0205,4.0,1.5,6.0,tdc/CYP2C9_Veith,tdc,classification,auroc,lgbm_advanced
random_matched_control,0.0,torch_mlp_basic,0.0155,4.0,1.5,6.0,tdc/CYP2C9_Veith,tdc,classification,auroc,lgbm_advanced
random_matched_control,0.05,ecfp_linear,0.0265,6.0,1.0,6.0,tdc/CYP2C9_Veith,tdc,classification,auroc,lgbm_advanced
random_matched_control,0.05,ecfp_rf,0.0875,3.0,1.0,6.0,tdc/CYP2C9_Veith,tdc,classification,auroc,lgbm_advanced
random_matched_control,0.05,lgbm_advanced,0.3035,2.0,1.0,5.0,tdc/CYP2C9_Veith,tdc,classification,auroc,lgbm_advanced
random_matched_control,0.05,lgbm_basic,0.161,2.0,1.0,5.5,tdc/CYP2C9_Veith,tdc,classification,auroc,lgbm_advanced
random_matched_control,0.05,torch_mlp_advanced,0.019,4.0,1.5,6.0,tdc/CYP2C9_Veith,tdc,classification,auroc,lgbm_advanced
random_matched_control,0.05,torch_mlp_basic,0.0145,4.0,1.5,6.0,tdc/CYP2C9_Veith,tdc,classification,auroc,lgbm_advanced
random_matched_control,0.1,ecfp_linear,0.0275,6.0,1.0,6.0,tdc/CYP2C9_Veith,tdc,classification,auroc,lgbm_advanced
random_matched_control,0.1,ecfp_rf,0.093,3.0,1.0,6.0,tdc/CYP2C9_Veith,tdc,classification,auroc,lgbm_advanced
random_matched_control,0.1,lgbm_advanced,0.304,2.0,1.0,5.0,tdc/CYP2C9_Veith,tdc,classification,auroc,lgbm_advanced
random_matched_control,0.1,lgbm_basic,0.1515,2.5,1.0,5.012499999999932,tdc/CYP2C9_Veith,tdc,classification,auroc,lgbm_advanced
random_matched_control,0.1,torch_mlp_advanced,0.021,4.0,1.5,6.0,tdc/CYP2C9_Veith,tdc,classification,auroc,lgbm_advanced
random_matched_control,0.1,torch_mlp_basic,0.0215,4.0,1.5,6.0,tdc/CYP2C9_Veith,tdc,classification,auroc,lgbm_advanced
random_matched_control,0.25,ecfp_linear,0.0265,6.0,1.0,6.0,tdc/CYP2C9_Veith,tdc,classification,auroc,lgbm_advanced
random_matched_control,0.25,ecfp_rf,0.094,3.0,1.0,6.0,tdc/CYP2C9_Veith,tdc,classification,auroc,lgbm_advanced
random_matched_control,0.25,lgbm_advanced,0.307,2.0,1.0,5.0,tdc/CYP2C9_Veith,tdc,classification,auroc,lgbm_advanced
random_matched_control,0.25,lgbm_basic,0.148,2.5,1.0,5.5,tdc/CYP2C9_Veith,tdc,classification,auroc,lgbm_advanced
random_matched_control,0.25,torch_mlp_advanced,0.0205,4.0,1.5,6.0,tdc/CYP2C9_Veith,tdc,classification,auroc,lgbm_advanced
random_matched_control,0.25,torch_mlp_basic,0.0145,4.0,1.5,6.0,tdc/CYP2C9_Veith,tdc,classification,auroc,lgbm_advanced
random_matched_control,0.5,ecfp_linear,0.029,6.0,1.0,6.0,tdc/CYP2C9_Veith,tdc,classification,auroc,lgbm_advanced
random_matched_control,0.5,ecfp_rf,0.0815,3.0,1.0,6.0,tdc/CYP2C9_Veith,tdc,classification,auroc,lgbm_advanced
random_matched_control,0.5,lgbm_advanced,0.306,2.0,1.0,5.0,tdc/CYP2C9_Veith,tdc,classification,auroc,lgbm_advanced
random_matched_control,0.5,lgbm_basic,0.158,2.0,1.0,5.5,tdc/CYP2C9_Veith,tdc,classification,auroc,lgbm_advanced
random_matched_control,0.5,torch_mlp_advanced,0.022,4.0,1.5,6.0,tdc/CYP2C9_Veith,tdc,classification,auroc,lgbm_advanced
random_matched_control,0.5,torch_mlp_basic,0.0155,4.0,1.5,6.0,tdc/CYP2C9_Veith,tdc,classification,auroc,lgbm_advanced
random_matched_control,0.75,ecfp_linear,0.0225,6.0,1.5,6.0,tdc/CYP2C9_Veith,tdc,classification,auroc,lgbm_advanced
random_matched_control,0.75,ecfp_rf,0.089,3.0,1.0,6.0,tdc/CYP2C9_Veith,tdc,classification,auroc,lgbm_advanced
random_matched_control,0.75,lgbm_advanced,0.3015,2.0,1.0,5.0,tdc/CYP2C9_Veith,tdc,classification,auroc,lgbm_advanced
random_matched_control,0.75,lgbm_basic,0.153,2.0,1.0,5.5,tdc/CYP2C9_Veith,tdc,classification,auroc,lgbm_advanced
random_matched_control,0.75,torch_mlp_advanced,0.013,4.0,1.5,6.0,tdc/CYP2C9_Veith,tdc,classification,auroc,lgbm_advanced
random_matched_control,0.75,torch_mlp_basic,0.0195,4.0,1.5,6.0,tdc/CYP2C9_Veith,tdc,classification,auroc,lgbm_advanced
random_matched_control,observed,ecfp_linear,0.0205,6.0,1.5,6.0,tdc/CYP2C9_Veith,tdc,classification,auroc,lgbm_advanced
random_matched_control,observed,ecfp_rf,0.076,3.0,1.0,6.0,tdc/CYP2C9_Veith,tdc,classification,auroc,lgbm_advanced
random_matched_control,observed,lgbm_advanced,0.3175,2.0,1.0,5.0,tdc/CYP2C9_Veith,tdc,classification,auroc,lgbm_advanced
random_matched_control,observed,lgbm_basic,0.1495,2.0,1.0,5.0,tdc/CYP2C9_Veith,tdc,classification,auroc,lgbm_advanced
random_matched_control,observed,torch_mlp_advanced,0.0195,4.0,1.5,6.0,tdc/CYP2C9_Veith,tdc,classification,auroc,lgbm_advanced
random_matched_control,observed,torch_mlp_basic,0.0185,4.0,1.5,6.0,tdc/CYP2C9_Veith,tdc,classification,auroc,lgbm_advanced
clean_reference,0.0,ecfp_linear,0.0,3.0,3.0,3.0,tdc/CYP2D6_Substrate_CarbonMangels,tdc,classification,auroc,torch_mlp_basic
clean_reference,0.0,ecfp_rf,0.0,5.0,5.0,5.0,tdc/CYP2D6_Substrate_CarbonMangels,tdc,classification,auroc,torch_mlp_basic
clean_reference,0.0,lgbm_advanced,0.0,4.0,4.0,4.0,tdc/CYP2D6_Substrate_CarbonMangels,tdc,classification,auroc,torch_mlp_basic
clean_reference,0.0,lgbm_basic,0.0,6.0,6.0,6.0,tdc/CYP2D6_Substrate_CarbonMangels,tdc,classification,auroc,torch_mlp_basic
clean_reference,0.0,torch_mlp_advanced,1.0,1.0,1.0,1.0,tdc/CYP2D6_Substrate_CarbonMangels,tdc,classification,auroc,torch_mlp_basic
clean_reference,0.0,torch_mlp_basic,0.0,2.0,2.0,2.0,tdc/CYP2D6_Substrate_CarbonMangels,tdc,classification,auroc,torch_mlp_basic
leakage_curve,0.0,ecfp_linear,0.025,3.5,1.4875000000000007,6.0,tdc/CYP2D6_Substrate_CarbonMangels,tdc,classification,auroc,torch_mlp_basic
leakage_curve,0.0,ecfp_rf,0.031,3.5,1.0,6.0,tdc/CYP2D6_Substrate_CarbonMangels,tdc,classification,auroc,torch_mlp_basic
leakage_curve,0.0,lgbm_advanced,0.061,3.5,1.0,6.0,tdc/CYP2D6_Substrate_CarbonMangels,tdc,classification,auroc,torch_mlp_basic
leakage_curve,0.0,lgbm_basic,0.052,4.0,1.0,6.0,tdc/CYP2D6_Substrate_CarbonMangels,tdc,classification,auroc,torch_mlp_basic
leakage_curve,0.0,torch_mlp_advanced,0.014,3.0,1.5,5.5,tdc/CYP2D6_Substrate_CarbonMangels,tdc,classification,auroc,torch_mlp_basic
leakage_curve,0.0,torch_mlp_basic,0.054,3.0,1.0,6.0,tdc/CYP2D6_Substrate_CarbonMangels,tdc,classification,auroc,torch_mlp_basic
leakage_curve,0.05,ecfp_linear,0.017,3.5,1.5,6.0,tdc/CYP2D6_Substrate_CarbonMangels,tdc,classification,auroc,torch_mlp_basic
leakage_curve,0.05,ecfp_rf,0.027,3.5,1.0,6.0,tdc/CYP2D6_Substrate_CarbonMangels,tdc,classification,auroc,torch_mlp_basic
leakage_curve,0.05,lgbm_advanced,0.067,3.5,1.0,6.0,tdc/CYP2D6_Substrate_CarbonMangels,tdc,classification,auroc,torch_mlp_basic
leakage_curve,0.05,lgbm_basic,0.051,3.5,1.0,6.0,tdc/CYP2D6_Substrate_CarbonMangels,tdc,classification,auroc,torch_mlp_basic
leakage_curve,0.05,torch_mlp_advanced,0.013,3.0,1.5,5.5,tdc/CYP2D6_Substrate_CarbonMangels,tdc,classification,auroc,torch_mlp_basic
leakage_curve,0.05,torch_mlp_basic,0.044,3.0,1.0,6.0,tdc/CYP2D6_Substrate_CarbonMangels,tdc,classification,auroc,torch_mlp_basic
leakage_curve,0.1,ecfp_linear,0.017,3.5,1.5,6.0,tdc/CYP2D6_Substrate_CarbonMangels,tdc,classification,auroc,torch_mlp_basic
leakage_curve,0.1,ecfp_rf,0.031,3.5,1.0,6.0,tdc/CYP2D6_Substrate_CarbonMangels,tdc,classification,auroc,torch_mlp_basic
leakage_curve,0.1,lgbm_advanced,0.06,3.5,1.0,6.0,tdc/CYP2D6_Substrate_CarbonMangels,tdc,classification,auroc,torch_mlp_basic
leakage_curve,0.1,lgbm_basic,0.055,3.5,1.0,6.0,tdc/CYP2D6_Substrate_CarbonMangels,tdc,classification,auroc,torch_mlp_basic
leakage_curve,0.1,torch_mlp_advanced,0.009,3.0,1.5,5.512499999999989,tdc/CYP2D6_Substrate_CarbonMangels,tdc,classification,auroc,torch_mlp_basic
leakage_curve,0.1,torch_mlp_basic,0.036,3.0,1.0,6.0,tdc/CYP2D6_Substrate_CarbonMangels,tdc,classification,auroc,torch_mlp_basic
leakage_curve,0.25,ecfp_linear,0.021,3.5,1.5,5.512499999999989,tdc/CYP2D6_Substrate_CarbonMangels,tdc,classification,auroc,torch_mlp_basic
leakage_curve,0.25,ecfp_rf,0.029,3.5,1.0,6.0,tdc/CYP2D6_Substrate_CarbonMangels,tdc,classification,auroc,torch_mlp_basic
leakage_curve,0.25,lgbm_advanced,0.039,3.5,1.0,6.0,tdc/CYP2D6_Substrate_CarbonMangels,tdc,classification,auroc,torch_mlp_basic
leakage_curve,0.25,lgbm_basic,0.045,3.5,1.0,6.0,tdc/CYP2D6_Substrate_CarbonMangels,tdc,classification,auroc,torch_mlp_basic
leakage_curve,0.25,torch_mlp_advanced,0.005,3.0,1.5,6.0,tdc/CYP2D6_Substrate_CarbonMangels,tdc,classification,auroc,torch_mlp_basic
leakage_curve,0.25,torch_mlp_basic,0.028,3.0,1.0,6.0,tdc/CYP2D6_Substrate_CarbonMangels,tdc,classification,auroc,torch_mlp_basic
leakage_curve,0.5,ecfp_linear,0.012,3.5,1.5,5.5,tdc/CYP2D6_Substrate_CarbonMangels,tdc,classification,auroc,torch_mlp_basic
leakage_curve,0.5,ecfp_rf,0.02,4.0,1.5,6.0,tdc/CYP2D6_Substrate_CarbonMangels,tdc,classification,auroc,torch_mlp_basic
leakage_curve,0.5,lgbm_advanced,0.036,3.5,1.0,6.0,tdc/CYP2D6_Substrate_CarbonMangels,tdc,classification,auroc,torch_mlp_basic
leakage_curve,0.5,lgbm_basic,0.026,3.5,1.0,6.0,tdc/CYP2D6_Substrate_CarbonMangels,tdc,classification,auroc,torch_mlp_basic
leakage_curve,0.5,torch_mlp_advanced,0.004,3.0,1.5,6.0,tdc/CYP2D6_Substrate_CarbonMangels,tdc,classification,auroc,torch_mlp_basic
leakage_curve,0.5,torch_mlp_basic,0.021,3.0,1.5,6.0,tdc/CYP2D6_Substrate_CarbonMangels,tdc,classification,auroc,torch_mlp_basic
leakage_curve,0.75,ecfp_linear,0.0,3.5,3.5,3.5,tdc/CYP2D6_Substrate_CarbonMangels,tdc,classification,auroc,torch_mlp_basic
leakage_curve,0.75,ecfp_rf,0.0,3.5,3.5,3.5,tdc/CYP2D6_Substrate_CarbonMangels,tdc,classification,auroc,torch_mlp_basic
leakage_curve,0.75,lgbm_advanced,0.0,3.5,3.5,3.5,tdc/CYP2D6_Substrate_CarbonMangels,tdc,classification,auroc,torch_mlp_basic
leakage_curve,0.75,lgbm_basic,0.0,3.5,3.5,3.5,tdc/CYP2D6_Substrate_CarbonMangels,tdc,classification,auroc,torch_mlp_basic
leakage_curve,0.75,torch_mlp_advanced,0.0,3.5,3.5,3.5,tdc/CYP2D6_Substrate_CarbonMangels,tdc,classification,auroc,torch_mlp_basic
leakage_curve,0.75,torch_mlp_basic,0.0,3.5,3.5,3.5,tdc/CYP2D6_Substrate_CarbonMangels,tdc,classification,auroc,torch_mlp_basic
leakage_curve,observed,ecfp_linear,0.014,3.5,1.5,6.0,tdc/CYP2D6_Substrate_CarbonMangels,tdc,classification,auroc,torch_mlp_basic
leakage_curve,observed,ecfp_rf,0.041,3.5,1.0,6.0,tdc/CYP2D6_Substrate_CarbonMangels,tdc,classification,auroc,torch_mlp_basic
leakage_curve,observed,lgbm_advanced,0.075,3.5,1.0,6.0,tdc/CYP2D6_Substrate_CarbonMangels,tdc,classification,auroc,torch_mlp_basic
leakage_curve,observed,lgbm_basic,0.051,3.5,1.0,6.0,tdc/CYP2D6_Substrate_CarbonMangels,tdc,classification,auroc,torch_mlp_basic
leakage_curve,observed,torch_mlp_advanced,0.016,3.0,1.5,5.5,tdc/CYP2D6_Substrate_CarbonMangels,tdc,classification,auroc,torch_mlp_basic
leakage_curve,observed,torch_mlp_basic,0.044,3.0,1.0,6.0,tdc/CYP2D6_Substrate_CarbonMangels,tdc,classification,auroc,torch_mlp_basic
observed_composition,observed,ecfp_linear,0.0,3.0,3.0,3.0,tdc/CYP2D6_Substrate_CarbonMangels,tdc,classification,auroc,torch_mlp_basic
observed_composition,observed,ecfp_rf,0.0,5.0,5.0,5.0,tdc/CYP2D6_Substrate_CarbonMangels,tdc,classification,auroc,torch_mlp_basic
observed_composition,observed,lgbm_advanced,0.0,4.0,4.0,4.0,tdc/CYP2D6_Substrate_CarbonMangels,tdc,classification,auroc,torch_mlp_basic
observed_composition,observed,lgbm_basic,0.0,6.0,6.0,6.0,tdc/CYP2D6_Substrate_CarbonMangels,tdc,classification,auroc,torch_mlp_basic
observed_composition,observed,torch_mlp_advanced,0.0,2.0,2.0,2.0,tdc/CYP2D6_Substrate_CarbonMangels,tdc,classification,auroc,torch_mlp_basic
observed_composition,observed,torch_mlp_basic,1.0,1.0,1.0,1.0,tdc/CYP2D6_Substrate_CarbonMangels,tdc,classification,auroc,torch_mlp_basic
random_matched_control,0.0,ecfp_linear,0.009,3.5,1.5,6.0,tdc/CYP2D6_Substrate_CarbonMangels,tdc,classification,auroc,torch_mlp_basic
random_matched_control,0.0,ecfp_rf,0.029,3.5,1.0,6.0,tdc/CYP2D6_Substrate_CarbonMangels,tdc,classification,auroc,torch_mlp_basic
random_matched_control,0.0,lgbm_advanced,0.067,3.5,1.0,6.0,tdc/CYP2D6_Substrate_CarbonMangels,tdc,classification,auroc,torch_mlp_basic
random_matched_control,0.0,lgbm_basic,0.059,3.5,1.0,6.0,tdc/CYP2D6_Substrate_CarbonMangels,tdc,classification,auroc,torch_mlp_basic
random_matched_control,0.0,torch_mlp_advanced,0.017,3.5,1.5,5.5,tdc/CYP2D6_Substrate_CarbonMangels,tdc,classification,auroc,torch_mlp_basic
random_matched_control,0.0,torch_mlp_basic,0.041,3.5,1.0,5.5,tdc/CYP2D6_Substrate_CarbonMangels,tdc,classification,auroc,torch_mlp_basic
random_matched_control,0.05,ecfp_linear,0.011,3.5,1.5,6.0,tdc/CYP2D6_Substrate_CarbonMangels,tdc,classification,auroc,torch_mlp_basic
random_matched_control,0.05,ecfp_rf,0.043,3.5,1.0,6.0,tdc/CYP2D6_Substrate_CarbonMangels,tdc,classification,auroc,torch_mlp_basic
random_matched_control,0.05,lgbm_advanced,0.076,3.5,1.0,6.0,tdc/CYP2D6_Substrate_CarbonMangels,tdc,classification,auroc,torch_mlp_basic
random_matched_control,0.05,lgbm_basic,0.058,3.5,1.0,6.0,tdc/CYP2D6_Substrate_CarbonMangels,tdc,classification,auroc,torch_mlp_basic
random_matched_control,0.05,torch_mlp_advanced,0.006,3.5,1.5,5.5,tdc/CYP2D6_Substrate_CarbonMangels,tdc,classification,auroc,torch_mlp_basic
random_matched_control,0.05,torch_mlp_basic,0.042,3.5,1.0,6.0,tdc/CYP2D6_Substrate_CarbonMangels,tdc,classification,auroc,torch_mlp_basic
random_matched_control,0.1,ecfp_linear,0.027,3.5,1.0,6.0,tdc/CYP2D6_Substrate_CarbonMangels,tdc,classification,auroc,torch_mlp_basic
random_matched_control,0.1,ecfp_rf,0.028,3.5,1.0,6.0,tdc/CYP2D6_Substrate_CarbonMangels,tdc,classification,auroc,torch_mlp_basic
random_matched_control,0.1,lgbm_advanced,0.052,3.5,1.0,6.0,tdc/CYP2D6_Substrate_CarbonMangels,tdc,classification,auroc,torch_mlp_basic
random_matched_control,0.1,lgbm_basic,0.061,3.5,1.0,6.0,tdc/CYP2D6_Substrate_CarbonMangels,tdc,classification,auroc,torch_mlp_basic
random_matched_control,0.1,torch_mlp_advanced,0.017,3.5,1.5,5.5,tdc/CYP2D6_Substrate_CarbonMangels,tdc,classification,auroc,torch_mlp_basic
random_matched_control,0.1,torch_mlp_basic,0.039,3.0,1.0,6.0,tdc/CYP2D6_Substrate_CarbonMangels,tdc,classification,auroc,torch_mlp_basic
random_matched_control,0.25,ecfp_linear,0.015,3.5,1.5,6.0,tdc/CYP2D6_Substrate_CarbonMangels,tdc,classification,auroc,torch_mlp_basic
random_matched_control,0.25,ecfp_rf,0.04,3.5,1.0,6.0,tdc/CYP2D6_Substrate_CarbonMangels,tdc,classification,auroc,torch_mlp_basic
random_matched_control,0.25,lgbm_advanced,0.066,3.5,1.0,6.0,tdc/CYP2D6_Substrate_CarbonMangels,tdc,classification,auroc,torch_mlp_basic
random_matched_control,0.25,lgbm_basic,0.052,3.5,1.0,6.0,tdc/CYP2D6_Substrate_CarbonMangels,tdc,classification,auroc,torch_mlp_basic
random_matched_control,0.25,torch_mlp_advanced,0.011,3.5,1.5,5.5,tdc/CYP2D6_Substrate_CarbonMangels,tdc,classification,auroc,torch_mlp_basic
random_matched_control,0.25,torch_mlp_basic,0.034,3.5,1.0,5.5,tdc/CYP2D6_Substrate_CarbonMangels,tdc,classification,auroc,torch_mlp_basic
random_matched_control,0.5,ecfp_linear,0.014,3.5,1.5,6.0,tdc/CYP2D6_Substrate_CarbonMangels,tdc,classification,auroc,torch_mlp_basic
random_matched_control,0.5,ecfp_rf,0.04,3.5,1.0,6.0,tdc/CYP2D6_Substrate_CarbonMangels,tdc,classification,auroc,torch_mlp_basic
random_matched_control,0.5,lgbm_advanced,0.067,3.5,1.0,6.0,tdc/CYP2D6_Substrate_CarbonMangels,tdc,classification,auroc,torch_mlp_basic
random_matched_control,0.5,lgbm_basic,0.052,3.5,1.0,6.0,tdc/CYP2D6_Substrate_CarbonMangels,tdc,classification,auroc,torch_mlp_basic
random_matched_control,0.5,torch_mlp_advanced,0.017,3.5,1.5,5.5,tdc/CYP2D6_Substrate_CarbonMangels,tdc,classification,auroc,torch_mlp_basic
random_matched_control,0.5,torch_mlp_basic,0.032,3.5,1.0,6.0,tdc/CYP2D6_Substrate_CarbonMangels,tdc,classification,auroc,torch_mlp_basic
random_matched_control,0.75,ecfp_linear,0.016,3.5,1.5,6.0,tdc/CYP2D6_Substrate_CarbonMangels,tdc,classification,auroc,torch_mlp_basic
random_matched_control,0.75,ecfp_rf,0.024,3.5,1.5,6.0,tdc/CYP2D6_Substrate_CarbonMangels,tdc,classification,auroc,torch_mlp_basic
random_matched_control,0.75,lgbm_advanced,0.064,3.5,1.0,6.0,tdc/CYP2D6_Substrate_CarbonMangels,tdc,classification,auroc,torch_mlp_basic
random_matched_control,0.75,lgbm_basic,0.052,3.5,1.0,6.0,tdc/CYP2D6_Substrate_CarbonMangels,tdc,classification,auroc,torch_mlp_basic
random_matched_control,0.75,torch_mlp_advanced,0.021,3.5,1.5,5.5,tdc/CYP2D6_Substrate_CarbonMangels,tdc,classification,auroc,torch_mlp_basic
random_matched_control,0.75,torch_mlp_basic,0.032,3.5,1.0,6.0,tdc/CYP2D6_Substrate_CarbonMangels,tdc,classification,auroc,torch_mlp_basic
random_matched_control,observed,ecfp_linear,0.013,3.5,1.5,6.0,tdc/CYP2D6_Substrate_CarbonMangels,tdc,classification,auroc,torch_mlp_basic
random_matched_control,observed,ecfp_rf,0.027,3.5,1.0,6.0,tdc/CYP2D6_Substrate_CarbonMangels,tdc,classification,auroc,torch_mlp_basic
random_matched_control,observed,lgbm_advanced,0.063,3.5,1.0,6.0,tdc/CYP2D6_Substrate_CarbonMangels,tdc,classification,auroc,torch_mlp_basic
random_matched_control,observed,lgbm_basic,0.038,3.5,1.0,6.0,tdc/CYP2D6_Substrate_CarbonMangels,tdc,classification,auroc,torch_mlp_basic
random_matched_control,observed,torch_mlp_advanced,0.016,3.5,1.5,5.5,tdc/CYP2D6_Substrate_CarbonMangels,tdc,classification,auroc,torch_mlp_basic
random_matched_control,observed,torch_mlp_basic,0.028,3.5,1.0,5.5,tdc/CYP2D6_Substrate_CarbonMangels,tdc,classification,auroc,torch_mlp_basic
clean_reference,0.0,ecfp_linear,0.0,6.0,6.0,6.0,tdc/CYP2D6_Veith,tdc,classification,auroc,ecfp_rf
clean_reference,0.0,ecfp_rf,1.0,1.0,1.0,1.0,tdc/CYP2D6_Veith,tdc,classification,auroc,ecfp_rf
clean_reference,0.0,lgbm_advanced,0.0,2.0,2.0,2.0,tdc/CYP2D6_Veith,tdc,classification,auroc,ecfp_rf
clean_reference,0.0,lgbm_basic,0.0,3.0,3.0,3.0,tdc/CYP2D6_Veith,tdc,classification,auroc,ecfp_rf
clean_reference,0.0,torch_mlp_advanced,0.0,4.0,4.0,4.0,tdc/CYP2D6_Veith,tdc,classification,auroc,ecfp_rf
clean_reference,0.0,torch_mlp_basic,0.0,5.0,5.0,5.0,tdc/CYP2D6_Veith,tdc,classification,auroc,ecfp_rf
conflict_curve,0.0,ecfp_linear,0.027,3.5,1.0,6.0,tdc/CYP2D6_Veith,tdc,classification,auroc,ecfp_rf
conflict_curve,0.0,ecfp_rf,0.051,3.5,1.0,6.0,tdc/CYP2D6_Veith,tdc,classification,auroc,ecfp_rf
conflict_curve,0.0,lgbm_advanced,0.002,3.5,1.5,5.5,tdc/CYP2D6_Veith,tdc,classification,auroc,ecfp_rf
conflict_curve,0.0,lgbm_basic,0.011,3.5,1.5,5.5,tdc/CYP2D6_Veith,tdc,classification,auroc,ecfp_rf
conflict_curve,0.0,torch_mlp_advanced,0.026,3.5,1.0,6.0,tdc/CYP2D6_Veith,tdc,classification,auroc,ecfp_rf
conflict_curve,0.0,torch_mlp_basic,0.024,3.5,1.5,6.0,tdc/CYP2D6_Veith,tdc,classification,auroc,ecfp_rf
conflict_curve,0.05,ecfp_linear,0.028,3.5,1.0,6.0,tdc/CYP2D6_Veith,tdc,classification,auroc,ecfp_rf
conflict_curve,0.05,ecfp_rf,0.042,3.5,1.0,6.0,tdc/CYP2D6_Veith,tdc,classification,auroc,ecfp_rf
conflict_curve,0.05,lgbm_advanced,0.006,3.5,1.5,5.5,tdc/CYP2D6_Veith,tdc,classification,auroc,ecfp_rf
conflict_curve,0.05,lgbm_basic,0.014,3.5,1.5,5.5,tdc/CYP2D6_Veith,tdc,classification,auroc,ecfp_rf
conflict_curve,0.05,torch_mlp_advanced,0.022,3.5,1.5,6.0,tdc/CYP2D6_Veith,tdc,classification,auroc,ecfp_rf
conflict_curve,0.05,torch_mlp_basic,0.019,3.5,1.5,6.0,tdc/CYP2D6_Veith,tdc,classification,auroc,ecfp_rf
conflict_curve,0.1,ecfp_linear,0.021,3.5,1.5,6.0,tdc/CYP2D6_Veith,tdc,classification,auroc,ecfp_rf
conflict_curve,0.1,ecfp_rf,0.057,3.5,1.0,6.0,tdc/CYP2D6_Veith,tdc,classification,auroc,ecfp_rf
conflict_curve,0.1,lgbm_advanced,0.006,3.5,2.0,5.5,tdc/CYP2D6_Veith,tdc,classification,auroc,ecfp_rf
conflict_curve,0.1,lgbm_basic,0.01,3.5,1.5,5.5,tdc/CYP2D6_Veith,tdc,classification,auroc,ecfp_rf
conflict_curve,0.1,torch_mlp_advanced,0.018,3.5,1.5,6.0,tdc/CYP2D6_Veith,tdc,classification,auroc,ecfp_rf
conflict_curve,0.1,torch_mlp_basic,0.013,3.5,1.5,6.0,tdc/CYP2D6_Veith,tdc,classification,auroc,ecfp_rf
conflict_curve,0.25,ecfp_linear,0.107,3.0,1.0,6.0,tdc/CYP2D6_Veith,tdc,classification,auroc,ecfp_rf
conflict_curve,0.25,ecfp_rf,0.003,5.5,2.0,6.0,tdc/CYP2D6_Veith,tdc,classification,auroc,ecfp_rf
conflict_curve,0.25,lgbm_advanced,0.006,4.0,2.0,5.5,tdc/CYP2D6_Veith,tdc,classification,auroc,ecfp_rf
conflict_curve,0.25,lgbm_basic,0.028,3.0,1.0,5.5,tdc/CYP2D6_Veith,tdc,classification,auroc,ecfp_rf
conflict_curve,0.25,torch_mlp_advanced,0.047,3.0,1.0,6.0,tdc/CYP2D6_Veith,tdc,classification,auroc,ecfp_rf
conflict_curve,0.25,torch_mlp_basic,0.127,2.5,1.0,5.5,tdc/CYP2D6_Veith,tdc,classification,auroc,ecfp_rf
conflict_curve,0.5,ecfp_linear,0.084,2.5,1.0,5.0,tdc/CYP2D6_Veith,tdc,classification,auroc,ecfp_rf
conflict_curve,0.5,ecfp_rf,0.0,5.5,3.5,6.0,tdc/CYP2D6_Veith,tdc,classification,auroc,ecfp_rf
conflict_curve,0.5,lgbm_advanced,0.001,4.0,2.0,5.5,tdc/CYP2D6_Veith,tdc,classification,auroc,ecfp_rf
conflict_curve,0.5,lgbm_basic,0.012,3.5,1.5,5.0,tdc/CYP2D6_Veith,tdc,classification,auroc,ecfp_rf
conflict_curve,0.5,torch_mlp_advanced,0.018,3.0,1.5,5.5,tdc/CYP2D6_Veith,tdc,classification,auroc,ecfp_rf
conflict_curve,0.5,torch_mlp_basic,0.123,2.0,1.0,4.0,tdc/CYP2D6_Veith,tdc,classification,auroc,ecfp_rf
conflict_curve,0.75,ecfp_linear,0.077,3.0,1.0,5.0,tdc/CYP2D6_Veith,tdc,classification,auroc,ecfp_rf
conflict_curve,0.75,ecfp_rf,0.0,5.0,3.5,6.0,tdc/CYP2D6_Veith,tdc,classification,auroc,ecfp_rf
conflict_curve,0.75,lgbm_advanced,0.001,4.0,2.4875000000000007,5.5,tdc/CYP2D6_Veith,tdc,classification,auroc,ecfp_rf
conflict_curve,0.75,lgbm_basic,0.016,3.5,1.5,5.0,tdc/CYP2D6_Veith,tdc,classification,auroc,ecfp_rf
conflict_curve,0.75,torch_mlp_advanced,0.022,3.0,1.5,5.5,tdc/CYP2D6_Veith,tdc,classification,auroc,ecfp_rf
conflict_curve,0.75,torch_mlp_basic,0.094,2.5,1.0,4.5,tdc/CYP2D6_Veith,tdc,classification,auroc,ecfp_rf
conflict_curve,observed,ecfp_linear,0.026,3.5,1.0,6.0,tdc/CYP2D6_Veith,tdc,classification,auroc,ecfp_rf
conflict_curve,observed,ecfp_rf,0.041,3.5,1.0,6.0,tdc/CYP2D6_Veith,tdc,classification,auroc,ecfp_rf
conflict_curve,observed,lgbm_advanced,0.007,3.5,2.0,5.5,tdc/CYP2D6_Veith,tdc,classification,auroc,ecfp_rf
conflict_curve,observed,lgbm_basic,0.003,3.5,1.5,5.5,tdc/CYP2D6_Veith,tdc,classification,auroc,ecfp_rf
conflict_curve,observed,torch_mlp_advanced,0.019,3.5,1.5,6.0,tdc/CYP2D6_Veith,tdc,classification,auroc,ecfp_rf
conflict_curve,observed,torch_mlp_basic,0.016,3.5,1.5,6.0,tdc/CYP2D6_Veith,tdc,classification,auroc,ecfp_rf
leakage_curve,0.0,ecfp_linear,0.0,6.0,4.0,6.0,tdc/CYP2D6_Veith,tdc,classification,auroc,ecfp_rf
leakage_curve,0.0,ecfp_rf,0.642,1.0,1.0,3.0,tdc/CYP2D6_Veith,tdc,classification,auroc,ecfp_rf
leakage_curve,0.0,lgbm_advanced,0.26,2.0,1.0,3.0,tdc/CYP2D6_Veith,tdc,classification,auroc,ecfp_rf
leakage_curve,0.0,lgbm_basic,0.095,3.0,1.0,3.0,tdc/CYP2D6_Veith,tdc,classification,auroc,ecfp_rf
leakage_curve,0.0,torch_mlp_advanced,0.002,4.0,4.0,6.0,tdc/CYP2D6_Veith,tdc,classification,auroc,ecfp_rf
leakage_curve,0.0,torch_mlp_basic,0.001,5.0,4.0,6.0,tdc/CYP2D6_Veith,tdc,classification,auroc,ecfp_rf
leakage_curve,0.05,ecfp_linear,0.0,6.0,4.0,6.0,tdc/CYP2D6_Veith,tdc,classification,auroc,ecfp_rf
leakage_curve,0.05,ecfp_rf,0.63,1.0,1.0,3.0,tdc/CYP2D6_Veith,tdc,classification,auroc,ecfp_rf
leakage_curve,0.05,lgbm_advanced,0.265,2.0,1.0,3.0,tdc/CYP2D6_Veith,tdc,classification,auroc,ecfp_rf
leakage_curve,0.05,lgbm_basic,0.096,3.0,1.0,3.0,tdc/CYP2D6_Veith,tdc,classification,auroc,ecfp_rf
leakage_curve,0.05,torch_mlp_advanced,0.007,4.0,3.0,6.0,tdc/CYP2D6_Veith,tdc,classification,auroc,ecfp_rf
leakage_curve,0.05,torch_mlp_basic,0.001,5.0,4.0,6.0,tdc/CYP2D6_Veith,tdc,classification,auroc,ecfp_rf
leakage_curve,0.1,ecfp_linear,0.0,6.0,4.0,6.0,tdc/CYP2D6_Veith,tdc,classification,auroc,ecfp_rf
leakage_curve,0.1,ecfp_rf,0.634,1.0,1.0,3.0,tdc/CYP2D6_Veith,tdc,classification,auroc,ecfp_rf
leakage_curve,0.1,lgbm_advanced,0.261,2.0,1.0,3.0,tdc/CYP2D6_Veith,tdc,classification,auroc,ecfp_rf
leakage_curve,0.1,lgbm_basic,0.099,3.0,1.0,4.0,tdc/CYP2D6_Veith,tdc,classification,auroc,ecfp_rf
leakage_curve,0.1,torch_mlp_advanced,0.001,4.0,3.0,6.0,tdc/CYP2D6_Veith,tdc,classification,auroc,ecfp_rf
leakage_curve,0.1,torch_mlp_basic,0.004,5.0,4.0,6.0,tdc/CYP2D6_Veith,tdc,classification,auroc,ecfp_rf
leakage_curve,0.25,ecfp_linear,0.0,6.0,4.0,6.0,tdc/CYP2D6_Veith,tdc,classification,auroc,ecfp_rf
leakage_curve,0.25,ecfp_rf,0.611,1.0,1.0,4.0,tdc/CYP2D6_Veith,tdc,classification,auroc,ecfp_rf
leakage_curve,0.25,lgbm_advanced,0.293,2.0,1.0,3.0,tdc/CYP2D6_Veith,tdc,classification,auroc,ecfp_rf
leakage_curve,0.25,lgbm_basic,0.082,3.0,1.0,4.0,tdc/CYP2D6_Veith,tdc,classification,auroc,ecfp_rf
leakage_curve,0.25,torch_mlp_advanced,0.012,4.0,2.0,6.0,tdc/CYP2D6_Veith,tdc,classification,auroc,ecfp_rf
leakage_curve,0.25,torch_mlp_basic,0.002,5.0,3.0,6.0,tdc/CYP2D6_Veith,tdc,classification,auroc,ecfp_rf
leakage_curve,0.5,ecfp_linear,0.0,6.0,4.0,6.0,tdc/CYP2D6_Veith,tdc,classification,auroc,ecfp_rf
leakage_curve,0.5,ecfp_rf,0.584,1.0,1.0,4.0,tdc/CYP2D6_Veith,tdc,classification,auroc,ecfp_rf
leakage_curve,0.5,lgbm_advanced,0.284,2.0,1.0,4.0,tdc/CYP2D6_Veith,tdc,classification,auroc,ecfp_rf
leakage_curve,0.5,lgbm_basic,0.092,3.0,1.0,5.0,tdc/CYP2D6_Veith,tdc,classification,auroc,ecfp_rf
leakage_curve,0.5,torch_mlp_advanced,0.03,4.0,1.0,6.0,tdc/CYP2D6_Veith,tdc,classification,auroc,ecfp_rf
leakage_curve,0.5,torch_mlp_basic,0.009,5.0,2.0,6.0,tdc/CYP2D6_Veith,tdc,classification,auroc,ecfp_rf
leakage_curve,0.75,ecfp_linear,0.001,6.0,4.0,6.0,tdc/CYP2D6_Veith,tdc,classification,auroc,ecfp_rf
leakage_curve,0.75,ecfp_rf,0.407,2.0,1.0,5.0,tdc/CYP2D6_Veith,tdc,classification,auroc,ecfp_rf
leakage_curve,0.75,lgbm_advanced,0.393,2.0,1.0,4.0,tdc/CYP2D6_Veith,tdc,classification,auroc,ecfp_rf
leakage_curve,0.75,lgbm_basic,0.051,3.0,1.0,5.0,tdc/CYP2D6_Veith,tdc,classification,auroc,ecfp_rf
leakage_curve,0.75,torch_mlp_advanced,0.13,4.0,1.0,6.0,tdc/CYP2D6_Veith,tdc,classification,auroc,ecfp_rf
leakage_curve,0.75,torch_mlp_basic,0.018,5.0,2.0,6.0,tdc/CYP2D6_Veith,tdc,classification,auroc,ecfp_rf
leakage_curve,observed,ecfp_linear,0.0,6.0,4.0,6.0,tdc/CYP2D6_Veith,tdc,classification,auroc,ecfp_rf
leakage_curve,observed,ecfp_rf,0.654,1.0,1.0,4.0,tdc/CYP2D6_Veith,tdc,classification,auroc,ecfp_rf
leakage_curve,observed,lgbm_advanced,0.251,2.0,1.0,3.0,tdc/CYP2D6_Veith,tdc,classification,auroc,ecfp_rf
leakage_curve,observed,lgbm_basic,0.082,3.0,1.0,4.0,tdc/CYP2D6_Veith,tdc,classification,auroc,ecfp_rf
leakage_curve,observed,torch_mlp_advanced,0.011,4.0,3.0,6.0,tdc/CYP2D6_Veith,tdc,classification,auroc,ecfp_rf
leakage_curve,observed,torch_mlp_basic,0.002,5.0,3.0,6.0,tdc/CYP2D6_Veith,tdc,classification,auroc,ecfp_rf
observed_composition,observed,ecfp_linear,0.0,6.0,6.0,6.0,tdc/CYP2D6_Veith,tdc,classification,auroc,ecfp_rf
observed_composition,observed,ecfp_rf,1.0,1.0,1.0,1.0,tdc/CYP2D6_Veith,tdc,classification,auroc,ecfp_rf
observed_composition,observed,lgbm_advanced,0.0,2.0,2.0,2.0,tdc/CYP2D6_Veith,tdc,classification,auroc,ecfp_rf
observed_composition,observed,lgbm_basic,0.0,3.0,3.0,3.0,tdc/CYP2D6_Veith,tdc,classification,auroc,ecfp_rf
observed_composition,observed,torch_mlp_advanced,0.0,4.0,4.0,4.0,tdc/CYP2D6_Veith,tdc,classification,auroc,ecfp_rf
observed_composition,observed,torch_mlp_basic,0.0,5.0,5.0,5.0,tdc/CYP2D6_Veith,tdc,classification,auroc,ecfp_rf
random_matched_control,0.0,ecfp_linear,0.011,5.5,1.5,6.0,tdc/CYP2D6_Veith,tdc,classification,auroc,ecfp_rf
random_matched_control,0.0,ecfp_rf,0.358,2.5,1.0,6.0,tdc/CYP2D6_Veith,tdc,classification,auroc,ecfp_rf
random_matched_control,0.0,lgbm_advanced,0.1095,3.0,1.0,4.512499999999932,tdc/CYP2D6_Veith,tdc,classification,auroc,ecfp_rf
random_matched_control,0.0,lgbm_basic,0.0615,3.0,1.0,5.0,tdc/CYP2D6_Veith,tdc,classification,auroc,ecfp_rf
random_matched_control,0.0,torch_mlp_advanced,0.01,4.0,2.0,6.0,tdc/CYP2D6_Veith,tdc,classification,auroc,ecfp_rf
random_matched_control,0.0,torch_mlp_basic,0.006,4.0,2.0,6.0,tdc/CYP2D6_Veith,tdc,classification,auroc,ecfp_rf
random_matched_control,0.05,ecfp_linear,0.0095,5.5,2.0,6.0,tdc/CYP2D6_Veith,tdc,classification,auroc,ecfp_rf
random_matched_control,0.05,ecfp_rf,0.3455,2.5,1.0,5.5,tdc/CYP2D6_Veith,tdc,classification,auroc,ecfp_rf
random_matched_control,0.05,lgbm_advanced,0.1145,3.0,1.0,4.512499999999932,tdc/CYP2D6_Veith,tdc,classification,auroc,ecfp_rf
random_matched_control,0.05,lgbm_basic,0.0595,3.0,1.0,5.0,tdc/CYP2D6_Veith,tdc,classification,auroc,ecfp_rf
random_matched_control,0.05,torch_mlp_advanced,0.0085,4.0,2.0,6.0,tdc/CYP2D6_Veith,tdc,classification,auroc,ecfp_rf
random_matched_control,0.05,torch_mlp_basic,0.0105,4.0,2.0,6.0,tdc/CYP2D6_Veith,tdc,classification,auroc,ecfp_rf
random_matched_control,0.1,ecfp_linear,0.014,5.5,1.5,6.0,tdc/CYP2D6_Veith,tdc,classification,auroc,ecfp_rf
random_matched_control,0.1,ecfp_rf,0.3535,2.5,1.0,5.5,tdc/CYP2D6_Veith,tdc,classification,auroc,ecfp_rf
random_matched_control,0.1,lgbm_advanced,0.112,3.0,1.0,5.0,tdc/CYP2D6_Veith,tdc,classification,auroc,ecfp_rf
random_matched_control,0.1,lgbm_basic,0.0625,3.0,1.0,5.0,tdc/CYP2D6_Veith,tdc,classification,auroc,ecfp_rf
random_matched_control,0.1,torch_mlp_advanced,0.008,4.0,2.0,6.0,tdc/CYP2D6_Veith,tdc,classification,auroc,ecfp_rf
random_matched_control,0.1,torch_mlp_basic,0.007,4.0,2.0,6.0,tdc/CYP2D6_Veith,tdc,classification,auroc,ecfp_rf
random_matched_control,0.25,ecfp_linear,0.0095,5.5,2.0,6.0,tdc/CYP2D6_Veith,tdc,classification,auroc,ecfp_rf
random_matched_control,0.25,ecfp_rf,0.3455,2.5,1.0,5.5,tdc/CYP2D6_Veith,tdc,classification,auroc,ecfp_rf
random_matched_control,0.25,lgbm_advanced,0.107,3.0,1.0,4.5,tdc/CYP2D6_Veith,tdc,classification,auroc,ecfp_rf
random_matched_control,0.25,lgbm_basic,0.066,3.0,1.0,5.0,tdc/CYP2D6_Veith,tdc,classification,auroc,ecfp_rf
random_matched_control,0.25,torch_mlp_advanced,0.0125,4.0,1.5,6.0,tdc/CYP2D6_Veith,tdc,classification,auroc,ecfp_rf
random_matched_control,0.25,torch_mlp_basic,0.01,4.0,2.0,6.0,tdc/CYP2D6_Veith,tdc,classification,auroc,ecfp_rf
random_matched_control,0.5,ecfp_linear,0.01,5.0,2.0,6.0,tdc/CYP2D6_Veith,tdc,classification,auroc,ecfp_rf
random_matched_control,0.5,ecfp_rf,0.3545,2.5,1.0,5.5,tdc/CYP2D6_Veith,tdc,classification,auroc,ecfp_rf
random_matched_control,0.5,lgbm_advanced,0.1095,3.0,1.0,5.0,tdc/CYP2D6_Veith,tdc,classification,auroc,ecfp_rf
random_matched_control,0.5,lgbm_basic,0.0575,3.0,1.0,5.0,tdc/CYP2D6_Veith,tdc,classification,auroc,ecfp_rf
random_matched_control,0.5,torch_mlp_advanced,0.013,4.0,1.9875000000000007,6.0,tdc/CYP2D6_Veith,tdc,classification,auroc,ecfp_rf
random_matched_control,0.5,torch_mlp_basic,0.006,4.0,2.0,6.0,tdc/CYP2D6_Veith,tdc,classification,auroc,ecfp_rf
random_matched_control,0.75,ecfp_linear,0.01,5.0,2.0,6.0,tdc/CYP2D6_Veith,tdc,classification,auroc,ecfp_rf
random_matched_control,0.75,ecfp_rf,0.34,2.5,1.0,5.5,tdc/CYP2D6_Veith,tdc,classification,auroc,ecfp_rf
random_matched_control,0.75,lgbm_advanced,0.1125,3.0,1.0,5.0,tdc/CYP2D6_Veith,tdc,classification,auroc,ecfp_rf
random_matched_control,0.75,lgbm_basic,0.073,3.0,1.0,5.0,tdc/CYP2D6_Veith,tdc,classification,auroc,ecfp_rf
random_matched_control,0.75,torch_mlp_advanced,0.007,4.0,2.0,6.0,tdc/CYP2D6_Veith,tdc,classification,auroc,ecfp_rf
random_matched_control,0.75,torch_mlp_basic,0.0095,4.0,2.0,6.0,tdc/CYP2D6_Veith,tdc,classification,auroc,ecfp_rf
random_matched_control,observed,ecfp_linear,0.0115,5.5,2.0,6.0,tdc/CYP2D6_Veith,tdc,classification,auroc,ecfp_rf
random_matched_control,observed,ecfp_rf,0.3415,2.5,1.0,5.5,tdc/CYP2D6_Veith,tdc,classification,auroc,ecfp_rf
random_matched_control,observed,lgbm_advanced,0.116,3.0,1.0,5.0,tdc/CYP2D6_Veith,tdc,classification,auroc,ecfp_rf
random_matched_control,observed,lgbm_basic,0.064,3.0,1.0,5.0,tdc/CYP2D6_Veith,tdc,classification,auroc,ecfp_rf
random_matched_control,observed,torch_mlp_advanced,0.0095,4.0,2.0,6.0,tdc/CYP2D6_Veith,tdc,classification,auroc,ecfp_rf
random_matched_control,observed,torch_mlp_basic,0.0105,4.0,2.0,6.0,tdc/CYP2D6_Veith,tdc,classification,auroc,ecfp_rf
clean_reference,0.0,ecfp_linear,0.0,2.0,2.0,2.0,tdc/CYP3A4_Substrate_CarbonMangels,tdc,classification,auroc,ecfp_rf
clean_reference,0.0,ecfp_rf,1.0,1.0,1.0,1.0,tdc/CYP3A4_Substrate_CarbonMangels,tdc,classification,auroc,ecfp_rf
clean_reference,0.0,lgbm_advanced,0.0,5.0,5.0,5.0,tdc/CYP3A4_Substrate_CarbonMangels,tdc,classification,auroc,ecfp_rf
clean_reference,0.0,lgbm_basic,0.0,6.0,6.0,6.0,tdc/CYP3A4_Substrate_CarbonMangels,tdc,classification,auroc,ecfp_rf
clean_reference,0.0,torch_mlp_advanced,0.0,3.0,3.0,3.0,tdc/CYP3A4_Substrate_CarbonMangels,tdc,classification,auroc,ecfp_rf
clean_reference,0.0,torch_mlp_basic,0.0,4.0,4.0,4.0,tdc/CYP3A4_Substrate_CarbonMangels,tdc,classification,auroc,ecfp_rf
leakage_curve,0.0,ecfp_linear,0.05,3.0,1.0,6.0,tdc/CYP3A4_Substrate_CarbonMangels,tdc,classification,auroc,ecfp_rf
leakage_curve,0.0,ecfp_rf,0.268,2.5,1.0,6.0,tdc/CYP3A4_Substrate_CarbonMangels,tdc,classification,auroc,ecfp_rf
leakage_curve,0.0,lgbm_advanced,0.062,3.5,1.0,6.0,tdc/CYP3A4_Substrate_CarbonMangels,tdc,classification,auroc,ecfp_rf
leakage_curve,0.0,lgbm_basic,0.064,4.5,1.0,6.0,tdc/CYP3A4_Substrate_CarbonMangels,tdc,classification,auroc,ecfp_rf
leakage_curve,0.0,torch_mlp_advanced,0.028,3.5,1.0,6.0,tdc/CYP3A4_Substrate_CarbonMangels,tdc,classification,auroc,ecfp_rf
leakage_curve,0.0,torch_mlp_basic,0.03,3.5,1.0,6.0,tdc/CYP3A4_Substrate_CarbonMangels,tdc,classification,auroc,ecfp_rf
leakage_curve,0.05,ecfp_linear,0.065,3.0,1.0,6.0,tdc/CYP3A4_Substrate_CarbonMangels,tdc,classification,auroc,ecfp_rf
leakage_curve,0.05,ecfp_rf,0.234,2.5,1.0,6.0,tdc/CYP3A4_Substrate_CarbonMangels,tdc,classification,auroc,ecfp_rf
leakage_curve,0.05,lgbm_advanced,0.078,3.5,1.0,6.0,tdc/CYP3A4_Substrate_CarbonMangels,tdc,classification,auroc,ecfp_rf
leakage_curve,0.05,lgbm_basic,0.087,4.0,1.0,6.0,tdc/CYP3A4_Substrate_CarbonMangels,tdc,classification,auroc,ecfp_rf
leakage_curve,0.05,torch_mlp_advanced,0.023,3.5,1.5,6.0,tdc/CYP3A4_Substrate_CarbonMangels,tdc,classification,auroc,ecfp_rf
leakage_curve,0.05,torch_mlp_basic,0.027,4.0,1.0,6.0,tdc/CYP3A4_Substrate_CarbonMangels,tdc,classification,auroc,ecfp_rf
leakage_curve,0.1,ecfp_linear,0.052,3.5,1.0,6.0,tdc/CYP3A4_Substrate_CarbonMangels,tdc,classification,auroc,ecfp_rf
leakage_curve,0.1,ecfp_rf,0.151,2.5,1.0,5.5,tdc/CYP3A4_Substrate_CarbonMangels,tdc,classification,auroc,ecfp_rf
leakage_curve,0.1,lgbm_advanced,0.086,3.75,1.0,6.0,tdc/CYP3A4_Substrate_CarbonMangels,tdc,classification,auroc,ecfp_rf
leakage_curve,0.1,lgbm_basic,0.089,4.0,1.0,6.0,tdc/CYP3A4_Substrate_CarbonMangels,tdc,classification,auroc,ecfp_rf
leakage_curve,0.1,torch_mlp_advanced,0.024,3.5,1.5,5.5,tdc/CYP3A4_Substrate_CarbonMangels,tdc,classification,auroc,ecfp_rf
leakage_curve,0.1,torch_mlp_basic,0.014,3.5,1.5,6.0,tdc/CYP3A4_Substrate_CarbonMangels,tdc,classification,auroc,ecfp_rf
leakage_curve,0.25,ecfp_linear,0.05,3.5,1.0,5.5,tdc/CYP3A4_Substrate_CarbonMangels,tdc,classification,auroc,ecfp_rf
leakage_curve,0.25,ecfp_rf,0.101,3.0,1.0,6.0,tdc/CYP3A4_Substrate_CarbonMangels,tdc,classification,auroc,ecfp_rf
leakage_curve,0.25,lgbm_advanced,0.134,3.5,1.0,6.0,tdc/CYP3A4_Substrate_CarbonMangels,tdc,classification,auroc,ecfp_rf
leakage_curve,0.25,lgbm_basic,0.12,3.5,1.0,6.0,tdc/CYP3A4_Substrate_CarbonMangels,tdc,classification,auroc,ecfp_rf
leakage_curve,0.25,torch_mlp_advanced,0.008,3.5,1.5,5.5,tdc/CYP3A4_Substrate_CarbonMangels,tdc,classification,auroc,ecfp_rf
leakage_curve,0.25,torch_mlp_basic,0.017,4.0,1.5,6.0,tdc/CYP3A4_Substrate_CarbonMangels,tdc,classification,auroc,ecfp_rf
leakage_curve,0.5,ecfp_linear,0.01,4.0,1.5,6.0,tdc/CYP3A4_Substrate_CarbonMangels,tdc,classification,auroc,ecfp_rf
leakage_curve,0.5,ecfp_rf,0.417,1.5,1.0,5.0,tdc/CYP3A4_Substrate_CarbonMangels,tdc,classification,auroc,ecfp_rf
leakage_curve,0.5,lgbm_advanced,0.028,4.0,1.0,6.0,tdc/CYP3A4_Substrate_CarbonMangels,tdc,classification,auroc,ecfp_rf
leakage_curve,0.5,lgbm_basic,0.039,4.0,1.0,6.0,tdc/CYP3A4_Substrate_CarbonMangels,tdc,classification,auroc,ecfp_rf
leakage_curve,0.5,torch_mlp_advanced,0.002,4.0,2.0,5.5,tdc/CYP3A4_Substrate_CarbonMangels,tdc,classification,auroc,ecfp_rf
leakage_curve,0.5,torch_mlp_basic,0.006,4.0,2.0,5.5,tdc/CYP3A4_Substrate_CarbonMangels,tdc,classification,auroc,ecfp_rf
leakage_curve,0.75,ecfp_linear,0.019,4.0,1.5,6.0,tdc/CYP3A4_Substrate_CarbonMangels,tdc,classification,auroc,ecfp_rf
leakage_curve,0.75,ecfp_rf,0.489,1.5,1.0,3.0,tdc/CYP3A4_Substrate_CarbonMangels,tdc,classification,auroc,ecfp_rf
leakage_curve,0.75,lgbm_advanced,0.045,4.0,1.0,6.0,tdc/CYP3A4_Substrate_CarbonMangels,tdc,classification,auroc,ecfp_rf
leakage_curve,0.75,lgbm_basic,0.009,3.5,1.5,6.0,tdc/CYP3A4_Substrate_CarbonMangels,tdc,classification,auroc,ecfp_rf
leakage_curve,0.75,torch_mlp_advanced,0.0,4.0,2.5,5.5,tdc/CYP3A4_Substrate_CarbonMangels,tdc,classification,auroc,ecfp_rf
leakage_curve,0.75,torch_mlp_basic,0.001,4.0,2.5,5.5,tdc/CYP3A4_Substrate_CarbonMangels,tdc,classification,auroc,ecfp_rf
leakage_curve,observed,ecfp_linear,0.046,3.5,1.0,6.0,tdc/CYP3A4_Substrate_CarbonMangels,tdc,classification,auroc,ecfp_rf
leakage_curve,observed,ecfp_rf,0.271,2.25,1.0,6.0,tdc/CYP3A4_Substrate_CarbonMangels,tdc,classification,auroc,ecfp_rf
leakage_curve,observed,lgbm_advanced,0.078,3.5,1.0,6.0,tdc/CYP3A4_Substrate_CarbonMangels,tdc,classification,auroc,ecfp_rf
leakage_curve,observed,lgbm_basic,0.074,4.0,1.0,6.0,tdc/CYP3A4_Substrate_CarbonMangels,tdc,classification,auroc,ecfp_rf
leakage_curve,observed,torch_mlp_advanced,0.022,3.5,1.5,6.0,tdc/CYP3A4_Substrate_CarbonMangels,tdc,classification,auroc,ecfp_rf
leakage_curve,observed,torch_mlp_basic,0.018,4.0,1.5,6.0,tdc/CYP3A4_Substrate_CarbonMangels,tdc,classification,auroc,ecfp_rf
observed_composition,observed,ecfp_linear,0.0,2.0,2.0,2.0,tdc/CYP3A4_Substrate_CarbonMangels,tdc,classification,auroc,ecfp_rf
observed_composition,observed,ecfp_rf,1.0,1.0,1.0,1.0,tdc/CYP3A4_Substrate_CarbonMangels,tdc,classification,auroc,ecfp_rf
observed_composition,observed,lgbm_advanced,0.0,5.0,5.0,5.0,tdc/CYP3A4_Substrate_CarbonMangels,tdc,classification,auroc,ecfp_rf
observed_composition,observed,lgbm_basic,0.0,6.0,6.0,6.0,tdc/CYP3A4_Substrate_CarbonMangels,tdc,classification,auroc,ecfp_rf
observed_composition,observed,torch_mlp_advanced,0.0,3.0,3.0,3.0,tdc/CYP3A4_Substrate_CarbonMangels,tdc,classification,auroc,ecfp_rf
observed_composition,observed,torch_mlp_basic,0.0,4.0,4.0,4.0,tdc/CYP3A4_Substrate_CarbonMangels,tdc,classification,auroc,ecfp_rf
random_matched_control,0.0,ecfp_linear,0.046,3.5,1.0,6.0,tdc/CYP3A4_Substrate_CarbonMangels,tdc,classification,auroc,ecfp_rf
random_matched_control,0.0,ecfp_rf,0.208,2.5,1.0,6.0,tdc/CYP3A4_Substrate_CarbonMangels,tdc,classification,auroc,ecfp_rf
random_matched_control,0.0,lgbm_advanced,0.064,4.0,1.0,6.0,tdc/CYP3A4_Substrate_CarbonMangels,tdc,classification,auroc,ecfp_rf
random_matched_control,0.0,lgbm_basic,0.098,4.0,1.0,6.0,tdc/CYP3A4_Substrate_CarbonMangels,tdc,classification,auroc,ecfp_rf
random_matched_control,0.0,torch_mlp_advanced,0.024,3.5,1.5,6.0,tdc/CYP3A4_Substrate_CarbonMangels,tdc,classification,auroc,ecfp_rf
random_matched_control,0.0,torch_mlp_basic,0.022,3.5,1.5,6.0,tdc/CYP3A4_Substrate_CarbonMangels,tdc,classification,auroc,ecfp_rf
random_matched_control,0.05,ecfp_linear,0.059,3.5,1.0,6.0,tdc/CYP3A4_Substrate_CarbonMangels,tdc,classification,auroc,ecfp_rf
random_matched_control,0.05,ecfp_rf,0.204,2.5,1.0,6.0,tdc/CYP3A4_Substrate_CarbonMangels,tdc,classification,auroc,ecfp_rf
random_matched_control,0.05,lgbm_advanced,0.073,3.5,1.0,6.0,tdc/CYP3A4_Substrate_CarbonMangels,tdc,classification,auroc,ecfp_rf
random_matched_control,0.05,lgbm_basic,0.086,4.0,1.0,6.0,tdc/CYP3A4_Substrate_CarbonMangels,tdc,classification,auroc,ecfp_rf
random_matched_control,0.05,torch_mlp_advanced,0.034,3.5,1.0,6.0,tdc/CYP3A4_Substrate_CarbonMangels,tdc,classification,auroc,ecfp_rf
random_matched_control,0.05,torch_mlp_basic,0.03,3.5,1.0,6.0,tdc/CYP3A4_Substrate_CarbonMangels,tdc,classification,auroc,ecfp_rf
random_matched_control,0.1,ecfp_linear,0.055,3.0,1.0,6.0,tdc/CYP3A4_Substrate_CarbonMangels,tdc,classification,auroc,ecfp_rf
random_matched_control,0.1,ecfp_rf,0.183,3.0,1.0,6.0,tdc/CYP3A4_Substrate_CarbonMangels,tdc,classification,auroc,ecfp_rf
random_matched_control,0.1,lgbm_advanced,0.075,4.0,1.0,6.0,tdc/CYP3A4_Substrate_CarbonMangels,tdc,classification,auroc,ecfp_rf
random_matched_control,0.1,lgbm_basic,0.093,4.0,1.0,6.0,tdc/CYP3A4_Substrate_CarbonMangels,tdc,classification,auroc,ecfp_rf
random_matched_control,0.1,torch_mlp_advanced,0.035,3.5,1.0,5.5,tdc/CYP3A4_Substrate_CarbonMangels,tdc,classification,auroc,ecfp_rf
random_matched_control,0.1,torch_mlp_basic,0.035,3.5,1.0,6.0,tdc/CYP3A4_Substrate_CarbonMangels,tdc,classification,auroc,ecfp_rf
random_matched_control,0.25,ecfp_linear,0.048,3.5,1.0,6.0,tdc/CYP3A4_Substrate_CarbonMangels,tdc,classification,auroc,ecfp_rf
random_matched_control,0.25,ecfp_rf,0.204,2.5,1.0,6.0,tdc/CYP3A4_Substrate_CarbonMangels,tdc,classification,auroc,ecfp_rf
random_matched_control,0.25,lgbm_advanced,0.086,4.0,1.0,6.0,tdc/CYP3A4_Substrate_CarbonMangels,tdc,classification,auroc,ecfp_rf
random_matched_control,0.25,lgbm_basic,0.079,4.0,1.0,6.0,tdc/CYP3A4_Substrate_CarbonMangels,tdc,classification,auroc,ecfp_rf
random_matched_control,0.25,torch_mlp_advanced,0.017,3.75,1.5,6.0,tdc/CYP3A4_Substrate_CarbonMangels,tdc,classification,auroc,ecfp_rf
random_matched_control,0.25,torch_mlp_basic,0.031,3.5,1.0,6.0,tdc/CYP3A4_Substrate_CarbonMangels,tdc,classification,auroc,ecfp_rf
random_matched_control,0.5,ecfp_linear,0.049,3.0,1.0,6.0,tdc/CYP3A4_Substrate_CarbonMangels,tdc,classification,auroc,ecfp_rf
random_matched_control,0.5,ecfp_rf,0.206,3.0,1.0,6.0,tdc/CYP3A4_Substrate_CarbonMangels,tdc,classification,auroc,ecfp_rf
random_matched_control,0.5,lgbm_advanced,0.052,4.0,1.0,6.0,tdc/CYP3A4_Substrate_CarbonMangels,tdc,classification,auroc,ecfp_rf
random_matched_control,0.5,lgbm_basic,0.101,4.0,1.0,6.0,tdc/CYP3A4_Substrate_CarbonMangels,tdc,classification,auroc,ecfp_rf
random_matched_control,0.5,torch_mlp_advanced,0.03,3.5,1.0,6.0,tdc/CYP3A4_Substrate_CarbonMangels,tdc,classification,auroc,ecfp_rf
random_matched_control,0.5,torch_mlp_basic,0.025,3.5,1.4875000000000007,6.0,tdc/CYP3A4_Substrate_CarbonMangels,tdc,classification,auroc,ecfp_rf
random_matched_control,0.75,ecfp_linear,0.051,3.0,1.0,6.0,tdc/CYP3A4_Substrate_CarbonMangels,tdc,classification,auroc,ecfp_rf
random_matched_control,0.75,ecfp_rf,0.22,2.5,1.0,6.0,tdc/CYP3A4_Substrate_CarbonMangels,tdc,classification,auroc,ecfp_rf
random_matched_control,0.75,lgbm_advanced,0.069,4.0,1.0,6.0,tdc/CYP3A4_Substrate_CarbonMangels,tdc,classification,auroc,ecfp_rf
random_matched_control,0.75,lgbm_basic,0.088,4.0,1.0,6.0,tdc/CYP3A4_Substrate_CarbonMangels,tdc,classification,auroc,ecfp_rf
random_matched_control,0.75,torch_mlp_advanced,0.019,3.5,1.5,6.0,tdc/CYP3A4_Substrate_CarbonMangels,tdc,classification,auroc,ecfp_rf
random_matched_control,0.75,torch_mlp_basic,0.025,3.5,1.4875000000000007,6.0,tdc/CYP3A4_Substrate_CarbonMangels,tdc,classification,auroc,ecfp_rf
random_matched_control,observed,ecfp_linear,0.053,3.5,1.0,6.0,tdc/CYP3A4_Substrate_CarbonMangels,tdc,classification,auroc,ecfp_rf
random_matched_control,observed,ecfp_rf,0.2,2.5,1.0,6.0,tdc/CYP3A4_Substrate_CarbonMangels,tdc,classification,auroc,ecfp_rf
random_matched_control,observed,lgbm_advanced,0.064,4.0,1.0,6.0,tdc/CYP3A4_Substrate_CarbonMangels,tdc,classification,auroc,ecfp_rf
random_matched_control,observed,lgbm_basic,0.082,4.0,1.0,6.0,tdc/CYP3A4_Substrate_CarbonMangels,tdc,classification,auroc,ecfp_rf
random_matched_control,observed,torch_mlp_advanced,0.027,3.5,1.0,6.0,tdc/CYP3A4_Substrate_CarbonMangels,tdc,classification,auroc,ecfp_rf
random_matched_control,observed,torch_mlp_basic,0.03,3.5,1.0,6.0,tdc/CYP3A4_Substrate_CarbonMangels,tdc,classification,auroc,ecfp_rf
clean_reference,0.0,ecfp_linear,0.0,6.0,6.0,6.0,tdc/CYP3A4_Veith,tdc,classification,auroc,lgbm_advanced
clean_reference,0.0,ecfp_rf,0.0,3.0,3.0,3.0,tdc/CYP3A4_Veith,tdc,classification,auroc,lgbm_advanced
clean_reference,0.0,lgbm_advanced,1.0,1.0,1.0,1.0,tdc/CYP3A4_Veith,tdc,classification,auroc,lgbm_advanced
clean_reference,0.0,lgbm_basic,0.0,2.0,2.0,2.0,tdc/CYP3A4_Veith,tdc,classification,auroc,lgbm_advanced
clean_reference,0.0,torch_mlp_advanced,0.0,5.0,5.0,5.0,tdc/CYP3A4_Veith,tdc,classification,auroc,lgbm_advanced
clean_reference,0.0,torch_mlp_basic,0.0,4.0,4.0,4.0,tdc/CYP3A4_Veith,tdc,classification,auroc,lgbm_advanced
leakage_curve,0.0,ecfp_linear,0.0,6.0,5.0,6.0,tdc/CYP3A4_Veith,tdc,classification,auroc,lgbm_advanced
leakage_curve,0.0,ecfp_rf,0.177,3.0,1.0,4.0,tdc/CYP3A4_Veith,tdc,classification,auroc,lgbm_advanced
leakage_curve,0.0,lgbm_advanced,0.548,1.0,1.0,3.0,tdc/CYP3A4_Veith,tdc,classification,auroc,lgbm_advanced
leakage_curve,0.0,lgbm_basic,0.263,2.0,1.0,3.0,tdc/CYP3A4_Veith,tdc,classification,auroc,lgbm_advanced
leakage_curve,0.0,torch_mlp_advanced,0.001,5.0,4.0,6.0,tdc/CYP3A4_Veith,tdc,classification,auroc,lgbm_advanced
leakage_curve,0.0,torch_mlp_basic,0.007,4.0,3.0,5.0,tdc/CYP3A4_Veith,tdc,classification,auroc,lgbm_advanced
leakage_curve,0.05,ecfp_linear,0.0,6.0,5.0,6.0,tdc/CYP3A4_Veith,tdc,classification,auroc,lgbm_advanced
leakage_curve,0.05,ecfp_rf,0.17,3.0,1.0,5.0,tdc/CYP3A4_Veith,tdc,classification,auroc,lgbm_advanced
leakage_curve,0.05,lgbm_advanced,0.559,1.0,1.0,3.0,tdc/CYP3A4_Veith,tdc,classification,auroc,lgbm_advanced
leakage_curve,0.05,lgbm_basic,0.255,2.0,1.0,3.0,tdc/CYP3A4_Veith,tdc,classification,auroc,lgbm_advanced
leakage_curve,0.05,torch_mlp_advanced,0.003,5.0,4.0,6.0,tdc/CYP3A4_Veith,tdc,classification,auroc,lgbm_advanced
leakage_curve,0.05,torch_mlp_basic,0.012,4.0,2.9750000000000014,5.0,tdc/CYP3A4_Veith,tdc,classification,auroc,lgbm_advanced
leakage_curve,0.1,ecfp_linear,0.0,6.0,5.0,6.0,tdc/CYP3A4_Veith,tdc,classification,auroc,lgbm_advanced
leakage_curve,0.1,ecfp_rf,0.154,3.0,1.0,5.0,tdc/CYP3A4_Veith,tdc,classification,auroc,lgbm_advanced
leakage_curve,0.1,lgbm_advanced,0.57,1.0,1.0,3.0,tdc/CYP3A4_Veith,tdc,classification,auroc,lgbm_advanced
leakage_curve,0.1,lgbm_basic,0.256,2.0,1.0,3.0,tdc/CYP3A4_Veith,tdc,classification,auroc,lgbm_advanced
leakage_curve,0.1,torch_mlp_advanced,0.001,5.0,3.9750000000000014,6.0,tdc/CYP3A4_Veith,tdc,classification,auroc,lgbm_advanced
leakage_curve,0.1,torch_mlp_basic,0.013,4.0,2.0,5.0,tdc/CYP3A4_Veith,tdc,classification,auroc,lgbm_advanced
leakage_curve,0.25,ecfp_linear,0.001,6.0,5.0,6.0,tdc/CYP3A4_Veith,tdc,classification,auroc,lgbm_advanced
leakage_curve,0.25,ecfp_rf,0.17,3.0,1.0,4.0,tdc/CYP3A4_Veith,tdc,classification,auroc,lgbm_advanced
leakage_curve,0.25,lgbm_advanced,0.542,1.0,1.0,3.0,tdc/CYP3A4_Veith,tdc,classification,auroc,lgbm_advanced
leakage_curve,0.25,lgbm_basic,0.278,2.0,1.0,3.0,tdc/CYP3A4_Veith,tdc,classification,auroc,lgbm_advanced
leakage_curve,0.25,torch_mlp_advanced,0.001,5.0,4.0,6.0,tdc/CYP3A4_Veith,tdc,classification,auroc,lgbm_advanced
leakage_curve,0.25,torch_mlp_basic,0.006,4.0,3.0,5.0,tdc/CYP3A4_Veith,tdc,classification,auroc,lgbm_advanced
leakage_curve,0.5,ecfp_linear,0.0,6.0,4.0,6.0,tdc/CYP3A4_Veith,tdc,classification,auroc,lgbm_advanced
leakage_curve,0.5,ecfp_rf,0.14,3.0,1.0,4.0,tdc/CYP3A4_Veith,tdc,classification,auroc,lgbm_advanced
leakage_curve,0.5,lgbm_advanced,0.518,1.0,1.0,3.0,tdc/CYP3A4_Veith,tdc,classification,auroc,lgbm_advanced
leakage_curve,0.5,lgbm_basic,0.331,2.0,1.0,3.0,tdc/CYP3A4_Veith,tdc,classification,auroc,lgbm_advanced
leakage_curve,0.5,torch_mlp_advanced,0.005,5.0,4.0,6.0,tdc/CYP3A4_Veith,tdc,classification,auroc,lgbm_advanced
leakage_curve,0.5,torch_mlp_basic,0.003,4.0,3.0,6.0,tdc/CYP3A4_Veith,tdc,classification,auroc,lgbm_advanced
leakage_curve,0.75,ecfp_linear,0.0,6.0,4.0,6.0,tdc/CYP3A4_Veith,tdc,classification,auroc,lgbm_advanced
leakage_curve,0.75,ecfp_rf,0.088,3.0,1.0,3.0,tdc/CYP3A4_Veith,tdc,classification,auroc,lgbm_advanced
leakage_curve,0.75,lgbm_advanced,0.614,1.0,1.0,3.0,tdc/CYP3A4_Veith,tdc,classification,auroc,lgbm_advanced
leakage_curve,0.75,lgbm_basic,0.291,2.0,1.0,3.0,tdc/CYP3A4_Veith,tdc,classification,auroc,lgbm_advanced
leakage_curve,0.75,torch_mlp_advanced,0.0,5.0,4.0,6.0,tdc/CYP3A4_Veith,tdc,classification,auroc,lgbm_advanced
leakage_curve,0.75,torch_mlp_basic,0.0,5.0,4.0,6.0,tdc/CYP3A4_Veith,tdc,classification,auroc,lgbm_advanced
leakage_curve,observed,ecfp_linear,0.0,6.0,5.0,6.0,tdc/CYP3A4_Veith,tdc,classification,auroc,lgbm_advanced
leakage_curve,observed,ecfp_rf,0.174,3.0,1.0,4.0,tdc/CYP3A4_Veith,tdc,classification,auroc,lgbm_advanced
leakage_curve,observed,lgbm_advanced,0.526,1.0,1.0,3.0,tdc/CYP3A4_Veith,tdc,classification,auroc,lgbm_advanced
leakage_curve,observed,lgbm_basic,0.286,2.0,1.0,3.0,tdc/CYP3A4_Veith,tdc,classification,auroc,lgbm_advanced
leakage_curve,observed,torch_mlp_advanced,0.003,5.0,4.0,6.0,tdc/CYP3A4_Veith,tdc,classification,auroc,lgbm_advanced
leakage_curve,observed,torch_mlp_basic,0.011,4.0,3.0,5.0,tdc/CYP3A4_Veith,tdc,classification,auroc,lgbm_advanced
observed_composition,observed,ecfp_linear,0.0,6.0,6.0,6.0,tdc/CYP3A4_Veith,tdc,classification,auroc,lgbm_advanced
observed_composition,observed,ecfp_rf,0.0,3.0,3.0,3.0,tdc/CYP3A4_Veith,tdc,classification,auroc,lgbm_advanced
observed_composition,observed,lgbm_advanced,1.0,1.0,1.0,1.0,tdc/CYP3A4_Veith,tdc,classification,auroc,lgbm_advanced
observed_composition,observed,lgbm_basic,0.0,2.0,2.0,2.0,tdc/CYP3A4_Veith,tdc,classification,auroc,lgbm_advanced
observed_composition,observed,torch_mlp_advanced,0.0,5.0,5.0,5.0,tdc/CYP3A4_Veith,tdc,classification,auroc,lgbm_advanced
observed_composition,observed,torch_mlp_basic,0.0,4.0,4.0,4.0,tdc/CYP3A4_Veith,tdc,classification,auroc,lgbm_advanced
random_matched_control,0.0,ecfp_linear,0.0,6.0,5.0,6.0,tdc/CYP3A4_Veith,tdc,classification,auroc,lgbm_advanced
random_matched_control,0.0,ecfp_rf,0.153,3.0,1.0,5.0,tdc/CYP3A4_Veith,tdc,classification,auroc,lgbm_advanced
random_matched_control,0.0,lgbm_advanced,0.644,1.0,1.0,3.0,tdc/CYP3A4_Veith,tdc,classification,auroc,lgbm_advanced
random_matched_control,0.0,lgbm_basic,0.171,2.0,1.0,4.0,tdc/CYP3A4_Veith,tdc,classification,auroc,lgbm_advanced
random_matched_control,0.0,torch_mlp_advanced,0.005,5.0,3.0,6.0,tdc/CYP3A4_Veith,tdc,classification,auroc,lgbm_advanced
random_matched_control,0.0,torch_mlp_basic,0.023,4.0,2.0,5.0,tdc/CYP3A4_Veith,tdc,classification,auroc,lgbm_advanced
random_matched_control,0.05,ecfp_linear,0.0,6.0,5.0,6.0,tdc/CYP3A4_Veith,tdc,classification,auroc,lgbm_advanced
random_matched_control,0.05,ecfp_rf,0.16,3.0,1.0,5.0,tdc/CYP3A4_Veith,tdc,classification,auroc,lgbm_advanced
random_matched_control,0.05,lgbm_advanced,0.668,1.0,1.0,3.0,tdc/CYP3A4_Veith,tdc,classification,auroc,lgbm_advanced
random_matched_control,0.05,lgbm_basic,0.149,2.0,1.0,4.0,tdc/CYP3A4_Veith,tdc,classification,auroc,lgbm_advanced
random_matched_control,0.05,torch_mlp_advanced,0.006,5.0,3.0,6.0,tdc/CYP3A4_Veith,tdc,classification,auroc,lgbm_advanced
random_matched_control,0.05,torch_mlp_basic,0.014,4.0,2.0,5.0,tdc/CYP3A4_Veith,tdc,classification,auroc,lgbm_advanced
random_matched_control,0.1,ecfp_linear,0.0,6.0,5.0,6.0,tdc/CYP3A4_Veith,tdc,classification,auroc,lgbm_advanced
random_matched_control,0.1,ecfp_rf,0.164,3.0,1.0,5.0,tdc/CYP3A4_Veith,tdc,classification,auroc,lgbm_advanced
random_matched_control,0.1,lgbm_advanced,0.661,1.0,1.0,3.0,tdc/CYP3A4_Veith,tdc,classification,auroc,lgbm_advanced
random_matched_control,0.1,lgbm_basic,0.152,2.0,1.0,4.0,tdc/CYP3A4_Veith,tdc,classification,auroc,lgbm_advanced
random_matched_control,0.1,torch_mlp_advanced,0.005,5.0,3.0,6.0,tdc/CYP3A4_Veith,tdc,classification,auroc,lgbm_advanced
random_matched_control,0.1,torch_mlp_basic,0.017,4.0,2.0,5.0,tdc/CYP3A4_Veith,tdc,classification,auroc,lgbm_advanced
random_matched_control,0.25,ecfp_linear,0.0,6.0,5.0,6.0,tdc/CYP3A4_Veith,tdc,classification,auroc,lgbm_advanced
random_matched_control,0.25,ecfp_rf,0.146,3.0,1.0,4.024999999999977,tdc/CYP3A4_Veith,tdc,classification,auroc,lgbm_advanced
random_matched_control,0.25,lgbm_advanced,0.663,1.0,1.0,3.0,tdc/CYP3A4_Veith,tdc,classification,auroc,lgbm_advanced
random_matched_control,0.25,lgbm_basic,0.156,2.0,1.0,4.0,tdc/CYP3A4_Veith,tdc,classification,auroc,lgbm_advanced
random_matched_control,0.25,torch_mlp_advanced,0.009,5.0,3.0,6.0,tdc/CYP3A4_Veith,tdc,classification,auroc,lgbm_advanced
random_matched_control,0.25,torch_mlp_basic,0.023,4.0,2.0,5.0,tdc/CYP3A4_Veith,tdc,classification,auroc,lgbm_advanced
random_matched_control,0.5,ecfp_linear,0.0,6.0,5.0,6.0,tdc/CYP3A4_Veith,tdc,classification,auroc,lgbm_advanced
random_matched_control,0.5,ecfp_rf,0.172,3.0,1.0,5.0,tdc/CYP3A4_Veith,tdc,classification,auroc,lgbm_advanced
random_matched_control,0.5,lgbm_advanced,0.658,1.0,1.0,3.0,tdc/CYP3A4_Veith,tdc,classification,auroc,lgbm_advanced
random_matched_control,0.5,lgbm_basic,0.145,2.0,1.0,4.0,tdc/CYP3A4_Veith,tdc,classification,auroc,lgbm_advanced
random_matched_control,0.5,torch_mlp_advanced,0.0,5.0,3.0,6.0,tdc/CYP3A4_Veith,tdc,classification,auroc,lgbm_advanced
random_matched_control,0.5,torch_mlp_basic,0.019,4.0,2.0,5.0,tdc/CYP3A4_Veith,tdc,classification,auroc,lgbm_advanced
random_matched_control,0.75,ecfp_linear,0.0,6.0,5.0,6.0,tdc/CYP3A4_Veith,tdc,classification,auroc,lgbm_advanced
random_matched_control,0.75,ecfp_rf,0.148,3.0,1.0,5.0,tdc/CYP3A4_Veith,tdc,classification,auroc,lgbm_advanced
random_matched_control,0.75,lgbm_advanced,0.666,1.0,1.0,3.0,tdc/CYP3A4_Veith,tdc,classification,auroc,lgbm_advanced
random_matched_control,0.75,lgbm_basic,0.163,2.0,1.0,4.0,tdc/CYP3A4_Veith,tdc,classification,auroc,lgbm_advanced
random_matched_control,0.75,torch_mlp_advanced,0.007,5.0,3.0,6.0,tdc/CYP3A4_Veith,tdc,classification,auroc,lgbm_advanced
random_matched_control,0.75,torch_mlp_basic,0.014,4.0,2.0,5.0,tdc/CYP3A4_Veith,tdc,classification,auroc,lgbm_advanced
random_matched_control,observed,ecfp_linear,0.0,6.0,5.0,6.0,tdc/CYP3A4_Veith,tdc,classification,auroc,lgbm_advanced
random_matched_control,observed,ecfp_rf,0.159,3.0,1.0,5.0,tdc/CYP3A4_Veith,tdc,classification,auroc,lgbm_advanced
random_matched_control,observed,lgbm_advanced,0.671,1.0,1.0,3.0,tdc/CYP3A4_Veith,tdc,classification,auroc,lgbm_advanced
random_matched_control,observed,lgbm_basic,0.144,2.0,1.0,3.0,tdc/CYP3A4_Veith,tdc,classification,auroc,lgbm_advanced
random_matched_control,observed,torch_mlp_advanced,0.003,5.0,3.0,6.0,tdc/CYP3A4_Veith,tdc,classification,auroc,lgbm_advanced
random_matched_control,observed,torch_mlp_basic,0.021,4.0,2.0,5.0,tdc/CYP3A4_Veith,tdc,classification,auroc,lgbm_advanced
clean_reference,0.0,ecfp_linear,0.0,4.0,4.0,4.0,tdc/Caco2_Wang,tdc,regression,rmse,lgbm_advanced
clean_reference,0.0,ecfp_rf,0.0,2.0,2.0,2.0,tdc/Caco2_Wang,tdc,regression,rmse,lgbm_advanced
clean_reference,0.0,lgbm_advanced,1.0,1.0,1.0,1.0,tdc/Caco2_Wang,tdc,regression,rmse,lgbm_advanced
clean_reference,0.0,lgbm_basic,0.0,3.0,3.0,3.0,tdc/Caco2_Wang,tdc,regression,rmse,lgbm_advanced
clean_reference,0.0,torch_mlp_advanced,0.0,5.0,5.0,5.0,tdc/Caco2_Wang,tdc,regression,rmse,lgbm_advanced
clean_reference,0.0,torch_mlp_basic,0.0,6.0,6.0,6.0,tdc/Caco2_Wang,tdc,regression,rmse,lgbm_advanced
conflict_curve,0.0,ecfp_linear,0.083,4.0,1.0,6.0,tdc/Caco2_Wang,tdc,regression,rmse,lgbm_advanced
conflict_curve,0.0,ecfp_rf,0.273,2.0,1.0,4.0,tdc/Caco2_Wang,tdc,regression,rmse,lgbm_advanced
conflict_curve,0.0,lgbm_advanced,0.415,2.0,1.0,4.0,tdc/Caco2_Wang,tdc,regression,rmse,lgbm_advanced
conflict_curve,0.0,lgbm_basic,0.198,3.0,1.0,4.0,tdc/Caco2_Wang,tdc,regression,rmse,lgbm_advanced
conflict_curve,0.0,torch_mlp_advanced,0.028,5.0,1.0,6.0,tdc/Caco2_Wang,tdc,regression,rmse,lgbm_advanced
conflict_curve,0.0,torch_mlp_basic,0.003,6.0,4.0,6.0,tdc/Caco2_Wang,tdc,regression,rmse,lgbm_advanced
conflict_curve,0.05,ecfp_linear,0.089,4.0,1.0,6.0,tdc/Caco2_Wang,tdc,regression,rmse,lgbm_advanced
conflict_curve,0.05,ecfp_rf,0.292,2.0,1.0,4.0,tdc/Caco2_Wang,tdc,regression,rmse,lgbm_advanced
conflict_curve,0.05,lgbm_advanced,0.389,2.0,1.0,4.0,tdc/Caco2_Wang,tdc,regression,rmse,lgbm_advanced
conflict_curve,0.05,lgbm_basic,0.192,3.0,1.0,4.0,tdc/Caco2_Wang,tdc,regression,rmse,lgbm_advanced
conflict_curve,0.05,torch_mlp_advanced,0.032,5.0,1.0,6.0,tdc/Caco2_Wang,tdc,regression,rmse,lgbm_advanced
conflict_curve,0.05,torch_mlp_basic,0.006,6.0,4.0,6.0,tdc/Caco2_Wang,tdc,regression,rmse,lgbm_advanced
conflict_curve,0.1,ecfp_linear,0.109,4.0,1.0,6.0,tdc/Caco2_Wang,tdc,regression,rmse,lgbm_advanced
conflict_curve,0.1,ecfp_rf,0.368,2.0,1.0,4.0,tdc/Caco2_Wang,tdc,regression,rmse,lgbm_advanced
conflict_curve,0.1,lgbm_advanced,0.295,2.0,1.0,4.0,tdc/Caco2_Wang,tdc,regression,rmse,lgbm_advanced
conflict_curve,0.1,lgbm_basic,0.187,3.0,1.0,5.0,tdc/Caco2_Wang,tdc,regression,rmse,lgbm_advanced
conflict_curve,0.1,torch_mlp_advanced,0.037,5.0,1.0,6.0,tdc/Caco2_Wang,tdc,regression,rmse,lgbm_advanced
conflict_curve,0.1,torch_mlp_basic,0.004,6.0,4.0,6.0,tdc/Caco2_Wang,tdc,regression,rmse,lgbm_advanced
conflict_curve,0.25,ecfp_linear,0.132,4.0,1.0,6.0,tdc/Caco2_Wang,tdc,regression,rmse,lgbm_advanced
conflict_curve,0.25,ecfp_rf,0.314,2.0,1.0,4.0,tdc/Caco2_Wang,tdc,regression,rmse,lgbm_advanced
conflict_curve,0.25,lgbm_advanced,0.281,2.0,1.0,5.0,tdc/Caco2_Wang,tdc,regression,rmse,lgbm_advanced
conflict_curve,0.25,lgbm_basic,0.187,3.0,1.0,5.0,tdc/Caco2_Wang,tdc,regression,rmse,lgbm_advanced
conflict_curve,0.25,torch_mlp_advanced,0.067,5.0,1.0,6.0,tdc/Caco2_Wang,tdc,regression,rmse,lgbm_advanced
conflict_curve,0.25,torch_mlp_basic,0.019,6.0,2.0,6.0,tdc/Caco2_Wang,tdc,regression,rmse,lgbm_advanced
conflict_curve,0.5,ecfp_linear,0.113,4.0,1.0,6.0,tdc/Caco2_Wang,tdc,regression,rmse,lgbm_advanced
conflict_curve,0.5,ecfp_rf,0.269,2.0,1.0,5.0,tdc/Caco2_Wang,tdc,regression,rmse,lgbm_advanced
conflict_curve,0.5,lgbm_advanced,0.26,2.0,1.0,5.0,tdc/Caco2_Wang,tdc,regression,rmse,lgbm_advanced
conflict_curve,0.5,lgbm_basic,0.228,3.0,1.0,6.0,tdc/Caco2_Wang,tdc,regression,rmse,lgbm_advanced
conflict_curve,0.5,torch_mlp_advanced,0.102,5.0,1.0,6.0,tdc/Caco2_Wang,tdc,regression,rmse,lgbm_advanced
conflict_curve,0.5,torch_mlp_basic,0.028,6.0,1.0,6.0,tdc/Caco2_Wang,tdc,regression,rmse,lgbm_advanced
conflict_curve,0.75,ecfp_linear,0.134,4.0,1.0,6.0,tdc/Caco2_Wang,tdc,regression,rmse,lgbm_advanced
conflict_curve,0.75,ecfp_rf,0.07,4.0,1.0,6.0,tdc/Caco2_Wang,tdc,regression,rmse,lgbm_advanced
conflict_curve,0.75,lgbm_advanced,0.185,2.0,1.0,4.0,tdc/Caco2_Wang,tdc,regression,rmse,lgbm_advanced
conflict_curve,0.75,lgbm_basic,0.445,2.0,1.0,5.024999999999977,tdc/Caco2_Wang,tdc,regression,rmse,lgbm_advanced
conflict_curve,0.75,torch_mlp_advanced,0.1,5.0,1.0,6.0,tdc/Caco2_Wang,tdc,regression,rmse,lgbm_advanced
conflict_curve,0.75,torch_mlp_basic,0.066,6.0,1.0,6.0,tdc/Caco2_Wang,tdc,regression,rmse,lgbm_advanced
conflict_curve,observed,ecfp_linear,0.06,4.0,1.0,6.0,tdc/Caco2_Wang,tdc,regression,rmse,lgbm_advanced
conflict_curve,observed,ecfp_rf,0.282,2.0,1.0,4.0,tdc/Caco2_Wang,tdc,regression,rmse,lgbm_advanced
conflict_curve,observed,lgbm_advanced,0.381,2.0,1.0,4.0,tdc/Caco2_Wang,tdc,regression,rmse,lgbm_advanced
conflict_curve,observed,lgbm_basic,0.233,2.0,1.0,5.0,tdc/Caco2_Wang,tdc,regression,rmse,lgbm_advanced
conflict_curve,observed,torch_mlp_advanced,0.04,5.0,1.0,6.0,tdc/Caco2_Wang,tdc,regression,rmse,lgbm_advanced
conflict_curve,observed,torch_mlp_basic,0.004,6.0,4.0,6.0,tdc/Caco2_Wang,tdc,regression,rmse,lgbm_advanced
leakage_curve,0.0,ecfp_linear,0.0,4.0,4.0,4.0,tdc/Caco2_Wang,tdc,regression,rmse,lgbm_advanced
leakage_curve,0.0,ecfp_rf,0.275,2.0,1.0,3.0,tdc/Caco2_Wang,tdc,regression,rmse,lgbm_advanced
leakage_curve,0.0,lgbm_advanced,0.723,1.0,1.0,2.0,tdc/Caco2_Wang,tdc,regression,rmse,lgbm_advanced
leakage_curve,0.0,lgbm_basic,0.002,3.0,2.0,3.0,tdc/Caco2_Wang,tdc,regression,rmse,lgbm_advanced
leakage_curve,0.0,torch_mlp_advanced,0.0,5.0,5.0,5.0,tdc/Caco2_Wang,tdc,regression,rmse,lgbm_advanced
leakage_curve,0.0,torch_mlp_basic,0.0,6.0,6.0,6.0,tdc/Caco2_Wang,tdc,regression,rmse,lgbm_advanced
leakage_curve,0.05,ecfp_linear,0.0,4.0,4.0,4.0,tdc/Caco2_Wang,tdc,regression,rmse,lgbm_advanced
leakage_curve,0.05,ecfp_rf,0.279,2.0,1.0,3.0,tdc/Caco2_Wang,tdc,regression,rmse,lgbm_advanced
leakage_curve,0.05,lgbm_advanced,0.718,1.0,1.0,2.0,tdc/Caco2_Wang,tdc,regression,rmse,lgbm_advanced
leakage_curve,0.05,lgbm_basic,0.003,3.0,2.0,3.0,tdc/Caco2_Wang,tdc,regression,rmse,lgbm_advanced
leakage_curve,0.05,torch_mlp_advanced,0.0,5.0,5.0,5.0,tdc/Caco2_Wang,tdc,regression,rmse,lgbm_advanced
leakage_curve,0.05,torch_mlp_basic,0.0,6.0,6.0,6.0,tdc/Caco2_Wang,tdc,regression,rmse,lgbm_advanced
leakage_curve,0.1,ecfp_linear,0.0,4.0,4.0,4.0,tdc/Caco2_Wang,tdc,regression,rmse,lgbm_advanced
leakage_curve,0.1,ecfp_rf,0.281,2.0,1.0,3.0,tdc/Caco2_Wang,tdc,regression,rmse,lgbm_advanced
leakage_curve,0.1,lgbm_advanced,0.713,1.0,1.0,2.0,tdc/Caco2_Wang,tdc,regression,rmse,lgbm_advanced
leakage_curve,0.1,lgbm_basic,0.006,3.0,2.0,3.0,tdc/Caco2_Wang,tdc,regression,rmse,lgbm_advanced
leakage_curve,0.1,torch_mlp_advanced,0.0,5.0,5.0,5.0,tdc/Caco2_Wang,tdc,regression,rmse,lgbm_advanced
leakage_curve,0.1,torch_mlp_basic,0.0,6.0,6.0,6.0,tdc/Caco2_Wang,tdc,regression,rmse,lgbm_advanced
leakage_curve,0.25,ecfp_linear,0.0,4.0,4.0,4.0,tdc/Caco2_Wang,tdc,regression,rmse,lgbm_advanced
leakage_curve,0.25,ecfp_rf,0.321,2.0,1.0,3.0,tdc/Caco2_Wang,tdc,regression,rmse,lgbm_advanced
leakage_curve,0.25,lgbm_advanced,0.664,1.0,1.0,2.0,tdc/Caco2_Wang,tdc,regression,rmse,lgbm_advanced
leakage_curve,0.25,lgbm_basic,0.015,3.0,2.0,3.0,tdc/Caco2_Wang,tdc,regression,rmse,lgbm_advanced
leakage_curve,0.25,torch_mlp_advanced,0.0,5.0,5.0,5.0,tdc/Caco2_Wang,tdc,regression,rmse,lgbm_advanced
leakage_curve,0.25,torch_mlp_basic,0.0,6.0,6.0,6.0,tdc/Caco2_Wang,tdc,regression,rmse,lgbm_advanced
leakage_curve,0.5,ecfp_linear,0.0,4.0,4.0,4.0,tdc/Caco2_Wang,tdc,regression,rmse,lgbm_advanced
leakage_curve,0.5,ecfp_rf,0.286,2.0,1.0,3.0,tdc/Caco2_Wang,tdc,regression,rmse,lgbm_advanced
leakage_curve,0.5,lgbm_advanced,0.683,1.0,1.0,3.0,tdc/Caco2_Wang,tdc,regression,rmse,lgbm_advanced
leakage_curve,0.5,lgbm_basic,0.031,3.0,1.0,3.0,tdc/Caco2_Wang,tdc,regression,rmse,lgbm_advanced
leakage_curve,0.5,torch_mlp_advanced,0.0,5.0,5.0,5.0,tdc/Caco2_Wang,tdc,regression,rmse,lgbm_advanced
leakage_curve,0.5,torch_mlp_basic,0.0,6.0,6.0,6.0,tdc/Caco2_Wang,tdc,regression,rmse,lgbm_advanced
leakage_curve,0.75,ecfp_linear,0.017,4.0,2.0,4.0,tdc/Caco2_Wang,tdc,regression,rmse,lgbm_advanced
leakage_curve,0.75,ecfp_rf,0.227,2.0,1.0,4.0,tdc/Caco2_Wang,tdc,regression,rmse,lgbm_advanced
leakage_curve,0.75,lgbm_advanced,0.643,1.0,1.0,3.0,tdc/Caco2_Wang,tdc,regression,rmse,lgbm_advanced
leakage_curve,0.75,lgbm_basic,0.113,3.0,1.0,4.0,tdc/Caco2_Wang,tdc,regression,rmse,lgbm_advanced
leakage_curve,0.75,torch_mlp_advanced,0.0,5.0,5.0,5.0,tdc/Caco2_Wang,tdc,regression,rmse,lgbm_advanced
leakage_curve,0.75,torch_mlp_basic,0.0,6.0,6.0,6.0,tdc/Caco2_Wang,tdc,regression,rmse,lgbm_advanced
leakage_curve,observed,ecfp_linear,0.0,4.0,4.0,4.0,tdc/Caco2_Wang,tdc,regression,rmse,lgbm_advanced
leakage_curve,observed,ecfp_rf,0.327,2.0,1.0,3.0,tdc/Caco2_Wang,tdc,regression,rmse,lgbm_advanced
leakage_curve,observed,lgbm_advanced,0.654,1.0,1.0,2.0,tdc/Caco2_Wang,tdc,regression,rmse,lgbm_advanced
leakage_curve,observed,lgbm_basic,0.019,3.0,2.0,3.0,tdc/Caco2_Wang,tdc,regression,rmse,lgbm_advanced
leakage_curve,observed,torch_mlp_advanced,0.0,5.0,5.0,5.0,tdc/Caco2_Wang,tdc,regression,rmse,lgbm_advanced
leakage_curve,observed,torch_mlp_basic,0.0,6.0,6.0,6.0,tdc/Caco2_Wang,tdc,regression,rmse,lgbm_advanced
observed_composition,observed,ecfp_linear,0.0,4.0,4.0,4.0,tdc/Caco2_Wang,tdc,regression,rmse,lgbm_advanced
observed_composition,observed,ecfp_rf,0.0,2.0,2.0,2.0,tdc/Caco2_Wang,tdc,regression,rmse,lgbm_advanced
observed_composition,observed,lgbm_advanced,1.0,1.0,1.0,1.0,tdc/Caco2_Wang,tdc,regression,rmse,lgbm_advanced
observed_composition,observed,lgbm_basic,0.0,3.0,3.0,3.0,tdc/Caco2_Wang,tdc,regression,rmse,lgbm_advanced
observed_composition,observed,torch_mlp_advanced,0.0,5.0,5.0,5.0,tdc/Caco2_Wang,tdc,regression,rmse,lgbm_advanced
observed_composition,observed,torch_mlp_basic,0.0,6.0,6.0,6.0,tdc/Caco2_Wang,tdc,regression,rmse,lgbm_advanced
random_matched_control,0.0,ecfp_linear,0.06,4.0,1.0,6.0,tdc/Caco2_Wang,tdc,regression,rmse,lgbm_advanced
random_matched_control,0.0,ecfp_rf,0.287,2.0,1.0,4.0,tdc/Caco2_Wang,tdc,regression,rmse,lgbm_advanced
random_matched_control,0.0,lgbm_advanced,0.4085,2.0,1.0,4.0,tdc/Caco2_Wang,tdc,regression,rmse,lgbm_advanced
random_matched_control,0.0,lgbm_basic,0.209,2.0,1.0,4.0,tdc/Caco2_Wang,tdc,regression,rmse,lgbm_advanced
random_matched_control,0.0,torch_mlp_advanced,0.03,5.0,1.0,6.0,tdc/Caco2_Wang,tdc,regression,rmse,lgbm_advanced
random_matched_control,0.0,torch_mlp_basic,0.0055,6.0,4.0,6.0,tdc/Caco2_Wang,tdc,regression,rmse,lgbm_advanced
random_matched_control,0.05,ecfp_linear,0.0555,4.0,1.0,6.0,tdc/Caco2_Wang,tdc,regression,rmse,lgbm_advanced
random_matched_control,0.05,ecfp_rf,0.299,2.0,1.0,4.0,tdc/Caco2_Wang,tdc,regression,rmse,lgbm_advanced
random_matched_control,0.05,lgbm_advanced,0.4265,2.0,1.0,4.0,tdc/Caco2_Wang,tdc,regression,rmse,lgbm_advanced
random_matched_control,0.05,lgbm_basic,0.19,2.0,1.0,4.0,tdc/Caco2_Wang,tdc,regression,rmse,lgbm_advanced
random_matched_control,0.05,torch_mlp_advanced,0.0245,5.0,2.0,6.0,tdc/Caco2_Wang,tdc,regression,rmse,lgbm_advanced
random_matched_control,0.05,torch_mlp_basic,0.0045,6.0,5.0,6.0,tdc/Caco2_Wang,tdc,regression,rmse,lgbm_advanced
random_matched_control,0.1,ecfp_linear,0.0635,4.0,1.0,6.0,tdc/Caco2_Wang,tdc,regression,rmse,lgbm_advanced
random_matched_control,0.1,ecfp_rf,0.269,2.0,1.0,4.0,tdc/Caco2_Wang,tdc,regression,rmse,lgbm_advanced
random_matched_control,0.1,lgbm_advanced,0.4325,2.0,1.0,4.0,tdc/Caco2_Wang,tdc,regression,rmse,lgbm_advanced
random_matched_control,0.1,lgbm_basic,0.2045,2.0,1.0,4.0,tdc/Caco2_Wang,tdc,regression,rmse,lgbm_advanced
random_matched_control,0.1,torch_mlp_advanced,0.027,5.0,1.0,6.0,tdc/Caco2_Wang,tdc,regression,rmse,lgbm_advanced
random_matched_control,0.1,torch_mlp_basic,0.0035,6.0,5.0,6.0,tdc/Caco2_Wang,tdc,regression,rmse,lgbm_advanced
random_matched_control,0.25,ecfp_linear,0.059,4.0,1.0,6.0,tdc/Caco2_Wang,tdc,regression,rmse,lgbm_advanced
random_matched_control,0.25,ecfp_rf,0.2855,2.0,1.0,4.0,tdc/Caco2_Wang,tdc,regression,rmse,lgbm_advanced
random_matched_control,0.25,lgbm_advanced,0.3985,2.0,1.0,4.0,tdc/Caco2_Wang,tdc,regression,rmse,lgbm_advanced
random_matched_control,0.25,lgbm_basic,0.2195,2.0,1.0,4.0,tdc/Caco2_Wang,tdc,regression,rmse,lgbm_advanced
random_matched_control,0.25,torch_mlp_advanced,0.033,5.0,1.0,5.024999999999864,tdc/Caco2_Wang,tdc,regression,rmse,lgbm_advanced
random_matched_control,0.25,torch_mlp_basic,0.0045,6.0,4.975000000000001,6.0,tdc/Caco2_Wang,tdc,regression,rmse,lgbm_advanced
random_matched_control,0.5,ecfp_linear,0.0595,4.0,1.0,6.0,tdc/Caco2_Wang,tdc,regression,rmse,lgbm_advanced
random_matched_control,0.5,ecfp_rf,0.276,2.0,1.0,4.0,tdc/Caco2_Wang,tdc,regression,rmse,lgbm_advanced
random_matched_control,0.5,lgbm_advanced,0.434,2.0,1.0,4.0,tdc/Caco2_Wang,tdc,regression,rmse,lgbm_advanced
random_matched_control,0.5,lgbm_basic,0.1975,2.0,1.0,4.0,tdc/Caco2_Wang,tdc,regression,rmse,lgbm_advanced
random_matched_control,0.5,torch_mlp_advanced,0.0275,5.0,1.0,6.0,tdc/Caco2_Wang,tdc,regression,rmse,lgbm_advanced
random_matched_control,0.5,torch_mlp_basic,0.0055,6.0,4.975000000000001,6.0,tdc/Caco2_Wang,tdc,regression,rmse,lgbm_advanced
random_matched_control,0.75,ecfp_linear,0.0585,4.0,1.0,6.0,tdc/Caco2_Wang,tdc,regression,rmse,lgbm_advanced
random_matched_control,0.75,ecfp_rf,0.29,2.0,1.0,4.0,tdc/Caco2_Wang,tdc,regression,rmse,lgbm_advanced
random_matched_control,0.75,lgbm_advanced,0.4005,2.0,1.0,4.0,tdc/Caco2_Wang,tdc,regression,rmse,lgbm_advanced
random_matched_control,0.75,lgbm_basic,0.2155,2.0,1.0,4.0,tdc/Caco2_Wang,tdc,regression,rmse,lgbm_advanced
random_matched_control,0.75,torch_mlp_advanced,0.0315,5.0,1.0,6.0,tdc/Caco2_Wang,tdc,regression,rmse,lgbm_advanced
random_matched_control,0.75,torch_mlp_basic,0.004,6.0,5.0,6.0,tdc/Caco2_Wang,tdc,regression,rmse,lgbm_advanced
random_matched_control,observed,ecfp_linear,0.0625,4.0,1.0,6.0,tdc/Caco2_Wang,tdc,regression,rmse,lgbm_advanced
random_matched_control,observed,ecfp_rf,0.3015,2.0,1.0,4.0,tdc/Caco2_Wang,tdc,regression,rmse,lgbm_advanced
random_matched_control,observed,lgbm_advanced,0.4005,2.0,1.0,4.0,tdc/Caco2_Wang,tdc,regression,rmse,lgbm_advanced
random_matched_control,observed,lgbm_basic,0.199,2.0,1.0,4.0,tdc/Caco2_Wang,tdc,regression,rmse,lgbm_advanced
random_matched_control,observed,torch_mlp_advanced,0.0315,5.0,1.0,6.0,tdc/Caco2_Wang,tdc,regression,rmse,lgbm_advanced
random_matched_control,observed,torch_mlp_basic,0.005,6.0,4.0,6.0,tdc/Caco2_Wang,tdc,regression,rmse,lgbm_advanced
clean_reference,0.0,ecfp_linear,0.0,6.0,6.0,6.0,tdc/Clearance_Hepatocyte_AZ,tdc,regression,rmse,ecfp_rf
clean_reference,0.0,ecfp_rf,0.0,2.0,2.0,2.0,tdc/Clearance_Hepatocyte_AZ,tdc,regression,rmse,ecfp_rf
clean_reference,0.0,lgbm_advanced,1.0,1.0,1.0,1.0,tdc/Clearance_Hepatocyte_AZ,tdc,regression,rmse,ecfp_rf
clean_reference,0.0,lgbm_basic,0.0,3.0,3.0,3.0,tdc/Clearance_Hepatocyte_AZ,tdc,regression,rmse,ecfp_rf
clean_reference,0.0,torch_mlp_advanced,0.0,4.0,4.0,4.0,tdc/Clearance_Hepatocyte_AZ,tdc,regression,rmse,ecfp_rf
clean_reference,0.0,torch_mlp_basic,0.0,5.0,5.0,5.0,tdc/Clearance_Hepatocyte_AZ,tdc,regression,rmse,ecfp_rf
conflict_curve,0.0,ecfp_linear,0.0,6.0,6.0,6.0,tdc/Clearance_Hepatocyte_AZ,tdc,regression,rmse,ecfp_rf
conflict_curve,0.0,ecfp_rf,0.405,2.0,1.0,3.0,tdc/Clearance_Hepatocyte_AZ,tdc,regression,rmse,ecfp_rf
conflict_curve,0.0,lgbm_advanced,0.562,1.0,1.0,3.0,tdc/Clearance_Hepatocyte_AZ,tdc,regression,rmse,ecfp_rf
conflict_curve,0.0,lgbm_basic,0.017,3.0,2.0,4.0,tdc/Clearance_Hepatocyte_AZ,tdc,regression,rmse,ecfp_rf
conflict_curve,0.0,torch_mlp_advanced,0.016,4.0,2.0,4.0,tdc/Clearance_Hepatocyte_AZ,tdc,regression,rmse,ecfp_rf
conflict_curve,0.0,torch_mlp_basic,0.0,5.0,5.0,5.0,tdc/Clearance_Hepatocyte_AZ,tdc,regression,rmse,ecfp_rf
conflict_curve,0.05,ecfp_linear,0.0,6.0,6.0,6.0,tdc/Clearance_Hepatocyte_AZ,tdc,regression,rmse,ecfp_rf
conflict_curve,0.05,ecfp_rf,0.58,1.0,1.0,3.0,tdc/Clearance_Hepatocyte_AZ,tdc,regression,rmse,ecfp_rf
conflict_curve,0.05,lgbm_advanced,0.366,2.0,1.0,3.0,tdc/Clearance_Hepatocyte_AZ,tdc,regression,rmse,ecfp_rf
conflict_curve,0.05,lgbm_basic,0.04,3.0,1.0,4.0,tdc/Clearance_Hepatocyte_AZ,tdc,regression,rmse,ecfp_rf
conflict_curve,0.05,torch_mlp_advanced,0.014,4.0,2.0,4.0,tdc/Clearance_Hepatocyte_AZ,tdc,regression,rmse,ecfp_rf
conflict_curve,0.05,torch_mlp_basic,0.0,5.0,5.0,5.0,tdc/Clearance_Hepatocyte_AZ,tdc,regression,rmse,ecfp_rf
conflict_curve,0.1,ecfp_linear,0.0,6.0,6.0,6.0,tdc/Clearance_Hepatocyte_AZ,tdc,regression,rmse,ecfp_rf
conflict_curve,0.1,ecfp_rf,0.661,1.0,1.0,3.0,tdc/Clearance_Hepatocyte_AZ,tdc,regression,rmse,ecfp_rf
conflict_curve,0.1,lgbm_advanced,0.263,2.0,1.0,3.0,tdc/Clearance_Hepatocyte_AZ,tdc,regression,rmse,ecfp_rf
conflict_curve,0.1,lgbm_basic,0.062,3.0,1.0,4.0,tdc/Clearance_Hepatocyte_AZ,tdc,regression,rmse,ecfp_rf
conflict_curve,0.1,torch_mlp_advanced,0.014,4.0,2.0,4.0,tdc/Clearance_Hepatocyte_AZ,tdc,regression,rmse,ecfp_rf
conflict_curve,0.1,torch_mlp_basic,0.0,5.0,5.0,5.0,tdc/Clearance_Hepatocyte_AZ,tdc,regression,rmse,ecfp_rf
conflict_curve,0.25,ecfp_linear,0.0,6.0,6.0,6.0,tdc/Clearance_Hepatocyte_AZ,tdc,regression,rmse,ecfp_rf
conflict_curve,0.25,ecfp_rf,0.903,1.0,1.0,3.0,tdc/Clearance_Hepatocyte_AZ,tdc,regression,rmse,ecfp_rf
conflict_curve,0.25,lgbm_advanced,0.035,3.0,1.0,4.0,tdc/Clearance_Hepatocyte_AZ,tdc,regression,rmse,ecfp_rf
conflict_curve,0.25,lgbm_basic,0.062,2.0,1.0,4.0,tdc/Clearance_Hepatocyte_AZ,tdc,regression,rmse,ecfp_rf
conflict_curve,0.25,torch_mlp_advanced,0.0,4.0,2.0,4.0,tdc/Clearance_Hepatocyte_AZ,tdc,regression,rmse,ecfp_rf
conflict_curve,0.25,torch_mlp_basic,0.0,5.0,5.0,5.0,tdc/Clearance_Hepatocyte_AZ,tdc,regression,rmse,ecfp_rf
conflict_curve,0.5,ecfp_linear,0.0,6.0,6.0,6.0,tdc/Clearance_Hepatocyte_AZ,tdc,regression,rmse,ecfp_rf
conflict_curve,0.5,ecfp_rf,0.968,1.0,1.0,2.0,tdc/Clearance_Hepatocyte_AZ,tdc,regression,rmse,ecfp_rf
conflict_curve,0.5,lgbm_advanced,0.0,3.0,2.9750000000000014,4.0,tdc/Clearance_Hepatocyte_AZ,tdc,regression,rmse,ecfp_rf
conflict_curve,0.5,lgbm_basic,0.032,2.0,1.0,3.0,tdc/Clearance_Hepatocyte_AZ,tdc,regression,rmse,ecfp_rf
conflict_curve,0.5,torch_mlp_advanced,0.0,4.0,3.0,4.0,tdc/Clearance_Hepatocyte_AZ,tdc,regression,rmse,ecfp_rf
conflict_curve,0.5,torch_mlp_basic,0.0,5.0,5.0,5.0,tdc/Clearance_Hepatocyte_AZ,tdc,regression,rmse,ecfp_rf
conflict_curve,0.75,ecfp_linear,0.0,6.0,6.0,6.0,tdc/Clearance_Hepatocyte_AZ,tdc,regression,rmse,ecfp_rf
conflict_curve,0.75,ecfp_rf,1.0,1.0,1.0,1.0,tdc/Clearance_Hepatocyte_AZ,tdc,regression,rmse,ecfp_rf
conflict_curve,0.75,lgbm_advanced,0.0,3.0,3.0,4.0,tdc/Clearance_Hepatocyte_AZ,tdc,regression,rmse,ecfp_rf
conflict_curve,0.75,lgbm_basic,0.0,2.0,2.0,2.0,tdc/Clearance_Hepatocyte_AZ,tdc,regression,rmse,ecfp_rf
conflict_curve,0.75,torch_mlp_advanced,0.0,4.0,3.0,5.0,tdc/Clearance_Hepatocyte_AZ,tdc,regression,rmse,ecfp_rf
conflict_curve,0.75,torch_mlp_basic,0.0,5.0,4.0,5.0,tdc/Clearance_Hepatocyte_AZ,tdc,regression,rmse,ecfp_rf
conflict_curve,observed,ecfp_linear,0.0,6.0,6.0,6.0,tdc/Clearance_Hepatocyte_AZ,tdc,regression,rmse,ecfp_rf
conflict_curve,observed,ecfp_rf,0.853,1.0,1.0,3.0,tdc/Clearance_Hepatocyte_AZ,tdc,regression,rmse,ecfp_rf
conflict_curve,observed,lgbm_advanced,0.059,3.0,1.0,4.0,tdc/Clearance_Hepatocyte_AZ,tdc,regression,rmse,ecfp_rf
conflict_curve,observed,lgbm_basic,0.084,2.0,1.0,4.0,tdc/Clearance_Hepatocyte_AZ,tdc,regression,rmse,ecfp_rf
conflict_curve,observed,torch_mlp_advanced,0.004,4.0,2.0,4.0,tdc/Clearance_Hepatocyte_AZ,tdc,regression,rmse,ecfp_rf
conflict_curve,observed,torch_mlp_basic,0.0,5.0,5.0,5.0,tdc/Clearance_Hepatocyte_AZ,tdc,regression,rmse,ecfp_rf
leakage_curve,0.0,ecfp_linear,0.0,6.0,6.0,6.0,tdc/Clearance_Hepatocyte_AZ,tdc,regression,rmse,ecfp_rf
leakage_curve,0.0,ecfp_rf,0.338,2.0,1.0,4.024999999999977,tdc/Clearance_Hepatocyte_AZ,tdc,regression,rmse,ecfp_rf
leakage_curve,0.0,lgbm_advanced,0.393,2.0,1.0,4.0,tdc/Clearance_Hepatocyte_AZ,tdc,regression,rmse,ecfp_rf
leakage_curve,0.0,lgbm_basic,0.128,3.0,1.0,5.0,tdc/Clearance_Hepatocyte_AZ,tdc,regression,rmse,ecfp_rf
leakage_curve,0.0,torch_mlp_advanced,0.13,4.0,1.0,4.0,tdc/Clearance_Hepatocyte_AZ,tdc,regression,rmse,ecfp_rf
leakage_curve,0.0,torch_mlp_basic,0.011,5.0,2.0,5.0,tdc/Clearance_Hepatocyte_AZ,tdc,regression,rmse,ecfp_rf
leakage_curve,0.05,ecfp_linear,0.0,6.0,6.0,6.0,tdc/Clearance_Hepatocyte_AZ,tdc,regression,rmse,ecfp_rf
leakage_curve,0.05,ecfp_rf,0.363,2.0,1.0,4.0,tdc/Clearance_Hepatocyte_AZ,tdc,regression,rmse,ecfp_rf
leakage_curve,0.05,lgbm_advanced,0.398,2.0,1.0,4.0,tdc/Clearance_Hepatocyte_AZ,tdc,regression,rmse,ecfp_rf
leakage_curve,0.05,lgbm_basic,0.119,3.0,1.0,5.0,tdc/Clearance_Hepatocyte_AZ,tdc,regression,rmse,ecfp_rf
leakage_curve,0.05,torch_mlp_advanced,0.114,4.0,1.0,4.0,tdc/Clearance_Hepatocyte_AZ,tdc,regression,rmse,ecfp_rf
leakage_curve,0.05,torch_mlp_basic,0.006,5.0,2.0,5.0,tdc/Clearance_Hepatocyte_AZ,tdc,regression,rmse,ecfp_rf
leakage_curve,0.1,ecfp_linear,0.0,6.0,6.0,6.0,tdc/Clearance_Hepatocyte_AZ,tdc,regression,rmse,ecfp_rf
leakage_curve,0.1,ecfp_rf,0.398,2.0,1.0,4.0,tdc/Clearance_Hepatocyte_AZ,tdc,regression,rmse,ecfp_rf
leakage_curve,0.1,lgbm_advanced,0.346,2.0,1.0,4.0,tdc/Clearance_Hepatocyte_AZ,tdc,regression,rmse,ecfp_rf
leakage_curve,0.1,lgbm_basic,0.131,3.0,1.0,5.0,tdc/Clearance_Hepatocyte_AZ,tdc,regression,rmse,ecfp_rf
leakage_curve,0.1,torch_mlp_advanced,0.12,4.0,1.0,4.0,tdc/Clearance_Hepatocyte_AZ,tdc,regression,rmse,ecfp_rf
leakage_curve,0.1,torch_mlp_basic,0.005,5.0,3.0,5.0,tdc/Clearance_Hepatocyte_AZ,tdc,regression,rmse,ecfp_rf
leakage_curve,0.25,ecfp_linear,0.002,6.0,6.0,6.0,tdc/Clearance_Hepatocyte_AZ,tdc,regression,rmse,ecfp_rf
leakage_curve,0.25,ecfp_rf,0.386,2.0,1.0,4.0,tdc/Clearance_Hepatocyte_AZ,tdc,regression,rmse,ecfp_rf
leakage_curve,0.25,lgbm_advanced,0.353,2.0,1.0,4.0,tdc/Clearance_Hepatocyte_AZ,tdc,regression,rmse,ecfp_rf
leakage_curve,0.25,lgbm_basic,0.149,3.0,1.0,5.0,tdc/Clearance_Hepatocyte_AZ,tdc,regression,rmse,ecfp_rf
leakage_curve,0.25,torch_mlp_advanced,0.104,4.0,1.0,4.0,tdc/Clearance_Hepatocyte_AZ,tdc,regression,rmse,ecfp_rf
leakage_curve,0.25,torch_mlp_basic,0.006,5.0,2.0,5.0,tdc/Clearance_Hepatocyte_AZ,tdc,regression,rmse,ecfp_rf
leakage_curve,0.5,ecfp_linear,0.003,6.0,5.0,6.0,tdc/Clearance_Hepatocyte_AZ,tdc,regression,rmse,ecfp_rf
leakage_curve,0.5,ecfp_rf,0.428,2.0,1.0,4.0,tdc/Clearance_Hepatocyte_AZ,tdc,regression,rmse,ecfp_rf
leakage_curve,0.5,lgbm_advanced,0.326,2.0,1.0,4.0,tdc/Clearance_Hepatocyte_AZ,tdc,regression,rmse,ecfp_rf
leakage_curve,0.5,lgbm_basic,0.174,3.0,1.0,5.0,tdc/Clearance_Hepatocyte_AZ,tdc,regression,rmse,ecfp_rf
leakage_curve,0.5,torch_mlp_advanced,0.06,4.0,1.0,5.0,tdc/Clearance_Hepatocyte_AZ,tdc,regression,rmse,ecfp_rf
leakage_curve,0.5,torch_mlp_basic,0.009,5.0,2.0,6.0,tdc/Clearance_Hepatocyte_AZ,tdc,regression,rmse,ecfp_rf
leakage_curve,0.75,ecfp_linear,0.0,6.0,5.0,6.0,tdc/Clearance_Hepatocyte_AZ,tdc,regression,rmse,ecfp_rf
leakage_curve,0.75,ecfp_rf,0.48,2.0,1.0,3.0,tdc/Clearance_Hepatocyte_AZ,tdc,regression,rmse,ecfp_rf
leakage_curve,0.75,lgbm_advanced,0.3,2.0,1.0,4.0,tdc/Clearance_Hepatocyte_AZ,tdc,regression,rmse,ecfp_rf
leakage_curve,0.75,lgbm_basic,0.214,2.0,1.0,4.024999999999977,tdc/Clearance_Hepatocyte_AZ,tdc,regression,rmse,ecfp_rf
leakage_curve,0.75,torch_mlp_advanced,0.005,4.0,3.0,5.0,tdc/Clearance_Hepatocyte_AZ,tdc,regression,rmse,ecfp_rf
leakage_curve,0.75,torch_mlp_basic,0.001,5.0,4.0,6.0,tdc/Clearance_Hepatocyte_AZ,tdc,regression,rmse,ecfp_rf
leakage_curve,observed,ecfp_linear,0.0,6.0,6.0,6.0,tdc/Clearance_Hepatocyte_AZ,tdc,regression,rmse,ecfp_rf
leakage_curve,observed,ecfp_rf,0.419,2.0,1.0,4.0,tdc/Clearance_Hepatocyte_AZ,tdc,regression,rmse,ecfp_rf
leakage_curve,observed,lgbm_advanced,0.335,2.0,1.0,4.0,tdc/Clearance_Hepatocyte_AZ,tdc,regression,rmse,ecfp_rf
leakage_curve,observed,lgbm_basic,0.132,3.0,1.0,5.0,tdc/Clearance_Hepatocyte_AZ,tdc,regression,rmse,ecfp_rf
leakage_curve,observed,torch_mlp_advanced,0.106,4.0,1.0,4.0,tdc/Clearance_Hepatocyte_AZ,tdc,regression,rmse,ecfp_rf
leakage_curve,observed,torch_mlp_basic,0.008,5.0,2.0,5.0,tdc/Clearance_Hepatocyte_AZ,tdc,regression,rmse,ecfp_rf
observed_composition,observed,ecfp_linear,0.0,6.0,6.0,6.0,tdc/Clearance_Hepatocyte_AZ,tdc,regression,rmse,ecfp_rf
observed_composition,observed,ecfp_rf,1.0,1.0,1.0,1.0,tdc/Clearance_Hepatocyte_AZ,tdc,regression,rmse,ecfp_rf
observed_composition,observed,lgbm_advanced,0.0,3.0,3.0,3.0,tdc/Clearance_Hepatocyte_AZ,tdc,regression,rmse,ecfp_rf
observed_composition,observed,lgbm_basic,0.0,2.0,2.0,2.0,tdc/Clearance_Hepatocyte_AZ,tdc,regression,rmse,ecfp_rf
observed_composition,observed,torch_mlp_advanced,0.0,4.0,4.0,4.0,tdc/Clearance_Hepatocyte_AZ,tdc,regression,rmse,ecfp_rf
observed_composition,observed,torch_mlp_basic,0.0,5.0,5.0,5.0,tdc/Clearance_Hepatocyte_AZ,tdc,regression,rmse,ecfp_rf
random_matched_control,0.0,ecfp_linear,0.0,6.0,6.0,6.0,tdc/Clearance_Hepatocyte_AZ,tdc,regression,rmse,ecfp_rf
random_matched_control,0.0,ecfp_rf,0.6915,1.0,1.0,3.0,tdc/Clearance_Hepatocyte_AZ,tdc,regression,rmse,ecfp_rf
random_matched_control,0.0,lgbm_advanced,0.09,3.0,1.0,4.0,tdc/Clearance_Hepatocyte_AZ,tdc,regression,rmse,ecfp_rf
random_matched_control,0.0,lgbm_basic,0.1935,2.0,1.0,4.024999999999864,tdc/Clearance_Hepatocyte_AZ,tdc,regression,rmse,ecfp_rf
random_matched_control,0.0,torch_mlp_advanced,0.0205,4.0,2.0,5.0,tdc/Clearance_Hepatocyte_AZ,tdc,regression,rmse,ecfp_rf
random_matched_control,0.0,torch_mlp_basic,0.0045,5.0,3.0,5.0,tdc/Clearance_Hepatocyte_AZ,tdc,regression,rmse,ecfp_rf
random_matched_control,0.05,ecfp_linear,0.0,6.0,6.0,6.0,tdc/Clearance_Hepatocyte_AZ,tdc,regression,rmse,ecfp_rf
random_matched_control,0.05,ecfp_rf,0.686,1.0,1.0,4.0,tdc/Clearance_Hepatocyte_AZ,tdc,regression,rmse,ecfp_rf
random_matched_control,0.05,lgbm_advanced,0.0935,3.0,1.0,4.0,tdc/Clearance_Hepatocyte_AZ,tdc,regression,rmse,ecfp_rf
random_matched_control,0.05,lgbm_basic,0.1975,2.0,1.0,5.0,tdc/Clearance_Hepatocyte_AZ,tdc,regression,rmse,ecfp_rf
random_matched_control,0.05,torch_mlp_advanced,0.017,4.0,2.0,5.0,tdc/Clearance_Hepatocyte_AZ,tdc,regression,rmse,ecfp_rf
random_matched_control,0.05,torch_mlp_basic,0.006,5.0,3.0,5.0,tdc/Clearance_Hepatocyte_AZ,tdc,regression,rmse,ecfp_rf
random_matched_control,0.1,ecfp_linear,0.0,6.0,6.0,6.0,tdc/Clearance_Hepatocyte_AZ,tdc,regression,rmse,ecfp_rf
random_matched_control,0.1,ecfp_rf,0.68,1.0,1.0,4.0,tdc/Clearance_Hepatocyte_AZ,tdc,regression,rmse,ecfp_rf
random_matched_control,0.1,lgbm_advanced,0.0955,3.0,1.0,4.0,tdc/Clearance_Hepatocyte_AZ,tdc,regression,rmse,ecfp_rf
random_matched_control,0.1,lgbm_basic,0.199,2.0,1.0,4.0,tdc/Clearance_Hepatocyte_AZ,tdc,regression,rmse,ecfp_rf
random_matched_control,0.1,torch_mlp_advanced,0.02,4.0,2.0,4.0,tdc/Clearance_Hepatocyte_AZ,tdc,regression,rmse,ecfp_rf
random_matched_control,0.1,torch_mlp_basic,0.0055,5.0,3.0,5.0,tdc/Clearance_Hepatocyte_AZ,tdc,regression,rmse,ecfp_rf
random_matched_control,0.25,ecfp_linear,0.0005,6.0,6.0,6.0,tdc/Clearance_Hepatocyte_AZ,tdc,regression,rmse,ecfp_rf
random_matched_control,0.25,ecfp_rf,0.702,1.0,1.0,4.0,tdc/Clearance_Hepatocyte_AZ,tdc,regression,rmse,ecfp_rf
random_matched_control,0.25,lgbm_advanced,0.0925,3.0,1.0,4.0,tdc/Clearance_Hepatocyte_AZ,tdc,regression,rmse,ecfp_rf
random_matched_control,0.25,lgbm_basic,0.183,2.0,1.0,4.0,tdc/Clearance_Hepatocyte_AZ,tdc,regression,rmse,ecfp_rf
random_matched_control,0.25,torch_mlp_advanced,0.017,4.0,2.0,5.0,tdc/Clearance_Hepatocyte_AZ,tdc,regression,rmse,ecfp_rf
random_matched_control,0.25,torch_mlp_basic,0.005,5.0,3.0,5.0,tdc/Clearance_Hepatocyte_AZ,tdc,regression,rmse,ecfp_rf
random_matched_control,0.5,ecfp_linear,0.0005,6.0,6.0,6.0,tdc/Clearance_Hepatocyte_AZ,tdc,regression,rmse,ecfp_rf
random_matched_control,0.5,ecfp_rf,0.6955,1.0,1.0,4.0,tdc/Clearance_Hepatocyte_AZ,tdc,regression,rmse,ecfp_rf
random_matched_control,0.5,lgbm_advanced,0.0855,3.0,1.0,4.0,tdc/Clearance_Hepatocyte_AZ,tdc,regression,rmse,ecfp_rf
random_matched_control,0.5,lgbm_basic,0.197,2.0,1.0,5.0,tdc/Clearance_Hepatocyte_AZ,tdc,regression,rmse,ecfp_rf
random_matched_control,0.5,torch_mlp_advanced,0.0165,4.0,2.0,5.0,tdc/Clearance_Hepatocyte_AZ,tdc,regression,rmse,ecfp_rf
random_matched_control,0.5,torch_mlp_basic,0.005,5.0,3.0,5.0,tdc/Clearance_Hepatocyte_AZ,tdc,regression,rmse,ecfp_rf
random_matched_control,0.75,ecfp_linear,0.0005,6.0,6.0,6.0,tdc/Clearance_Hepatocyte_AZ,tdc,regression,rmse,ecfp_rf
random_matched_control,0.75,ecfp_rf,0.6965,1.0,1.0,3.0,tdc/Clearance_Hepatocyte_AZ,tdc,regression,rmse,ecfp_rf
random_matched_control,0.75,lgbm_advanced,0.09,3.0,1.0,4.0,tdc/Clearance_Hepatocyte_AZ,tdc,regression,rmse,ecfp_rf
random_matched_control,0.75,lgbm_basic,0.186,2.0,1.0,5.0,tdc/Clearance_Hepatocyte_AZ,tdc,regression,rmse,ecfp_rf
random_matched_control,0.75,torch_mlp_advanced,0.0235,4.0,2.0,5.0,tdc/Clearance_Hepatocyte_AZ,tdc,regression,rmse,ecfp_rf
random_matched_control,0.75,torch_mlp_basic,0.0035,5.0,3.0,5.0,tdc/Clearance_Hepatocyte_AZ,tdc,regression,rmse,ecfp_rf
random_matched_control,observed,ecfp_linear,0.0,6.0,6.0,6.0,tdc/Clearance_Hepatocyte_AZ,tdc,regression,rmse,ecfp_rf
random_matched_control,observed,ecfp_rf,0.673,1.0,1.0,4.0,tdc/Clearance_Hepatocyte_AZ,tdc,regression,rmse,ecfp_rf
random_matched_control,observed,lgbm_advanced,0.1,3.0,1.0,4.0,tdc/Clearance_Hepatocyte_AZ,tdc,regression,rmse,ecfp_rf
random_matched_control,observed,lgbm_basic,0.205,2.0,1.0,5.0,tdc/Clearance_Hepatocyte_AZ,tdc,regression,rmse,ecfp_rf
random_matched_control,observed,torch_mlp_advanced,0.0165,4.0,2.0,5.0,tdc/Clearance_Hepatocyte_AZ,tdc,regression,rmse,ecfp_rf
random_matched_control,observed,torch_mlp_basic,0.0055,5.0,3.0,5.0,tdc/Clearance_Hepatocyte_AZ,tdc,regression,rmse,ecfp_rf
clean_reference,0.0,ecfp_linear,0.0,6.0,6.0,6.0,tdc/Clearance_Microsome_AZ,tdc,regression,rmse,lgbm_advanced
clean_reference,0.0,ecfp_rf,0.0,3.0,3.0,3.0,tdc/Clearance_Microsome_AZ,tdc,regression,rmse,lgbm_advanced
clean_reference,0.0,lgbm_advanced,1.0,1.0,1.0,1.0,tdc/Clearance_Microsome_AZ,tdc,regression,rmse,lgbm_advanced
clean_reference,0.0,lgbm_basic,0.0,2.0,2.0,2.0,tdc/Clearance_Microsome_AZ,tdc,regression,rmse,lgbm_advanced
clean_reference,0.0,torch_mlp_advanced,0.0,4.0,4.0,4.0,tdc/Clearance_Microsome_AZ,tdc,regression,rmse,lgbm_advanced
clean_reference,0.0,torch_mlp_basic,0.0,5.0,5.0,5.0,tdc/Clearance_Microsome_AZ,tdc,regression,rmse,lgbm_advanced
conflict_curve,0.0,ecfp_linear,0.093,6.0,1.0,6.0,tdc/Clearance_Microsome_AZ,tdc,regression,rmse,lgbm_advanced
conflict_curve,0.0,ecfp_rf,0.14,3.0,1.0,6.0,tdc/Clearance_Microsome_AZ,tdc,regression,rmse,lgbm_advanced
conflict_curve,0.0,lgbm_advanced,0.227,2.0,1.0,6.0,tdc/Clearance_Microsome_AZ,tdc,regression,rmse,lgbm_advanced
conflict_curve,0.0,lgbm_basic,0.31,2.0,1.0,6.0,tdc/Clearance_Microsome_AZ,tdc,regression,rmse,lgbm_advanced
conflict_curve,0.0,torch_mlp_advanced,0.146,4.0,1.0,6.0,tdc/Clearance_Microsome_AZ,tdc,regression,rmse,lgbm_advanced
conflict_curve,0.0,torch_mlp_basic,0.084,4.0,1.0,6.0,tdc/Clearance_Microsome_AZ,tdc,regression,rmse,lgbm_advanced
conflict_curve,0.05,ecfp_linear,0.094,6.0,1.0,6.0,tdc/Clearance_Microsome_AZ,tdc,regression,rmse,lgbm_advanced
conflict_curve,0.05,ecfp_rf,0.145,3.0,1.0,6.0,tdc/Clearance_Microsome_AZ,tdc,regression,rmse,lgbm_advanced
conflict_curve,0.05,lgbm_advanced,0.2,2.0,1.0,6.0,tdc/Clearance_Microsome_AZ,tdc,regression,rmse,lgbm_advanced
conflict_curve,0.05,lgbm_basic,0.338,2.0,1.0,6.0,tdc/Clearance_Microsome_AZ,tdc,regression,rmse,lgbm_advanced
conflict_curve,0.05,torch_mlp_advanced,0.133,4.0,1.0,6.0,tdc/Clearance_Microsome_AZ,tdc,regression,rmse,lgbm_advanced
conflict_curve,0.05,torch_mlp_basic,0.09,4.0,1.0,6.0,tdc/Clearance_Microsome_AZ,tdc,regression,rmse,lgbm_advanced
conflict_curve,0.1,ecfp_linear,0.093,6.0,1.0,6.0,tdc/Clearance_Microsome_AZ,tdc,regression,rmse,lgbm_advanced
conflict_curve,0.1,ecfp_rf,0.169,3.0,1.0,6.0,tdc/Clearance_Microsome_AZ,tdc,regression,rmse,lgbm_advanced
conflict_curve,0.1,lgbm_advanced,0.213,2.0,1.0,6.0,tdc/Clearance_Microsome_AZ,tdc,regression,rmse,lgbm_advanced
conflict_curve,0.1,lgbm_basic,0.306,2.0,1.0,6.0,tdc/Clearance_Microsome_AZ,tdc,regression,rmse,lgbm_advanced
conflict_curve,0.1,torch_mlp_advanced,0.151,4.0,1.0,6.0,tdc/Clearance_Microsome_AZ,tdc,regression,rmse,lgbm_advanced
conflict_curve,0.1,torch_mlp_basic,0.068,4.0,1.0,6.0,tdc/Clearance_Microsome_AZ,tdc,regression,rmse,lgbm_advanced
conflict_curve,0.25,ecfp_linear,0.19,5.0,1.0,6.0,tdc/Clearance_Microsome_AZ,tdc,regression,rmse,lgbm_advanced
conflict_curve,0.25,ecfp_rf,0.18,3.0,1.0,6.0,tdc/Clearance_Microsome_AZ,tdc,regression,rmse,lgbm_advanced
conflict_curve,0.25,lgbm_advanced,0.165,2.0,1.0,6.0,tdc/Clearance_Microsome_AZ,tdc,regression,rmse,lgbm_advanced
conflict_curve,0.25,lgbm_basic,0.352,2.0,1.0,6.0,tdc/Clearance_Microsome_AZ,tdc,regression,rmse,lgbm_advanced
conflict_curve,0.25,torch_mlp_advanced,0.105,4.0,1.0,6.0,tdc/Clearance_Microsome_AZ,tdc,regression,rmse,lgbm_advanced
conflict_curve,0.25,torch_mlp_basic,0.008,5.0,2.0,6.0,tdc/Clearance_Microsome_AZ,tdc,regression,rmse,lgbm_advanced
conflict_curve,0.5,ecfp_linear,0.234,4.0,1.0,6.0,tdc/Clearance_Microsome_AZ,tdc,regression,rmse,lgbm_advanced
conflict_curve,0.5,ecfp_rf,0.123,3.0,1.0,6.0,tdc/Clearance_Microsome_AZ,tdc,regression,rmse,lgbm_advanced
conflict_curve,0.5,lgbm_advanced,0.077,2.0,1.0,6.0,tdc/Clearance_Microsome_AZ,tdc,regression,rmse,lgbm_advanced
conflict_curve,0.5,lgbm_basic,0.448,2.0,1.0,6.0,tdc/Clearance_Microsome_AZ,tdc,regression,rmse,lgbm_advanced
conflict_curve,0.5,torch_mlp_advanced,0.118,4.0,1.0,6.0,tdc/Clearance_Microsome_AZ,tdc,regression,rmse,lgbm_advanced
conflict_curve,0.5,torch_mlp_basic,0.0,5.0,3.0,6.0,tdc/Clearance_Microsome_AZ,tdc,regression,rmse,lgbm_advanced
conflict_curve,0.75,ecfp_linear,0.249,4.0,1.0,6.0,tdc/Clearance_Microsome_AZ,tdc,regression,rmse,lgbm_advanced
conflict_curve,0.75,ecfp_rf,0.122,3.0,1.0,6.0,tdc/Clearance_Microsome_AZ,tdc,regression,rmse,lgbm_advanced
conflict_curve,0.75,lgbm_advanced,0.068,2.0,1.0,6.0,tdc/Clearance_Microsome_AZ,tdc,regression,rmse,lgbm_advanced
conflict_curve,0.75,lgbm_basic,0.424,2.0,1.0,6.0,tdc/Clearance_Microsome_AZ,tdc,regression,rmse,lgbm_advanced
conflict_curve,0.75,torch_mlp_advanced,0.137,4.0,1.0,6.0,tdc/Clearance_Microsome_AZ,tdc,regression,rmse,lgbm_advanced
conflict_curve,0.75,torch_mlp_basic,0.0,5.0,3.0,6.0,tdc/Clearance_Microsome_AZ,tdc,regression,rmse,lgbm_advanced
conflict_curve,observed,ecfp_linear,0.096,6.0,1.0,6.0,tdc/Clearance_Microsome_AZ,tdc,regression,rmse,lgbm_advanced
conflict_curve,observed,ecfp_rf,0.141,3.0,1.0,6.0,tdc/Clearance_Microsome_AZ,tdc,regression,rmse,lgbm_advanced
conflict_curve,observed,lgbm_advanced,0.193,2.0,1.0,6.0,tdc/Clearance_Microsome_AZ,tdc,regression,rmse,lgbm_advanced
conflict_curve,observed,lgbm_basic,0.34,3.0,1.0,6.0,tdc/Clearance_Microsome_AZ,tdc,regression,rmse,lgbm_advanced
conflict_curve,observed,torch_mlp_advanced,0.153,4.0,1.0,6.0,tdc/Clearance_Microsome_AZ,tdc,regression,rmse,lgbm_advanced
conflict_curve,observed,torch_mlp_basic,0.077,4.0,1.0,6.0,tdc/Clearance_Microsome_AZ,tdc,regression,rmse,lgbm_advanced
leakage_curve,0.0,ecfp_linear,0.0,6.0,6.0,6.0,tdc/Clearance_Microsome_AZ,tdc,regression,rmse,lgbm_advanced
leakage_curve,0.0,ecfp_rf,0.167,3.0,1.0,5.0,tdc/Clearance_Microsome_AZ,tdc,regression,rmse,lgbm_advanced
leakage_curve,0.0,lgbm_advanced,0.466,2.0,1.0,5.0,tdc/Clearance_Microsome_AZ,tdc,regression,rmse,lgbm_advanced
leakage_curve,0.0,lgbm_basic,0.3,2.0,1.0,5.0,tdc/Clearance_Microsome_AZ,tdc,regression,rmse,lgbm_advanced
leakage_curve,0.0,torch_mlp_advanced,0.055,4.0,1.0,5.0,tdc/Clearance_Microsome_AZ,tdc,regression,rmse,lgbm_advanced
leakage_curve,0.0,torch_mlp_basic,0.012,5.0,2.0,5.0,tdc/Clearance_Microsome_AZ,tdc,regression,rmse,lgbm_advanced
leakage_curve,0.05,ecfp_linear,0.0,6.0,6.0,6.0,tdc/Clearance_Microsome_AZ,tdc,regression,rmse,lgbm_advanced
leakage_curve,0.05,ecfp_rf,0.185,3.0,1.0,5.0,tdc/Clearance_Microsome_AZ,tdc,regression,rmse,lgbm_advanced
leakage_curve,0.05,lgbm_advanced,0.441,2.0,1.0,5.0,tdc/Clearance_Microsome_AZ,tdc,regression,rmse,lgbm_advanced
leakage_curve,0.05,lgbm_basic,0.299,2.0,1.0,5.0,tdc/Clearance_Microsome_AZ,tdc,regression,rmse,lgbm_advanced
leakage_curve,0.05,torch_mlp_advanced,0.062,4.0,1.0,5.0,tdc/Clearance_Microsome_AZ,tdc,regression,rmse,lgbm_advanced
leakage_curve,0.05,torch_mlp_basic,0.013,5.0,2.0,5.0,tdc/Clearance_Microsome_AZ,tdc,regression,rmse,lgbm_advanced
leakage_curve,0.1,ecfp_linear,0.0,6.0,6.0,6.0,tdc/Clearance_Microsome_AZ,tdc,regression,rmse,lgbm_advanced
leakage_curve,0.1,ecfp_rf,0.194,3.0,1.0,5.0,tdc/Clearance_Microsome_AZ,tdc,regression,rmse,lgbm_advanced
leakage_curve,0.1,lgbm_advanced,0.438,2.0,1.0,5.0,tdc/Clearance_Microsome_AZ,tdc,regression,rmse,lgbm_advanced
leakage_curve,0.1,lgbm_basic,0.293,2.0,1.0,5.0,tdc/Clearance_Microsome_AZ,tdc,regression,rmse,lgbm_advanced
leakage_curve,0.1,torch_mlp_advanced,0.06,4.0,1.0,5.0,tdc/Clearance_Microsome_AZ,tdc,regression,rmse,lgbm_advanced
leakage_curve,0.1,torch_mlp_basic,0.015,5.0,2.0,5.0,tdc/Clearance_Microsome_AZ,tdc,regression,rmse,lgbm_advanced
leakage_curve,0.25,ecfp_linear,0.0,6.0,6.0,6.0,tdc/Clearance_Microsome_AZ,tdc,regression,rmse,lgbm_advanced
leakage_curve,0.25,ecfp_rf,0.208,3.0,1.0,5.0,tdc/Clearance_Microsome_AZ,tdc,regression,rmse,lgbm_advanced
leakage_curve,0.25,lgbm_advanced,0.426,2.0,1.0,5.0,tdc/Clearance_Microsome_AZ,tdc,regression,rmse,lgbm_advanced
leakage_curve,0.25,lgbm_basic,0.276,2.0,1.0,5.0,tdc/Clearance_Microsome_AZ,tdc,regression,rmse,lgbm_advanced
leakage_curve,0.25,torch_mlp_advanced,0.08,4.0,1.0,5.0,tdc/Clearance_Microsome_AZ,tdc,regression,rmse,lgbm_advanced
leakage_curve,0.25,torch_mlp_basic,0.01,5.0,2.0,5.0,tdc/Clearance_Microsome_AZ,tdc,regression,rmse,lgbm_advanced
leakage_curve,0.5,ecfp_linear,0.001,6.0,4.0,6.0,tdc/Clearance_Microsome_AZ,tdc,regression,rmse,lgbm_advanced
leakage_curve,0.5,ecfp_rf,0.23,3.0,1.0,5.0,tdc/Clearance_Microsome_AZ,tdc,regression,rmse,lgbm_advanced
leakage_curve,0.5,lgbm_advanced,0.38,2.0,1.0,5.0,tdc/Clearance_Microsome_AZ,tdc,regression,rmse,lgbm_advanced
leakage_curve,0.5,lgbm_basic,0.193,3.0,1.0,6.0,tdc/Clearance_Microsome_AZ,tdc,regression,rmse,lgbm_advanced
leakage_curve,0.5,torch_mlp_advanced,0.179,4.0,1.0,5.0,tdc/Clearance_Microsome_AZ,tdc,regression,rmse,lgbm_advanced
leakage_curve,0.5,torch_mlp_basic,0.017,5.0,2.0,5.024999999999977,tdc/Clearance_Microsome_AZ,tdc,regression,rmse,lgbm_advanced
leakage_curve,0.75,ecfp_linear,0.0,6.0,4.0,6.0,tdc/Clearance_Microsome_AZ,tdc,regression,rmse,lgbm_advanced
leakage_curve,0.75,ecfp_rf,0.202,3.0,1.0,5.0,tdc/Clearance_Microsome_AZ,tdc,regression,rmse,lgbm_advanced
leakage_curve,0.75,lgbm_advanced,0.416,2.0,1.0,5.0,tdc/Clearance_Microsome_AZ,tdc,regression,rmse,lgbm_advanced
leakage_curve,0.75,lgbm_basic,0.112,3.0,1.0,6.0,tdc/Clearance_Microsome_AZ,tdc,regression,rmse,lgbm_advanced
leakage_curve,0.75,torch_mlp_advanced,0.246,3.0,1.0,5.0,tdc/Clearance_Microsome_AZ,tdc,regression,rmse,lgbm_advanced
leakage_curve,0.75,torch_mlp_basic,0.024,5.0,2.0,6.0,tdc/Clearance_Microsome_AZ,tdc,regression,rmse,lgbm_advanced
leakage_curve,observed,ecfp_linear,0.0,6.0,5.975000000000001,6.0,tdc/Clearance_Microsome_AZ,tdc,regression,rmse,lgbm_advanced
leakage_curve,observed,ecfp_rf,0.165,3.0,1.0,5.0,tdc/Clearance_Microsome_AZ,tdc,regression,rmse,lgbm_advanced
leakage_curve,observed,lgbm_advanced,0.456,2.0,1.0,5.0,tdc/Clearance_Microsome_AZ,tdc,regression,rmse,lgbm_advanced
leakage_curve,observed,lgbm_basic,0.316,2.0,1.0,5.0,tdc/Clearance_Microsome_AZ,tdc,regression,rmse,lgbm_advanced
leakage_curve,observed,torch_mlp_advanced,0.046,4.0,1.0,5.0,tdc/Clearance_Microsome_AZ,tdc,regression,rmse,lgbm_advanced
leakage_curve,observed,torch_mlp_basic,0.017,5.0,2.0,5.0,tdc/Clearance_Microsome_AZ,tdc,regression,rmse,lgbm_advanced
observed_composition,observed,ecfp_linear,0.0,6.0,6.0,6.0,tdc/Clearance_Microsome_AZ,tdc,regression,rmse,lgbm_advanced
observed_composition,observed,ecfp_rf,0.0,2.0,2.0,2.0,tdc/Clearance_Microsome_AZ,tdc,regression,rmse,lgbm_advanced
observed_composition,observed,lgbm_advanced,1.0,1.0,1.0,1.0,tdc/Clearance_Microsome_AZ,tdc,regression,rmse,lgbm_advanced
observed_composition,observed,lgbm_basic,0.0,3.0,3.0,3.0,tdc/Clearance_Microsome_AZ,tdc,regression,rmse,lgbm_advanced
observed_composition,observed,torch_mlp_advanced,0.0,4.0,4.0,4.0,tdc/Clearance_Microsome_AZ,tdc,regression,rmse,lgbm_advanced
observed_composition,observed,torch_mlp_basic,0.0,5.0,5.0,5.0,tdc/Clearance_Microsome_AZ,tdc,regression,rmse,lgbm_advanced
random_matched_control,0.0,ecfp_linear,0.054,6.0,1.0,6.0,tdc/Clearance_Microsome_AZ,tdc,regression,rmse,lgbm_advanced
random_matched_control,0.0,ecfp_rf,0.2155,3.0,1.0,6.0,tdc/Clearance_Microsome_AZ,tdc,regression,rmse,lgbm_advanced
random_matched_control,0.0,lgbm_advanced,0.2645,2.0,1.0,6.0,tdc/Clearance_Microsome_AZ,tdc,regression,rmse,lgbm_advanced
random_matched_control,0.0,lgbm_basic,0.2425,3.0,1.0,6.0,tdc/Clearance_Microsome_AZ,tdc,regression,rmse,lgbm_advanced
random_matched_control,0.0,torch_mlp_advanced,0.134,4.0,1.0,6.0,tdc/Clearance_Microsome_AZ,tdc,regression,rmse,lgbm_advanced
random_matched_control,0.0,torch_mlp_basic,0.0895,5.0,1.0,6.0,tdc/Clearance_Microsome_AZ,tdc,regression,rmse,lgbm_advanced
random_matched_control,0.05,ecfp_linear,0.046,6.0,1.0,6.0,tdc/Clearance_Microsome_AZ,tdc,regression,rmse,lgbm_advanced
random_matched_control,0.05,ecfp_rf,0.2125,3.0,1.0,6.0,tdc/Clearance_Microsome_AZ,tdc,regression,rmse,lgbm_advanced
random_matched_control,0.05,lgbm_advanced,0.2565,2.0,1.0,6.0,tdc/Clearance_Microsome_AZ,tdc,regression,rmse,lgbm_advanced
random_matched_control,0.05,lgbm_basic,0.247,3.0,1.0,6.0,tdc/Clearance_Microsome_AZ,tdc,regression,rmse,lgbm_advanced
random_matched_control,0.05,torch_mlp_advanced,0.1375,4.0,1.0,6.0,tdc/Clearance_Microsome_AZ,tdc,regression,rmse,lgbm_advanced
random_matched_control,0.05,torch_mlp_basic,0.1005,5.0,1.0,6.0,tdc/Clearance_Microsome_AZ,tdc,regression,rmse,lgbm_advanced
random_matched_control,0.1,ecfp_linear,0.05,6.0,1.0,6.0,tdc/Clearance_Microsome_AZ,tdc,regression,rmse,lgbm_advanced
random_matched_control,0.1,ecfp_rf,0.21,3.0,1.0,6.0,tdc/Clearance_Microsome_AZ,tdc,regression,rmse,lgbm_advanced
random_matched_control,0.1,lgbm_advanced,0.2675,2.0,1.0,6.0,tdc/Clearance_Microsome_AZ,tdc,regression,rmse,lgbm_advanced
random_matched_control,0.1,lgbm_basic,0.2445,3.0,1.0,6.0,tdc/Clearance_Microsome_AZ,tdc,regression,rmse,lgbm_advanced
random_matched_control,0.1,torch_mlp_advanced,0.145,4.0,1.0,6.0,tdc/Clearance_Microsome_AZ,tdc,regression,rmse,lgbm_advanced
random_matched_control,0.1,torch_mlp_basic,0.083,5.0,1.0,6.0,tdc/Clearance_Microsome_AZ,tdc,regression,rmse,lgbm_advanced
random_matched_control,0.25,ecfp_linear,0.055,6.0,1.0,6.0,tdc/Clearance_Microsome_AZ,tdc,regression,rmse,lgbm_advanced
random_matched_control,0.25,ecfp_rf,0.2145,3.0,1.0,6.0,tdc/Clearance_Microsome_AZ,tdc,regression,rmse,lgbm_advanced
random_matched_control,0.25,lgbm_advanced,0.265,2.0,1.0,6.0,tdc/Clearance_Microsome_AZ,tdc,regression,rmse,lgbm_advanced
random_matched_control,0.25,lgbm_basic,0.2395,3.0,1.0,6.0,tdc/Clearance_Microsome_AZ,tdc,regression,rmse,lgbm_advanced
random_matched_control,0.25,torch_mlp_advanced,0.1285,4.0,1.0,6.0,tdc/Clearance_Microsome_AZ,tdc,regression,rmse,lgbm_advanced
random_matched_control,0.25,torch_mlp_basic,0.0975,5.0,1.0,6.0,tdc/Clearance_Microsome_AZ,tdc,regression,rmse,lgbm_advanced
random_matched_control,0.5,ecfp_linear,0.048,6.0,1.0,6.0,tdc/Clearance_Microsome_AZ,tdc,regression,rmse,lgbm_advanced
random_matched_control,0.5,ecfp_rf,0.234,3.0,1.0,6.0,tdc/Clearance_Microsome_AZ,tdc,regression,rmse,lgbm_advanced
random_matched_control,0.5,lgbm_advanced,0.2695,2.0,1.0,6.0,tdc/Clearance_Microsome_AZ,tdc,regression,rmse,lgbm_advanced
random_matched_control,0.5,lgbm_basic,0.2295,3.0,1.0,6.0,tdc/Clearance_Microsome_AZ,tdc,regression,rmse,lgbm_advanced
random_matched_control,0.5,torch_mlp_advanced,0.12,4.0,1.0,6.0,tdc/Clearance_Microsome_AZ,tdc,regression,rmse,lgbm_advanced
random_matched_control,0.5,torch_mlp_basic,0.099,5.0,1.0,6.0,tdc/Clearance_Microsome_AZ,tdc,regression,rmse,lgbm_advanced
random_matched_control,0.75,ecfp_linear,0.0505,6.0,1.0,6.0,tdc/Clearance_Microsome_AZ,tdc,regression,rmse,lgbm_advanced
random_matched_control,0.75,ecfp_rf,0.2175,3.0,1.0,6.0,tdc/Clearance_Microsome_AZ,tdc,regression,rmse,lgbm_advanced
random_matched_control,0.75,lgbm_advanced,0.253,2.0,1.0,6.0,tdc/Clearance_Microsome_AZ,tdc,regression,rmse,lgbm_advanced
random_matched_control,0.75,lgbm_basic,0.245,3.0,1.0,6.0,tdc/Clearance_Microsome_AZ,tdc,regression,rmse,lgbm_advanced
random_matched_control,0.75,torch_mlp_advanced,0.126,4.0,1.0,6.0,tdc/Clearance_Microsome_AZ,tdc,regression,rmse,lgbm_advanced
random_matched_control,0.75,torch_mlp_basic,0.108,5.0,1.0,6.0,tdc/Clearance_Microsome_AZ,tdc,regression,rmse,lgbm_advanced
random_matched_control,observed,ecfp_linear,0.043,6.0,1.0,6.0,tdc/Clearance_Microsome_AZ,tdc,regression,rmse,lgbm_advanced
random_matched_control,observed,ecfp_rf,0.2075,3.0,1.0,6.0,tdc/Clearance_Microsome_AZ,tdc,regression,rmse,lgbm_advanced
random_matched_control,observed,lgbm_advanced,0.2755,2.0,1.0,6.0,tdc/Clearance_Microsome_AZ,tdc,regression,rmse,lgbm_advanced
random_matched_control,observed,lgbm_basic,0.251,3.0,1.0,6.0,tdc/Clearance_Microsome_AZ,tdc,regression,rmse,lgbm_advanced
random_matched_control,observed,torch_mlp_advanced,0.1255,4.0,1.0,6.0,tdc/Clearance_Microsome_AZ,tdc,regression,rmse,lgbm_advanced
random_matched_control,observed,torch_mlp_basic,0.0975,5.0,1.0,6.0,tdc/Clearance_Microsome_AZ,tdc,regression,rmse,lgbm_advanced
clean_reference,0.0,ecfp_linear,1.0,1.0,1.0,1.0,tdc/HIA_Hou,tdc,classification,auroc,ecfp_rf
clean_reference,0.0,ecfp_rf,0.0,2.0,2.0,2.0,tdc/HIA_Hou,tdc,classification,auroc,ecfp_rf
clean_reference,0.0,lgbm_advanced,0.0,3.0,3.0,3.0,tdc/HIA_Hou,tdc,classification,auroc,ecfp_rf
clean_reference,0.0,lgbm_basic,0.0,4.0,4.0,4.0,tdc/HIA_Hou,tdc,classification,auroc,ecfp_rf
clean_reference,0.0,torch_mlp_advanced,0.0,5.0,5.0,5.0,tdc/HIA_Hou,tdc,classification,auroc,ecfp_rf
clean_reference,0.0,torch_mlp_basic,0.0,6.0,6.0,6.0,tdc/HIA_Hou,tdc,classification,auroc,ecfp_rf
leakage_curve,0.0,ecfp_linear,0.0,3.5,3.5,3.5,tdc/HIA_Hou,tdc,classification,auroc,ecfp_rf
leakage_curve,0.0,ecfp_rf,0.0,3.5,3.5,3.5,tdc/HIA_Hou,tdc,classification,auroc,ecfp_rf
leakage_curve,0.0,lgbm_advanced,0.0,3.5,3.5,3.5,tdc/HIA_Hou,tdc,classification,auroc,ecfp_rf
leakage_curve,0.0,lgbm_basic,0.0,3.5,3.5,3.5,tdc/HIA_Hou,tdc,classification,auroc,ecfp_rf
leakage_curve,0.0,torch_mlp_advanced,0.0,3.5,3.5,3.5,tdc/HIA_Hou,tdc,classification,auroc,ecfp_rf
leakage_curve,0.0,torch_mlp_basic,0.0,3.5,3.5,3.5,tdc/HIA_Hou,tdc,classification,auroc,ecfp_rf
leakage_curve,0.05,ecfp_linear,0.0,3.5,3.5,3.5,tdc/HIA_Hou,tdc,classification,auroc,ecfp_rf
leakage_curve,0.05,ecfp_rf,0.0,3.5,3.5,3.5,tdc/HIA_Hou,tdc,classification,auroc,ecfp_rf
leakage_curve,0.05,lgbm_advanced,0.0,3.5,3.5,3.5,tdc/HIA_Hou,tdc,classification,auroc,ecfp_rf
leakage_curve,0.05,lgbm_basic,0.0,3.5,3.5,3.5,tdc/HIA_Hou,tdc,classification,auroc,ecfp_rf
leakage_curve,0.05,torch_mlp_advanced,0.0,3.5,3.5,3.5,tdc/HIA_Hou,tdc,classification,auroc,ecfp_rf
leakage_curve,0.05,torch_mlp_basic,0.0,3.5,3.5,3.5,tdc/HIA_Hou,tdc,classification,auroc,ecfp_rf
leakage_curve,0.1,ecfp_linear,0.0,3.5,3.5,3.5,tdc/HIA_Hou,tdc,classification,auroc,ecfp_rf
leakage_curve,0.1,ecfp_rf,0.0,3.5,3.5,3.5,tdc/HIA_Hou,tdc,classification,auroc,ecfp_rf
leakage_curve,0.1,lgbm_advanced,0.0,3.5,3.5,3.5,tdc/HIA_Hou,tdc,classification,auroc,ecfp_rf
leakage_curve,0.1,lgbm_basic,0.0,3.5,3.5,3.5,tdc/HIA_Hou,tdc,classification,auroc,ecfp_rf
leakage_curve,0.1,torch_mlp_advanced,0.0,3.5,3.5,3.5,tdc/HIA_Hou,tdc,classification,auroc,ecfp_rf
leakage_curve,0.1,torch_mlp_basic,0.0,3.5,3.5,3.5,tdc/HIA_Hou,tdc,classification,auroc,ecfp_rf
leakage_curve,0.25,ecfp_linear,0.0,3.5,3.5,3.5,tdc/HIA_Hou,tdc,classification,auroc,ecfp_rf
leakage_curve,0.25,ecfp_rf,0.0,3.5,3.5,3.5,tdc/HIA_Hou,tdc,classification,auroc,ecfp_rf
leakage_curve,0.25,lgbm_advanced,0.0,3.5,3.5,3.5,tdc/HIA_Hou,tdc,classification,auroc,ecfp_rf
leakage_curve,0.25,lgbm_basic,0.0,3.5,3.5,3.5,tdc/HIA_Hou,tdc,classification,auroc,ecfp_rf
leakage_curve,0.25,torch_mlp_advanced,0.0,3.5,3.5,3.5,tdc/HIA_Hou,tdc,classification,auroc,ecfp_rf
leakage_curve,0.25,torch_mlp_basic,0.0,3.5,3.5,3.5,tdc/HIA_Hou,tdc,classification,auroc,ecfp_rf
leakage_curve,0.5,ecfp_linear,0.0,3.5,3.5,3.5,tdc/HIA_Hou,tdc,classification,auroc,ecfp_rf
leakage_curve,0.5,ecfp_rf,0.0,3.5,3.5,3.5,tdc/HIA_Hou,tdc,classification,auroc,ecfp_rf
leakage_curve,0.5,lgbm_advanced,0.0,3.5,3.5,3.5,tdc/HIA_Hou,tdc,classification,auroc,ecfp_rf
leakage_curve,0.5,lgbm_basic,0.0,3.5,3.5,3.5,tdc/HIA_Hou,tdc,classification,auroc,ecfp_rf
leakage_curve,0.5,torch_mlp_advanced,0.0,3.5,3.5,3.5,tdc/HIA_Hou,tdc,classification,auroc,ecfp_rf
leakage_curve,0.5,torch_mlp_basic,0.0,3.5,3.5,3.5,tdc/HIA_Hou,tdc,classification,auroc,ecfp_rf
leakage_curve,0.75,ecfp_linear,0.0,3.5,3.5,3.5,tdc/HIA_Hou,tdc,classification,auroc,ecfp_rf
leakage_curve,0.75,ecfp_rf,0.0,3.5,3.5,3.5,tdc/HIA_Hou,tdc,classification,auroc,ecfp_rf
leakage_curve,0.75,lgbm_advanced,0.0,3.5,3.5,3.5,tdc/HIA_Hou,tdc,classification,auroc,ecfp_rf
leakage_curve,0.75,lgbm_basic,0.0,3.5,3.5,3.5,tdc/HIA_Hou,tdc,classification,auroc,ecfp_rf
leakage_curve,0.75,torch_mlp_advanced,0.0,3.5,3.5,3.5,tdc/HIA_Hou,tdc,classification,auroc,ecfp_rf
leakage_curve,0.75,torch_mlp_basic,0.0,3.5,3.5,3.5,tdc/HIA_Hou,tdc,classification,auroc,ecfp_rf
leakage_curve,observed,ecfp_linear,0.0,3.5,3.5,3.5,tdc/HIA_Hou,tdc,classification,auroc,ecfp_rf
leakage_curve,observed,ecfp_rf,0.0,3.5,3.5,3.5,tdc/HIA_Hou,tdc,classification,auroc,ecfp_rf
leakage_curve,observed,lgbm_advanced,0.0,3.5,3.5,3.5,tdc/HIA_Hou,tdc,classification,auroc,ecfp_rf
leakage_curve,observed,lgbm_basic,0.0,3.5,3.5,3.5,tdc/HIA_Hou,tdc,classification,auroc,ecfp_rf
leakage_curve,observed,torch_mlp_advanced,0.0,3.5,3.5,3.5,tdc/HIA_Hou,tdc,classification,auroc,ecfp_rf
leakage_curve,observed,torch_mlp_basic,0.0,3.5,3.5,3.5,tdc/HIA_Hou,tdc,classification,auroc,ecfp_rf
observed_composition,observed,ecfp_linear,0.0,4.0,4.0,4.0,tdc/HIA_Hou,tdc,classification,auroc,ecfp_rf
observed_composition,observed,ecfp_rf,1.0,1.0,1.0,1.0,tdc/HIA_Hou,tdc,classification,auroc,ecfp_rf
observed_composition,observed,lgbm_advanced,0.0,3.0,3.0,3.0,tdc/HIA_Hou,tdc,classification,auroc,ecfp_rf
observed_composition,observed,lgbm_basic,0.0,2.0,2.0,2.0,tdc/HIA_Hou,tdc,classification,auroc,ecfp_rf
observed_composition,observed,torch_mlp_advanced,0.0,5.0,5.0,5.0,tdc/HIA_Hou,tdc,classification,auroc,ecfp_rf
observed_composition,observed,torch_mlp_basic,0.0,6.0,6.0,6.0,tdc/HIA_Hou,tdc,classification,auroc,ecfp_rf
random_matched_control,0.0,ecfp_linear,0.0,3.5,3.5,3.5,tdc/HIA_Hou,tdc,classification,auroc,ecfp_rf
random_matched_control,0.0,ecfp_rf,0.0,3.5,3.5,3.5,tdc/HIA_Hou,tdc,classification,auroc,ecfp_rf
random_matched_control,0.0,lgbm_advanced,0.0,3.5,3.5,3.5,tdc/HIA_Hou,tdc,classification,auroc,ecfp_rf
random_matched_control,0.0,lgbm_basic,0.0,3.5,3.5,3.5,tdc/HIA_Hou,tdc,classification,auroc,ecfp_rf
random_matched_control,0.0,torch_mlp_advanced,0.0,3.5,3.5,3.5,tdc/HIA_Hou,tdc,classification,auroc,ecfp_rf
random_matched_control,0.0,torch_mlp_basic,0.0,3.5,3.5,3.5,tdc/HIA_Hou,tdc,classification,auroc,ecfp_rf
random_matched_control,0.05,ecfp_linear,0.0,3.5,3.5,3.5,tdc/HIA_Hou,tdc,classification,auroc,ecfp_rf
random_matched_control,0.05,ecfp_rf,0.0,3.5,3.5,3.5,tdc/HIA_Hou,tdc,classification,auroc,ecfp_rf
random_matched_control,0.05,lgbm_advanced,0.0,3.5,3.5,3.5,tdc/HIA_Hou,tdc,classification,auroc,ecfp_rf
random_matched_control,0.05,lgbm_basic,0.0,3.5,3.5,3.5,tdc/HIA_Hou,tdc,classification,auroc,ecfp_rf
random_matched_control,0.05,torch_mlp_advanced,0.0,3.5,3.5,3.5,tdc/HIA_Hou,tdc,classification,auroc,ecfp_rf
random_matched_control,0.05,torch_mlp_basic,0.0,3.5,3.5,3.5,tdc/HIA_Hou,tdc,classification,auroc,ecfp_rf
random_matched_control,0.1,ecfp_linear,0.0,3.5,3.5,3.5,tdc/HIA_Hou,tdc,classification,auroc,ecfp_rf
random_matched_control,0.1,ecfp_rf,0.0,3.5,3.5,3.5,tdc/HIA_Hou,tdc,classification,auroc,ecfp_rf
random_matched_control,0.1,lgbm_advanced,0.0,3.5,3.5,3.5,tdc/HIA_Hou,tdc,classification,auroc,ecfp_rf
random_matched_control,0.1,lgbm_basic,0.0,3.5,3.5,3.5,tdc/HIA_Hou,tdc,classification,auroc,ecfp_rf
random_matched_control,0.1,torch_mlp_advanced,0.0,3.5,3.5,3.5,tdc/HIA_Hou,tdc,classification,auroc,ecfp_rf
random_matched_control,0.1,torch_mlp_basic,0.0,3.5,3.5,3.5,tdc/HIA_Hou,tdc,classification,auroc,ecfp_rf
random_matched_control,0.25,ecfp_linear,0.0,3.5,3.5,3.5,tdc/HIA_Hou,tdc,classification,auroc,ecfp_rf
random_matched_control,0.25,ecfp_rf,0.0,3.5,3.5,3.5,tdc/HIA_Hou,tdc,classification,auroc,ecfp_rf
random_matched_control,0.25,lgbm_advanced,0.0,3.5,3.5,3.5,tdc/HIA_Hou,tdc,classification,auroc,ecfp_rf
random_matched_control,0.25,lgbm_basic,0.0,3.5,3.5,3.5,tdc/HIA_Hou,tdc,classification,auroc,ecfp_rf
random_matched_control,0.25,torch_mlp_advanced,0.0,3.5,3.5,3.5,tdc/HIA_Hou,tdc,classification,auroc,ecfp_rf
random_matched_control,0.25,torch_mlp_basic,0.0,3.5,3.5,3.5,tdc/HIA_Hou,tdc,classification,auroc,ecfp_rf
random_matched_control,0.5,ecfp_linear,0.0,3.5,3.5,3.5,tdc/HIA_Hou,tdc,classification,auroc,ecfp_rf
random_matched_control,0.5,ecfp_rf,0.0,3.5,3.5,3.5,tdc/HIA_Hou,tdc,classification,auroc,ecfp_rf
random_matched_control,0.5,lgbm_advanced,0.0,3.5,3.5,3.5,tdc/HIA_Hou,tdc,classification,auroc,ecfp_rf
random_matched_control,0.5,lgbm_basic,0.0,3.5,3.5,3.5,tdc/HIA_Hou,tdc,classification,auroc,ecfp_rf
random_matched_control,0.5,torch_mlp_advanced,0.0,3.5,3.5,3.5,tdc/HIA_Hou,tdc,classification,auroc,ecfp_rf
random_matched_control,0.5,torch_mlp_basic,0.0,3.5,3.5,3.5,tdc/HIA_Hou,tdc,classification,auroc,ecfp_rf
random_matched_control,0.75,ecfp_linear,0.0,3.5,3.5,3.5,tdc/HIA_Hou,tdc,classification,auroc,ecfp_rf
random_matched_control,0.75,ecfp_rf,0.0,3.5,3.5,3.5,tdc/HIA_Hou,tdc,classification,auroc,ecfp_rf
random_matched_control,0.75,lgbm_advanced,0.0,3.5,3.5,3.5,tdc/HIA_Hou,tdc,classification,auroc,ecfp_rf
random_matched_control,0.75,lgbm_basic,0.0,3.5,3.5,3.5,tdc/HIA_Hou,tdc,classification,auroc,ecfp_rf
random_matched_control,0.75,torch_mlp_advanced,0.0,3.5,3.5,3.5,tdc/HIA_Hou,tdc,classification,auroc,ecfp_rf
random_matched_control,0.75,torch_mlp_basic,0.0,3.5,3.5,3.5,tdc/HIA_Hou,tdc,classification,auroc,ecfp_rf
random_matched_control,observed,ecfp_linear,0.0,3.5,3.5,3.5,tdc/HIA_Hou,tdc,classification,auroc,ecfp_rf
random_matched_control,observed,ecfp_rf,0.0,3.5,3.5,3.5,tdc/HIA_Hou,tdc,classification,auroc,ecfp_rf
random_matched_control,observed,lgbm_advanced,0.0,3.5,3.5,3.5,tdc/HIA_Hou,tdc,classification,auroc,ecfp_rf
random_matched_control,observed,lgbm_basic,0.0,3.5,3.5,3.5,tdc/HIA_Hou,tdc,classification,auroc,ecfp_rf
random_matched_control,observed,torch_mlp_advanced,0.0,3.5,3.5,3.5,tdc/HIA_Hou,tdc,classification,auroc,ecfp_rf
random_matched_control,observed,torch_mlp_basic,0.0,3.5,3.5,3.5,tdc/HIA_Hou,tdc,classification,auroc,ecfp_rf
clean_reference,0.0,ecfp_linear,0.0,3.0,3.0,3.0,tdc/Half_Life_Obach,tdc,regression,rmse,torch_mlp_basic
clean_reference,0.0,ecfp_rf,0.0,6.0,6.0,6.0,tdc/Half_Life_Obach,tdc,regression,rmse,torch_mlp_basic
clean_reference,0.0,lgbm_advanced,0.0,5.0,5.0,5.0,tdc/Half_Life_Obach,tdc,regression,rmse,torch_mlp_basic
clean_reference,0.0,lgbm_basic,0.0,4.0,4.0,4.0,tdc/Half_Life_Obach,tdc,regression,rmse,torch_mlp_basic
clean_reference,0.0,torch_mlp_advanced,0.0,2.0,2.0,2.0,tdc/Half_Life_Obach,tdc,regression,rmse,torch_mlp_basic
clean_reference,0.0,torch_mlp_basic,1.0,1.0,1.0,1.0,tdc/Half_Life_Obach,tdc,regression,rmse,torch_mlp_basic
conflict_curve,0.0,ecfp_linear,0.033,5.0,1.0,6.0,tdc/Half_Life_Obach,tdc,regression,rmse,torch_mlp_basic
conflict_curve,0.0,ecfp_rf,0.27,3.0,1.0,6.0,tdc/Half_Life_Obach,tdc,regression,rmse,torch_mlp_basic
conflict_curve,0.0,lgbm_advanced,0.174,3.0,1.0,6.0,tdc/Half_Life_Obach,tdc,regression,rmse,torch_mlp_basic
conflict_curve,0.0,lgbm_basic,0.152,4.0,1.0,6.0,tdc/Half_Life_Obach,tdc,regression,rmse,torch_mlp_basic
conflict_curve,0.0,torch_mlp_advanced,0.202,3.0,1.0,5.0,tdc/Half_Life_Obach,tdc,regression,rmse,torch_mlp_basic
conflict_curve,0.0,torch_mlp_basic,0.169,4.0,1.0,6.0,tdc/Half_Life_Obach,tdc,regression,rmse,torch_mlp_basic
conflict_curve,0.05,ecfp_linear,0.04,5.0,1.0,6.0,tdc/Half_Life_Obach,tdc,regression,rmse,torch_mlp_basic
conflict_curve,0.05,ecfp_rf,0.289,2.0,1.0,6.0,tdc/Half_Life_Obach,tdc,regression,rmse,torch_mlp_basic
conflict_curve,0.05,lgbm_advanced,0.186,3.0,1.0,6.0,tdc/Half_Life_Obach,tdc,regression,rmse,torch_mlp_basic
conflict_curve,0.05,lgbm_basic,0.109,4.0,1.0,6.0,tdc/Half_Life_Obach,tdc,regression,rmse,torch_mlp_basic
conflict_curve,0.05,torch_mlp_advanced,0.202,2.0,1.0,5.0,tdc/Half_Life_Obach,tdc,regression,rmse,torch_mlp_basic
conflict_curve,0.05,torch_mlp_basic,0.174,4.0,1.0,6.0,tdc/Half_Life_Obach,tdc,regression,rmse,torch_mlp_basic
conflict_curve,0.1,ecfp_linear,0.018,5.0,2.0,6.0,tdc/Half_Life_Obach,tdc,regression,rmse,torch_mlp_basic
conflict_curve,0.1,ecfp_rf,0.264,3.0,1.0,6.0,tdc/Half_Life_Obach,tdc,regression,rmse,torch_mlp_basic
conflict_curve,0.1,lgbm_advanced,0.194,3.0,1.0,6.0,tdc/Half_Life_Obach,tdc,regression,rmse,torch_mlp_basic
conflict_curve,0.1,lgbm_basic,0.134,4.0,1.0,6.0,tdc/Half_Life_Obach,tdc,regression,rmse,torch_mlp_basic
conflict_curve,0.1,torch_mlp_advanced,0.204,2.0,1.0,5.0,tdc/Half_Life_Obach,tdc,regression,rmse,torch_mlp_basic
conflict_curve,0.1,torch_mlp_basic,0.186,4.0,1.0,6.0,tdc/Half_Life_Obach,tdc,regression,rmse,torch_mlp_basic
conflict_curve,0.25,ecfp_linear,0.007,5.0,3.0,6.0,tdc/Half_Life_Obach,tdc,regression,rmse,torch_mlp_basic
conflict_curve,0.25,ecfp_rf,0.092,3.0,1.0,5.0,tdc/Half_Life_Obach,tdc,regression,rmse,torch_mlp_basic
conflict_curve,0.25,lgbm_advanced,0.131,3.0,1.0,6.0,tdc/Half_Life_Obach,tdc,regression,rmse,torch_mlp_basic
conflict_curve,0.25,lgbm_basic,0.117,4.0,1.0,6.0,tdc/Half_Life_Obach,tdc,regression,rmse,torch_mlp_basic
conflict_curve,0.25,torch_mlp_advanced,0.64,1.0,1.0,5.0,tdc/Half_Life_Obach,tdc,regression,rmse,torch_mlp_basic
conflict_curve,0.25,torch_mlp_basic,0.013,4.0,2.0,6.0,tdc/Half_Life_Obach,tdc,regression,rmse,torch_mlp_basic
conflict_curve,0.5,ecfp_linear,0.065,4.0,1.0,6.0,tdc/Half_Life_Obach,tdc,regression,rmse,torch_mlp_basic
conflict_curve,0.5,ecfp_rf,0.0,5.0,2.0,6.0,tdc/Half_Life_Obach,tdc,regression,rmse,torch_mlp_basic
conflict_curve,0.5,lgbm_advanced,0.09,3.0,1.0,5.0,tdc/Half_Life_Obach,tdc,regression,rmse,torch_mlp_basic
conflict_curve,0.5,lgbm_basic,0.0,6.0,4.0,6.0,tdc/Half_Life_Obach,tdc,regression,rmse,torch_mlp_basic
conflict_curve,0.5,torch_mlp_advanced,0.845,1.0,1.0,3.0,tdc/Half_Life_Obach,tdc,regression,rmse,torch_mlp_basic
conflict_curve,0.5,torch_mlp_basic,0.0,2.0,2.0,6.0,tdc/Half_Life_Obach,tdc,regression,rmse,torch_mlp_basic
conflict_curve,0.75,ecfp_linear,0.054,4.0,1.0,6.0,tdc/Half_Life_Obach,tdc,regression,rmse,torch_mlp_basic
conflict_curve,0.75,ecfp_rf,0.0,5.0,2.0,6.0,tdc/Half_Life_Obach,tdc,regression,rmse,torch_mlp_basic
conflict_curve,0.75,lgbm_advanced,0.14,3.0,1.0,5.0,tdc/Half_Life_Obach,tdc,regression,rmse,torch_mlp_basic
conflict_curve,0.75,lgbm_basic,0.0,5.5,4.0,6.0,tdc/Half_Life_Obach,tdc,regression,rmse,torch_mlp_basic
conflict_curve,0.75,torch_mlp_advanced,0.806,1.0,1.0,3.0,tdc/Half_Life_Obach,tdc,regression,rmse,torch_mlp_basic
conflict_curve,0.75,torch_mlp_basic,0.0,3.0,2.0,6.0,tdc/Half_Life_Obach,tdc,regression,rmse,torch_mlp_basic
conflict_curve,observed,ecfp_linear,0.033,5.0,1.0,6.0,tdc/Half_Life_Obach,tdc,regression,rmse,torch_mlp_basic
conflict_curve,observed,ecfp_rf,0.268,2.0,1.0,6.0,tdc/Half_Life_Obach,tdc,regression,rmse,torch_mlp_basic
conflict_curve,observed,lgbm_advanced,0.173,3.0,1.0,6.0,tdc/Half_Life_Obach,tdc,regression,rmse,torch_mlp_basic
conflict_curve,observed,lgbm_basic,0.161,4.0,1.0,6.0,tdc/Half_Life_Obach,tdc,regression,rmse,torch_mlp_basic
conflict_curve,observed,torch_mlp_advanced,0.198,2.0,1.0,5.0,tdc/Half_Life_Obach,tdc,regression,rmse,torch_mlp_basic
conflict_curve,observed,torch_mlp_basic,0.167,4.0,1.0,6.0,tdc/Half_Life_Obach,tdc,regression,rmse,torch_mlp_basic
leakage_curve,0.0,ecfp_linear,0.005,6.0,2.0,6.0,tdc/Half_Life_Obach,tdc,regression,rmse,torch_mlp_basic
leakage_curve,0.0,ecfp_rf,0.259,2.0,1.0,6.0,tdc/Half_Life_Obach,tdc,regression,rmse,torch_mlp_basic
leakage_curve,0.0,lgbm_advanced,0.108,4.0,1.0,6.0,tdc/Half_Life_Obach,tdc,regression,rmse,torch_mlp_basic
leakage_curve,0.0,lgbm_basic,0.087,4.0,1.0,6.0,tdc/Half_Life_Obach,tdc,regression,rmse,torch_mlp_basic
leakage_curve,0.0,torch_mlp_advanced,0.376,2.0,1.0,5.0,tdc/Half_Life_Obach,tdc,regression,rmse,torch_mlp_basic
leakage_curve,0.0,torch_mlp_basic,0.165,4.0,1.0,6.0,tdc/Half_Life_Obach,tdc,regression,rmse,torch_mlp_basic
leakage_curve,0.05,ecfp_linear,0.009,6.0,2.0,6.0,tdc/Half_Life_Obach,tdc,regression,rmse,torch_mlp_basic
leakage_curve,0.05,ecfp_rf,0.267,2.0,1.0,6.0,tdc/Half_Life_Obach,tdc,regression,rmse,torch_mlp_basic
leakage_curve,0.05,lgbm_advanced,0.132,3.0,1.0,6.0,tdc/Half_Life_Obach,tdc,regression,rmse,torch_mlp_basic
leakage_curve,0.05,lgbm_basic,0.081,4.0,1.0,6.0,tdc/Half_Life_Obach,tdc,regression,rmse,torch_mlp_basic
leakage_curve,0.05,torch_mlp_advanced,0.371,2.0,1.0,5.0,tdc/Half_Life_Obach,tdc,regression,rmse,torch_mlp_basic
leakage_curve,0.05,torch_mlp_basic,0.14,4.0,1.0,6.0,tdc/Half_Life_Obach,tdc,regression,rmse,torch_mlp_basic
leakage_curve,0.1,ecfp_linear,0.003,6.0,2.0,6.0,tdc/Half_Life_Obach,tdc,regression,rmse,torch_mlp_basic
leakage_curve,0.1,ecfp_rf,0.006,4.0,2.0,6.0,tdc/Half_Life_Obach,tdc,regression,rmse,torch_mlp_basic
leakage_curve,0.1,lgbm_advanced,0.169,3.0,1.0,6.0,tdc/Half_Life_Obach,tdc,regression,rmse,torch_mlp_basic
leakage_curve,0.1,lgbm_basic,0.145,3.0,1.0,6.0,tdc/Half_Life_Obach,tdc,regression,rmse,torch_mlp_basic
leakage_curve,0.1,torch_mlp_advanced,0.525,1.0,1.0,5.0,tdc/Half_Life_Obach,tdc,regression,rmse,torch_mlp_basic
leakage_curve,0.1,torch_mlp_basic,0.152,3.0,1.0,6.0,tdc/Half_Life_Obach,tdc,regression,rmse,torch_mlp_basic
leakage_curve,0.25,ecfp_linear,0.0,5.0,2.0,6.0,tdc/Half_Life_Obach,tdc,regression,rmse,torch_mlp_basic
leakage_curve,0.25,ecfp_rf,0.0,5.0,3.0,6.0,tdc/Half_Life_Obach,tdc,regression,rmse,torch_mlp_basic
leakage_curve,0.25,lgbm_advanced,0.224,2.0,1.0,5.0,tdc/Half_Life_Obach,tdc,regression,rmse,torch_mlp_basic
leakage_curve,0.25,lgbm_basic,0.156,3.0,1.0,6.0,tdc/Half_Life_Obach,tdc,regression,rmse,torch_mlp_basic
leakage_curve,0.25,torch_mlp_advanced,0.47,2.0,1.0,5.0,tdc/Half_Life_Obach,tdc,regression,rmse,torch_mlp_basic
leakage_curve,0.25,torch_mlp_basic,0.15,3.0,1.0,6.0,tdc/Half_Life_Obach,tdc,regression,rmse,torch_mlp_basic
leakage_curve,0.5,ecfp_linear,0.639,1.0,1.0,3.0,tdc/Half_Life_Obach,tdc,regression,rmse,torch_mlp_basic
leakage_curve,0.5,ecfp_rf,0.0,5.0,4.0,6.0,tdc/Half_Life_Obach,tdc,regression,rmse,torch_mlp_basic
leakage_curve,0.5,lgbm_advanced,0.0,4.0,4.0,5.0,tdc/Half_Life_Obach,tdc,regression,rmse,torch_mlp_basic
leakage_curve,0.5,lgbm_basic,0.0,6.0,4.0,6.0,tdc/Half_Life_Obach,tdc,regression,rmse,torch_mlp_basic
leakage_curve,0.5,torch_mlp_advanced,0.003,3.0,2.0,3.0,tdc/Half_Life_Obach,tdc,regression,rmse,torch_mlp_basic
leakage_curve,0.5,torch_mlp_basic,0.358,2.0,1.0,2.0,tdc/Half_Life_Obach,tdc,regression,rmse,torch_mlp_basic
leakage_curve,0.75,ecfp_linear,0.723,1.0,1.0,2.0,tdc/Half_Life_Obach,tdc,regression,rmse,torch_mlp_basic
leakage_curve,0.75,ecfp_rf,0.0,5.0,5.0,5.0,tdc/Half_Life_Obach,tdc,regression,rmse,torch_mlp_basic
leakage_curve,0.75,lgbm_advanced,0.0,4.0,4.0,4.0,tdc/Half_Life_Obach,tdc,regression,rmse,torch_mlp_basic
leakage_curve,0.75,lgbm_basic,0.0,6.0,6.0,6.0,tdc/Half_Life_Obach,tdc,regression,rmse,torch_mlp_basic
leakage_curve,0.75,torch_mlp_advanced,0.0,3.0,3.0,3.0,tdc/Half_Life_Obach,tdc,regression,rmse,torch_mlp_basic
leakage_curve,0.75,torch_mlp_basic,0.277,2.0,1.0,2.0,tdc/Half_Life_Obach,tdc,regression,rmse,torch_mlp_basic
leakage_curve,observed,ecfp_linear,0.008,6.0,2.0,6.0,tdc/Half_Life_Obach,tdc,regression,rmse,torch_mlp_basic
leakage_curve,observed,ecfp_rf,0.249,2.0,1.0,6.0,tdc/Half_Life_Obach,tdc,regression,rmse,torch_mlp_basic
leakage_curve,observed,lgbm_advanced,0.099,4.0,1.0,6.0,tdc/Half_Life_Obach,tdc,regression,rmse,torch_mlp_basic
leakage_curve,observed,lgbm_basic,0.094,4.0,1.0,6.0,tdc/Half_Life_Obach,tdc,regression,rmse,torch_mlp_basic
leakage_curve,observed,torch_mlp_advanced,0.403,2.0,1.0,5.0,tdc/Half_Life_Obach,tdc,regression,rmse,torch_mlp_basic
leakage_curve,observed,torch_mlp_basic,0.147,4.0,1.0,6.0,tdc/Half_Life_Obach,tdc,regression,rmse,torch_mlp_basic
observed_composition,observed,ecfp_linear,0.0,3.0,3.0,3.0,tdc/Half_Life_Obach,tdc,regression,rmse,torch_mlp_basic
observed_composition,observed,ecfp_rf,0.0,6.0,6.0,6.0,tdc/Half_Life_Obach,tdc,regression,rmse,torch_mlp_basic
observed_composition,observed,lgbm_advanced,0.0,4.0,4.0,4.0,tdc/Half_Life_Obach,tdc,regression,rmse,torch_mlp_basic
observed_composition,observed,lgbm_basic,0.0,5.0,5.0,5.0,tdc/Half_Life_Obach,tdc,regression,rmse,torch_mlp_basic
observed_composition,observed,torch_mlp_advanced,0.0,2.0,2.0,2.0,tdc/Half_Life_Obach,tdc,regression,rmse,torch_mlp_basic
observed_composition,observed,torch_mlp_basic,1.0,1.0,1.0,1.0,tdc/Half_Life_Obach,tdc,regression,rmse,torch_mlp_basic
random_matched_control,0.0,ecfp_linear,0.062,5.0,1.0,6.0,tdc/Half_Life_Obach,tdc,regression,rmse,torch_mlp_basic
random_matched_control,0.0,ecfp_rf,0.2595,3.0,1.0,6.0,tdc/Half_Life_Obach,tdc,regression,rmse,torch_mlp_basic
random_matched_control,0.0,lgbm_advanced,0.1745,3.0,1.0,6.0,tdc/Half_Life_Obach,tdc,regression,rmse,torch_mlp_basic
random_matched_control,0.0,lgbm_basic,0.1285,4.0,1.0,6.0,tdc/Half_Life_Obach,tdc,regression,rmse,torch_mlp_basic
random_matched_control,0.0,torch_mlp_advanced,0.244,3.0,1.0,5.0,tdc/Half_Life_Obach,tdc,regression,rmse,torch_mlp_basic
random_matched_control,0.0,torch_mlp_basic,0.1315,4.0,1.0,6.0,tdc/Half_Life_Obach,tdc,regression,rmse,torch_mlp_basic
random_matched_control,0.05,ecfp_linear,0.053,5.0,1.0,6.0,tdc/Half_Life_Obach,tdc,regression,rmse,torch_mlp_basic
random_matched_control,0.05,ecfp_rf,0.263,3.0,1.0,6.0,tdc/Half_Life_Obach,tdc,regression,rmse,torch_mlp_basic
random_matched_control,0.05,lgbm_advanced,0.1745,3.0,1.0,6.0,tdc/Half_Life_Obach,tdc,regression,rmse,torch_mlp_basic
random_matched_control,0.05,lgbm_basic,0.1465,4.0,1.0,6.0,tdc/Half_Life_Obach,tdc,regression,rmse,torch_mlp_basic
random_matched_control,0.05,torch_mlp_advanced,0.236,3.0,1.0,5.0,tdc/Half_Life_Obach,tdc,regression,rmse,torch_mlp_basic
random_matched_control,0.05,torch_mlp_basic,0.127,5.0,1.0,6.0,tdc/Half_Life_Obach,tdc,regression,rmse,torch_mlp_basic
random_matched_control,0.1,ecfp_linear,0.0515,5.0,1.0,6.0,tdc/Half_Life_Obach,tdc,regression,rmse,torch_mlp_basic
random_matched_control,0.1,ecfp_rf,0.258,3.0,1.0,6.0,tdc/Half_Life_Obach,tdc,regression,rmse,torch_mlp_basic
random_matched_control,0.1,lgbm_advanced,0.159,3.0,1.0,6.0,tdc/Half_Life_Obach,tdc,regression,rmse,torch_mlp_basic
random_matched_control,0.1,lgbm_basic,0.1345,4.0,1.0,6.0,tdc/Half_Life_Obach,tdc,regression,rmse,torch_mlp_basic
random_matched_control,0.1,torch_mlp_advanced,0.2495,3.0,1.0,5.0,tdc/Half_Life_Obach,tdc,regression,rmse,torch_mlp_basic
random_matched_control,0.1,torch_mlp_basic,0.1475,4.0,1.0,6.0,tdc/Half_Life_Obach,tdc,regression,rmse,torch_mlp_basic
random_matched_control,0.25,ecfp_linear,0.0505,5.0,1.0,6.0,tdc/Half_Life_Obach,tdc,regression,rmse,torch_mlp_basic
random_matched_control,0.25,ecfp_rf,0.2565,3.0,1.0,6.0,tdc/Half_Life_Obach,tdc,regression,rmse,torch_mlp_basic
random_matched_control,0.25,lgbm_advanced,0.1805,3.0,1.0,6.0,tdc/Half_Life_Obach,tdc,regression,rmse,torch_mlp_basic
random_matched_control,0.25,lgbm_basic,0.133,4.0,1.0,6.0,tdc/Half_Life_Obach,tdc,regression,rmse,torch_mlp_basic
random_matched_control,0.25,torch_mlp_advanced,0.236,3.0,1.0,5.0,tdc/Half_Life_Obach,tdc,regression,rmse,torch_mlp_basic
random_matched_control,0.25,torch_mlp_basic,0.1435,4.0,1.0,6.0,tdc/Half_Life_Obach,tdc,regression,rmse,torch_mlp_basic
random_matched_control,0.5,ecfp_linear,0.0425,5.0,1.0,6.0,tdc/Half_Life_Obach,tdc,regression,rmse,torch_mlp_basic
random_matched_control,0.5,ecfp_rf,0.259,3.0,1.0,6.0,tdc/Half_Life_Obach,tdc,regression,rmse,torch_mlp_basic
random_matched_control,0.5,lgbm_advanced,0.18,3.0,1.0,5.0,tdc/Half_Life_Obach,tdc,regression,rmse,torch_mlp_basic
random_matched_control,0.5,lgbm_basic,0.1345,4.0,1.0,6.0,tdc/Half_Life_Obach,tdc,regression,rmse,torch_mlp_basic
random_matched_control,0.5,torch_mlp_advanced,0.2485,3.0,1.0,5.0,tdc/Half_Life_Obach,tdc,regression,rmse,torch_mlp_basic
random_matched_control,0.5,torch_mlp_basic,0.1355,5.0,1.0,6.0,tdc/Half_Life_Obach,tdc,regression,rmse,torch_mlp_basic
random_matched_control,0.75,ecfp_linear,0.0475,5.0,1.0,6.0,tdc/Half_Life_Obach,tdc,regression,rmse,torch_mlp_basic
random_matched_control,0.75,ecfp_rf,0.245,3.0,1.0,6.0,tdc/Half_Life_Obach,tdc,regression,rmse,torch_mlp_basic
random_matched_control,0.75,lgbm_advanced,0.1885,3.0,1.0,6.0,tdc/Half_Life_Obach,tdc,regression,rmse,torch_mlp_basic
random_matched_control,0.75,lgbm_basic,0.136,4.0,1.0,6.0,tdc/Half_Life_Obach,tdc,regression,rmse,torch_mlp_basic
random_matched_control,0.75,torch_mlp_advanced,0.237,3.0,1.0,5.0,tdc/Half_Life_Obach,tdc,regression,rmse,torch_mlp_basic
random_matched_control,0.75,torch_mlp_basic,0.146,4.0,1.0,6.0,tdc/Half_Life_Obach,tdc,regression,rmse,torch_mlp_basic
random_matched_control,observed,ecfp_linear,0.056,5.0,1.0,6.0,tdc/Half_Life_Obach,tdc,regression,rmse,torch_mlp_basic
random_matched_control,observed,ecfp_rf,0.249,3.0,1.0,6.0,tdc/Half_Life_Obach,tdc,regression,rmse,torch_mlp_basic
random_matched_control,observed,lgbm_advanced,0.169,3.0,1.0,6.0,tdc/Half_Life_Obach,tdc,regression,rmse,torch_mlp_basic
random_matched_control,observed,lgbm_basic,0.1405,4.0,1.0,6.0,tdc/Half_Life_Obach,tdc,regression,rmse,torch_mlp_basic
random_matched_control,observed,torch_mlp_advanced,0.2445,3.0,1.0,5.0,tdc/Half_Life_Obach,tdc,regression,rmse,torch_mlp_basic
random_matched_control,observed,torch_mlp_basic,0.141,5.0,1.0,6.0,tdc/Half_Life_Obach,tdc,regression,rmse,torch_mlp_basic
clean_reference,0.0,ecfp_linear,0.0,3.0,3.0,3.0,tdc/HydrationFreeEnergy_FreeSolv,tdc,regression,rmse,lgbm_advanced
clean_reference,0.0,ecfp_rf,0.0,2.0,2.0,2.0,tdc/HydrationFreeEnergy_FreeSolv,tdc,regression,rmse,lgbm_advanced
clean_reference,0.0,lgbm_advanced,1.0,1.0,1.0,1.0,tdc/HydrationFreeEnergy_FreeSolv,tdc,regression,rmse,lgbm_advanced
clean_reference,0.0,lgbm_basic,0.0,4.0,4.0,4.0,tdc/HydrationFreeEnergy_FreeSolv,tdc,regression,rmse,lgbm_advanced
clean_reference,0.0,torch_mlp_advanced,0.0,5.0,5.0,5.0,tdc/HydrationFreeEnergy_FreeSolv,tdc,regression,rmse,lgbm_advanced
clean_reference,0.0,torch_mlp_basic,0.0,6.0,6.0,6.0,tdc/HydrationFreeEnergy_FreeSolv,tdc,regression,rmse,lgbm_advanced
leakage_curve,0.0,ecfp_linear,0.041,3.0,1.0,6.0,tdc/HydrationFreeEnergy_FreeSolv,tdc,regression,rmse,lgbm_advanced
leakage_curve,0.0,ecfp_rf,0.251,3.0,1.0,6.0,tdc/HydrationFreeEnergy_FreeSolv,tdc,regression,rmse,lgbm_advanced
leakage_curve,0.0,lgbm_advanced,0.509,1.0,1.0,5.0,tdc/HydrationFreeEnergy_FreeSolv,tdc,regression,rmse,lgbm_advanced
leakage_curve,0.0,lgbm_basic,0.114,4.0,1.0,6.0,tdc/HydrationFreeEnergy_FreeSolv,tdc,regression,rmse,lgbm_advanced
leakage_curve,0.0,torch_mlp_advanced,0.079,4.0,1.0,6.0,tdc/HydrationFreeEnergy_FreeSolv,tdc,regression,rmse,lgbm_advanced
leakage_curve,0.0,torch_mlp_basic,0.006,5.0,2.0,6.0,tdc/HydrationFreeEnergy_FreeSolv,tdc,regression,rmse,lgbm_advanced
leakage_curve,0.05,ecfp_linear,0.04,3.0,1.0,6.0,tdc/HydrationFreeEnergy_FreeSolv,tdc,regression,rmse,lgbm_advanced
leakage_curve,0.05,ecfp_rf,0.263,3.0,1.0,6.0,tdc/HydrationFreeEnergy_FreeSolv,tdc,regression,rmse,lgbm_advanced
leakage_curve,0.05,lgbm_advanced,0.54,1.0,1.0,5.0,tdc/HydrationFreeEnergy_FreeSolv,tdc,regression,rmse,lgbm_advanced
leakage_curve,0.05,lgbm_basic,0.092,4.0,1.0,6.0,tdc/HydrationFreeEnergy_FreeSolv,tdc,regression,rmse,lgbm_advanced
leakage_curve,0.05,torch_mlp_advanced,0.06,4.0,1.0,6.0,tdc/HydrationFreeEnergy_FreeSolv,tdc,regression,rmse,lgbm_advanced
leakage_curve,0.05,torch_mlp_basic,0.005,5.0,2.0,6.0,tdc/HydrationFreeEnergy_FreeSolv,tdc,regression,rmse,lgbm_advanced
leakage_curve,0.1,ecfp_linear,0.035,3.0,1.0,6.0,tdc/HydrationFreeEnergy_FreeSolv,tdc,regression,rmse,lgbm_advanced
leakage_curve,0.1,ecfp_rf,0.287,2.0,1.0,6.0,tdc/HydrationFreeEnergy_FreeSolv,tdc,regression,rmse,lgbm_advanced
leakage_curve,0.1,lgbm_advanced,0.525,1.0,1.0,5.0,tdc/HydrationFreeEnergy_FreeSolv,tdc,regression,rmse,lgbm_advanced
leakage_curve,0.1,lgbm_basic,0.089,5.0,1.0,6.0,tdc/HydrationFreeEnergy_FreeSolv,tdc,regression,rmse,lgbm_advanced
leakage_curve,0.1,torch_mlp_advanced,0.06,4.0,1.0,6.0,tdc/HydrationFreeEnergy_FreeSolv,tdc,regression,rmse,lgbm_advanced
leakage_curve,0.1,torch_mlp_basic,0.004,5.0,2.0,6.0,tdc/HydrationFreeEnergy_FreeSolv,tdc,regression,rmse,lgbm_advanced
leakage_curve,0.25,ecfp_linear,0.062,3.0,1.0,6.0,tdc/HydrationFreeEnergy_FreeSolv,tdc,regression,rmse,lgbm_advanced
leakage_curve,0.25,ecfp_rf,0.268,2.0,1.0,6.0,tdc/HydrationFreeEnergy_FreeSolv,tdc,regression,rmse,lgbm_advanced
leakage_curve,0.25,lgbm_advanced,0.5,1.5,1.0,5.0,tdc/HydrationFreeEnergy_FreeSolv,tdc,regression,rmse,lgbm_advanced
leakage_curve,0.25,lgbm_basic,0.09,4.0,1.0,6.0,tdc/HydrationFreeEnergy_FreeSolv,tdc,regression,rmse,lgbm_advanced
leakage_curve,0.25,torch_mlp_advanced,0.069,4.0,1.0,6.0,tdc/HydrationFreeEnergy_FreeSolv,tdc,regression,rmse,lgbm_advanced
leakage_curve,0.25,torch_mlp_basic,0.011,5.0,2.0,6.0,tdc/HydrationFreeEnergy_FreeSolv,tdc,regression,rmse,lgbm_advanced
leakage_curve,0.5,ecfp_linear,0.1,3.0,1.0,6.0,tdc/HydrationFreeEnergy_FreeSolv,tdc,regression,rmse,lgbm_advanced
leakage_curve,0.5,ecfp_rf,0.332,2.0,1.0,6.0,tdc/HydrationFreeEnergy_FreeSolv,tdc,regression,rmse,lgbm_advanced
leakage_curve,0.5,lgbm_advanced,0.39,2.0,1.0,5.0,tdc/HydrationFreeEnergy_FreeSolv,tdc,regression,rmse,lgbm_advanced
leakage_curve,0.5,lgbm_basic,0.033,6.0,1.0,6.0,tdc/HydrationFreeEnergy_FreeSolv,tdc,regression,rmse,lgbm_advanced
leakage_curve,0.5,torch_mlp_advanced,0.116,4.0,1.0,6.0,tdc/HydrationFreeEnergy_FreeSolv,tdc,regression,rmse,lgbm_advanced
leakage_curve,0.5,torch_mlp_basic,0.029,5.0,1.0,6.0,tdc/HydrationFreeEnergy_FreeSolv,tdc,regression,rmse,lgbm_advanced
leakage_curve,0.75,ecfp_linear,0.145,3.0,1.0,6.0,tdc/HydrationFreeEnergy_FreeSolv,tdc,regression,rmse,lgbm_advanced
leakage_curve,0.75,ecfp_rf,0.415,2.0,1.0,6.0,tdc/HydrationFreeEnergy_FreeSolv,tdc,regression,rmse,lgbm_advanced
leakage_curve,0.75,lgbm_advanced,0.165,4.0,1.0,5.0,tdc/HydrationFreeEnergy_FreeSolv,tdc,regression,rmse,lgbm_advanced
leakage_curve,0.75,lgbm_basic,0.001,6.0,2.0,6.0,tdc/HydrationFreeEnergy_FreeSolv,tdc,regression,rmse,lgbm_advanced
leakage_curve,0.75,torch_mlp_advanced,0.205,3.0,1.0,5.0,tdc/HydrationFreeEnergy_FreeSolv,tdc,regression,rmse,lgbm_advanced
leakage_curve,0.75,torch_mlp_basic,0.069,4.0,1.0,6.0,tdc/HydrationFreeEnergy_FreeSolv,tdc,regression,rmse,lgbm_advanced
leakage_curve,observed,ecfp_linear,0.032,3.0,1.0,6.0,tdc/HydrationFreeEnergy_FreeSolv,tdc,regression,rmse,lgbm_advanced
leakage_curve,observed,ecfp_rf,0.313,2.0,1.0,6.0,tdc/HydrationFreeEnergy_FreeSolv,tdc,regression,rmse,lgbm_advanced
leakage_curve,observed,lgbm_advanced,0.513,1.0,1.0,5.0,tdc/HydrationFreeEnergy_FreeSolv,tdc,regression,rmse,lgbm_advanced
leakage_curve,observed,lgbm_basic,0.077,5.0,1.0,6.0,tdc/HydrationFreeEnergy_FreeSolv,tdc,regression,rmse,lgbm_advanced
leakage_curve,observed,torch_mlp_advanced,0.057,4.0,1.0,6.0,tdc/HydrationFreeEnergy_FreeSolv,tdc,regression,rmse,lgbm_advanced
leakage_curve,observed,torch_mlp_basic,0.008,5.0,2.0,6.0,tdc/HydrationFreeEnergy_FreeSolv,tdc,regression,rmse,lgbm_advanced
observed_composition,observed,ecfp_linear,0.0,3.0,3.0,3.0,tdc/HydrationFreeEnergy_FreeSolv,tdc,regression,rmse,lgbm_advanced
observed_composition,observed,ecfp_rf,0.0,2.0,2.0,2.0,tdc/HydrationFreeEnergy_FreeSolv,tdc,regression,rmse,lgbm_advanced
observed_composition,observed,lgbm_advanced,1.0,1.0,1.0,1.0,tdc/HydrationFreeEnergy_FreeSolv,tdc,regression,rmse,lgbm_advanced
observed_composition,observed,lgbm_basic,0.0,4.0,4.0,4.0,tdc/HydrationFreeEnergy_FreeSolv,tdc,regression,rmse,lgbm_advanced
observed_composition,observed,torch_mlp_advanced,0.0,5.0,5.0,5.0,tdc/HydrationFreeEnergy_FreeSolv,tdc,regression,rmse,lgbm_advanced
observed_composition,observed,torch_mlp_basic,0.0,6.0,6.0,6.0,tdc/HydrationFreeEnergy_FreeSolv,tdc,regression,rmse,lgbm_advanced
random_matched_control,0.0,ecfp_linear,0.059,4.0,1.0,6.0,tdc/HydrationFreeEnergy_FreeSolv,tdc,regression,rmse,lgbm_advanced
random_matched_control,0.0,ecfp_rf,0.291,2.0,1.0,6.0,tdc/HydrationFreeEnergy_FreeSolv,tdc,regression,rmse,lgbm_advanced
random_matched_control,0.0,lgbm_advanced,0.486,2.0,1.0,5.0,tdc/HydrationFreeEnergy_FreeSolv,tdc,regression,rmse,lgbm_advanced
random_matched_control,0.0,lgbm_basic,0.102,4.0,1.0,6.0,tdc/HydrationFreeEnergy_FreeSolv,tdc,regression,rmse,lgbm_advanced
random_matched_control,0.0,torch_mlp_advanced,0.049,4.0,1.0,6.0,tdc/HydrationFreeEnergy_FreeSolv,tdc,regression,rmse,lgbm_advanced
random_matched_control,0.0,torch_mlp_basic,0.013,5.0,2.0,6.0,tdc/HydrationFreeEnergy_FreeSolv,tdc,regression,rmse,lgbm_advanced
random_matched_control,0.05,ecfp_linear,0.057,4.0,1.0,6.0,tdc/HydrationFreeEnergy_FreeSolv,tdc,regression,rmse,lgbm_advanced
random_matched_control,0.05,ecfp_rf,0.268,2.0,1.0,6.0,tdc/HydrationFreeEnergy_FreeSolv,tdc,regression,rmse,lgbm_advanced
random_matched_control,0.05,lgbm_advanced,0.525,1.0,1.0,5.0,tdc/HydrationFreeEnergy_FreeSolv,tdc,regression,rmse,lgbm_advanced
random_matched_control,0.05,lgbm_basic,0.102,3.0,1.0,6.0,tdc/HydrationFreeEnergy_FreeSolv,tdc,regression,rmse,lgbm_advanced
random_matched_control,0.05,torch_mlp_advanced,0.037,4.0,1.0,6.0,tdc/HydrationFreeEnergy_FreeSolv,tdc,regression,rmse,lgbm_advanced
random_matched_control,0.05,torch_mlp_basic,0.011,5.0,2.0,6.0,tdc/HydrationFreeEnergy_FreeSolv,tdc,regression,rmse,lgbm_advanced
random_matched_control,0.1,ecfp_linear,0.056,4.0,1.0,6.0,tdc/HydrationFreeEnergy_FreeSolv,tdc,regression,rmse,lgbm_advanced
random_matched_control,0.1,ecfp_rf,0.276,2.0,1.0,6.0,tdc/HydrationFreeEnergy_FreeSolv,tdc,regression,rmse,lgbm_advanced
random_matched_control,0.1,lgbm_advanced,0.502,1.0,1.0,5.0,tdc/HydrationFreeEnergy_FreeSolv,tdc,regression,rmse,lgbm_advanced
random_matched_control,0.1,lgbm_basic,0.09,3.0,1.0,6.0,tdc/HydrationFreeEnergy_FreeSolv,tdc,regression,rmse,lgbm_advanced
random_matched_control,0.1,torch_mlp_advanced,0.057,4.0,1.0,6.0,tdc/HydrationFreeEnergy_FreeSolv,tdc,regression,rmse,lgbm_advanced
random_matched_control,0.1,torch_mlp_basic,0.019,5.0,2.0,6.0,tdc/HydrationFreeEnergy_FreeSolv,tdc,regression,rmse,lgbm_advanced
random_matched_control,0.25,ecfp_linear,0.055,4.0,1.0,6.0,tdc/HydrationFreeEnergy_FreeSolv,tdc,regression,rmse,lgbm_advanced
random_matched_control,0.25,ecfp_rf,0.265,2.0,1.0,6.0,tdc/HydrationFreeEnergy_FreeSolv,tdc,regression,rmse,lgbm_advanced
random_matched_control,0.25,lgbm_advanced,0.536,1.0,1.0,5.0,tdc/HydrationFreeEnergy_FreeSolv,tdc,regression,rmse,lgbm_advanced
random_matched_control,0.25,lgbm_basic,0.096,3.0,1.0,6.0,tdc/HydrationFreeEnergy_FreeSolv,tdc,regression,rmse,lgbm_advanced
random_matched_control,0.25,torch_mlp_advanced,0.037,4.0,1.0,6.0,tdc/HydrationFreeEnergy_FreeSolv,tdc,regression,rmse,lgbm_advanced
random_matched_control,0.25,torch_mlp_basic,0.011,5.0,2.0,6.0,tdc/HydrationFreeEnergy_FreeSolv,tdc,regression,rmse,lgbm_advanced
random_matched_control,0.5,ecfp_linear,0.05,4.0,1.0,6.0,tdc/HydrationFreeEnergy_FreeSolv,tdc,regression,rmse,lgbm_advanced
random_matched_control,0.5,ecfp_rf,0.28,2.0,1.0,6.0,tdc/HydrationFreeEnergy_FreeSolv,tdc,regression,rmse,lgbm_advanced
random_matched_control,0.5,lgbm_advanced,0.503,1.0,1.0,5.0,tdc/HydrationFreeEnergy_FreeSolv,tdc,regression,rmse,lgbm_advanced
random_matched_control,0.5,lgbm_basic,0.103,4.0,1.0,6.0,tdc/HydrationFreeEnergy_FreeSolv,tdc,regression,rmse,lgbm_advanced
random_matched_control,0.5,torch_mlp_advanced,0.051,4.0,1.0,6.0,tdc/HydrationFreeEnergy_FreeSolv,tdc,regression,rmse,lgbm_advanced
random_matched_control,0.5,torch_mlp_basic,0.013,5.0,2.0,6.0,tdc/HydrationFreeEnergy_FreeSolv,tdc,regression,rmse,lgbm_advanced
random_matched_control,0.75,ecfp_linear,0.055,4.0,1.0,6.0,tdc/HydrationFreeEnergy_FreeSolv,tdc,regression,rmse,lgbm_advanced
random_matched_control,0.75,ecfp_rf,0.252,2.0,1.0,6.0,tdc/HydrationFreeEnergy_FreeSolv,tdc,regression,rmse,lgbm_advanced
random_matched_control,0.75,lgbm_advanced,0.527,1.0,1.0,5.0,tdc/HydrationFreeEnergy_FreeSolv,tdc,regression,rmse,lgbm_advanced
random_matched_control,0.75,lgbm_basic,0.088,4.0,1.0,6.0,tdc/HydrationFreeEnergy_FreeSolv,tdc,regression,rmse,lgbm_advanced
random_matched_control,0.75,torch_mlp_advanced,0.057,4.0,1.0,6.0,tdc/HydrationFreeEnergy_FreeSolv,tdc,regression,rmse,lgbm_advanced
random_matched_control,0.75,torch_mlp_basic,0.021,5.0,2.0,6.0,tdc/HydrationFreeEnergy_FreeSolv,tdc,regression,rmse,lgbm_advanced
random_matched_control,observed,ecfp_linear,0.053,4.0,1.0,6.0,tdc/HydrationFreeEnergy_FreeSolv,tdc,regression,rmse,lgbm_advanced
random_matched_control,observed,ecfp_rf,0.265,2.0,1.0,6.0,tdc/HydrationFreeEnergy_FreeSolv,tdc,regression,rmse,lgbm_advanced
random_matched_control,observed,lgbm_advanced,0.51,1.0,1.0,5.0,tdc/HydrationFreeEnergy_FreeSolv,tdc,regression,rmse,lgbm_advanced
random_matched_control,observed,lgbm_basic,0.096,4.0,1.0,6.0,tdc/HydrationFreeEnergy_FreeSolv,tdc,regression,rmse,lgbm_advanced
random_matched_control,observed,torch_mlp_advanced,0.059,4.0,1.0,6.0,tdc/HydrationFreeEnergy_FreeSolv,tdc,regression,rmse,lgbm_advanced
random_matched_control,observed,torch_mlp_basic,0.017,5.0,2.0,6.0,tdc/HydrationFreeEnergy_FreeSolv,tdc,regression,rmse,lgbm_advanced
clean_reference,0.0,ecfp_linear,0.0,6.0,6.0,6.0,tdc/Lipophilicity_AstraZeneca,tdc,regression,rmse,lgbm_advanced
clean_reference,0.0,ecfp_rf,0.0,4.0,4.0,4.0,tdc/Lipophilicity_AstraZeneca,tdc,regression,rmse,lgbm_advanced
clean_reference,0.0,lgbm_advanced,1.0,1.0,1.0,1.0,tdc/Lipophilicity_AstraZeneca,tdc,regression,rmse,lgbm_advanced
clean_reference,0.0,lgbm_basic,0.0,2.0,2.0,2.0,tdc/Lipophilicity_AstraZeneca,tdc,regression,rmse,lgbm_advanced
clean_reference,0.0,torch_mlp_advanced,0.0,3.0,3.0,3.0,tdc/Lipophilicity_AstraZeneca,tdc,regression,rmse,lgbm_advanced
clean_reference,0.0,torch_mlp_basic,0.0,5.0,5.0,5.0,tdc/Lipophilicity_AstraZeneca,tdc,regression,rmse,lgbm_advanced
conflict_curve,0.0,ecfp_linear,0.312,5.0,1.0,6.0,tdc/Lipophilicity_AstraZeneca,tdc,regression,rmse,lgbm_advanced
conflict_curve,0.0,ecfp_rf,0.162,4.0,1.0,6.0,tdc/Lipophilicity_AstraZeneca,tdc,regression,rmse,lgbm_advanced
conflict_curve,0.0,lgbm_advanced,0.13,3.0,1.0,6.0,tdc/Lipophilicity_AstraZeneca,tdc,regression,rmse,lgbm_advanced
conflict_curve,0.0,lgbm_basic,0.101,4.0,1.0,6.0,tdc/Lipophilicity_AstraZeneca,tdc,regression,rmse,lgbm_advanced
conflict_curve,0.0,torch_mlp_advanced,0.151,3.0,1.0,6.0,tdc/Lipophilicity_AstraZeneca,tdc,regression,rmse,lgbm_advanced
conflict_curve,0.0,torch_mlp_basic,0.144,3.0,1.0,6.0,tdc/Lipophilicity_AstraZeneca,tdc,regression,rmse,lgbm_advanced
conflict_curve,0.05,ecfp_linear,0.323,5.0,1.0,6.0,tdc/Lipophilicity_AstraZeneca,tdc,regression,rmse,lgbm_advanced
conflict_curve,0.05,ecfp_rf,0.13,5.0,1.0,6.0,tdc/Lipophilicity_AstraZeneca,tdc,regression,rmse,lgbm_advanced
conflict_curve,0.05,lgbm_advanced,0.153,3.0,1.0,6.0,tdc/Lipophilicity_AstraZeneca,tdc,regression,rmse,lgbm_advanced
conflict_curve,0.05,lgbm_basic,0.095,4.0,1.0,6.0,tdc/Lipophilicity_AstraZeneca,tdc,regression,rmse,lgbm_advanced
conflict_curve,0.05,torch_mlp_advanced,0.159,3.0,1.0,6.0,tdc/Lipophilicity_AstraZeneca,tdc,regression,rmse,lgbm_advanced
conflict_curve,0.05,torch_mlp_basic,0.14,3.0,1.0,6.0,tdc/Lipophilicity_AstraZeneca,tdc,regression,rmse,lgbm_advanced
conflict_curve,0.1,ecfp_linear,0.299,5.0,1.0,6.0,tdc/Lipophilicity_AstraZeneca,tdc,regression,rmse,lgbm_advanced
conflict_curve,0.1,ecfp_rf,0.153,4.0,1.0,6.0,tdc/Lipophilicity_AstraZeneca,tdc,regression,rmse,lgbm_advanced
conflict_curve,0.1,lgbm_advanced,0.115,3.0,1.0,6.0,tdc/Lipophilicity_AstraZeneca,tdc,regression,rmse,lgbm_advanced
conflict_curve,0.1,lgbm_basic,0.099,4.0,1.0,6.0,tdc/Lipophilicity_AstraZeneca,tdc,regression,rmse,lgbm_advanced
conflict_curve,0.1,torch_mlp_advanced,0.174,3.0,1.0,6.0,tdc/Lipophilicity_AstraZeneca,tdc,regression,rmse,lgbm_advanced
conflict_curve,0.1,torch_mlp_basic,0.16,3.0,1.0,6.0,tdc/Lipophilicity_AstraZeneca,tdc,regression,rmse,lgbm_advanced
conflict_curve,0.25,ecfp_linear,0.306,5.0,1.0,6.0,tdc/Lipophilicity_AstraZeneca,tdc,regression,rmse,lgbm_advanced
conflict_curve,0.25,ecfp_rf,0.156,4.0,1.0,6.0,tdc/Lipophilicity_AstraZeneca,tdc,regression,rmse,lgbm_advanced
conflict_curve,0.25,lgbm_advanced,0.139,3.0,1.0,6.0,tdc/Lipophilicity_AstraZeneca,tdc,regression,rmse,lgbm_advanced
conflict_curve,0.25,lgbm_basic,0.082,4.0,1.0,6.0,tdc/Lipophilicity_AstraZeneca,tdc,regression,rmse,lgbm_advanced
conflict_curve,0.25,torch_mlp_advanced,0.171,3.0,1.0,6.0,tdc/Lipophilicity_AstraZeneca,tdc,regression,rmse,lgbm_advanced
conflict_curve,0.25,torch_mlp_basic,0.146,3.0,1.0,6.0,tdc/Lipophilicity_AstraZeneca,tdc,regression,rmse,lgbm_advanced
conflict_curve,0.5,ecfp_linear,0.323,5.0,1.0,6.0,tdc/Lipophilicity_AstraZeneca,tdc,regression,rmse,lgbm_advanced
conflict_curve,0.5,ecfp_rf,0.168,4.0,1.0,6.0,tdc/Lipophilicity_AstraZeneca,tdc,regression,rmse,lgbm_advanced
conflict_curve,0.5,lgbm_advanced,0.122,3.0,1.0,6.0,tdc/Lipophilicity_AstraZeneca,tdc,regression,rmse,lgbm_advanced
conflict_curve,0.5,lgbm_basic,0.102,4.0,1.0,6.0,tdc/Lipophilicity_AstraZeneca,tdc,regression,rmse,lgbm_advanced
conflict_curve,0.5,torch_mlp_advanced,0.155,3.0,1.0,6.0,tdc/Lipophilicity_AstraZeneca,tdc,regression,rmse,lgbm_advanced
conflict_curve,0.5,torch_mlp_basic,0.13,3.0,1.0,6.0,tdc/Lipophilicity_AstraZeneca,tdc,regression,rmse,lgbm_advanced
conflict_curve,0.75,ecfp_linear,1.0,1.0,1.0,1.0,tdc/Lipophilicity_AstraZeneca,tdc,regression,rmse,lgbm_advanced
conflict_curve,0.75,ecfp_rf,0.0,6.0,6.0,6.0,tdc/Lipophilicity_AstraZeneca,tdc,regression,rmse,lgbm_advanced
conflict_curve,0.75,lgbm_advanced,0.0,5.0,5.0,5.0,tdc/Lipophilicity_AstraZeneca,tdc,regression,rmse,lgbm_advanced
conflict_curve,0.75,lgbm_basic,0.0,2.0,2.0,2.0,tdc/Lipophilicity_AstraZeneca,tdc,regression,rmse,lgbm_advanced
conflict_curve,0.75,torch_mlp_advanced,0.0,4.0,4.0,4.0,tdc/Lipophilicity_AstraZeneca,tdc,regression,rmse,lgbm_advanced
conflict_curve,0.75,torch_mlp_basic,0.0,3.0,3.0,3.0,tdc/Lipophilicity_AstraZeneca,tdc,regression,rmse,lgbm_advanced
conflict_curve,observed,ecfp_linear,0.308,5.0,1.0,6.0,tdc/Lipophilicity_AstraZeneca,tdc,regression,rmse,lgbm_advanced
conflict_curve,observed,ecfp_rf,0.154,4.0,1.0,6.0,tdc/Lipophilicity_AstraZeneca,tdc,regression,rmse,lgbm_advanced
conflict_curve,observed,lgbm_advanced,0.146,3.0,1.0,6.0,tdc/Lipophilicity_AstraZeneca,tdc,regression,rmse,lgbm_advanced
conflict_curve,observed,lgbm_basic,0.087,4.0,1.0,6.0,tdc/Lipophilicity_AstraZeneca,tdc,regression,rmse,lgbm_advanced
conflict_curve,observed,torch_mlp_advanced,0.156,3.0,1.0,6.0,tdc/Lipophilicity_AstraZeneca,tdc,regression,rmse,lgbm_advanced
conflict_curve,observed,torch_mlp_basic,0.149,3.0,1.0,6.0,tdc/Lipophilicity_AstraZeneca,tdc,regression,rmse,lgbm_advanced
leakage_curve,0.0,ecfp_linear,0.0,6.0,6.0,6.0,tdc/Lipophilicity_AstraZeneca,tdc,regression,rmse,lgbm_advanced
leakage_curve,0.0,ecfp_rf,0.006,4.0,3.0,5.0,tdc/Lipophilicity_AstraZeneca,tdc,regression,rmse,lgbm_advanced
leakage_curve,0.0,lgbm_advanced,0.607,1.0,1.0,3.0,tdc/Lipophilicity_AstraZeneca,tdc,regression,rmse,lgbm_advanced
leakage_curve,0.0,lgbm_basic,0.292,2.0,1.0,3.0,tdc/Lipophilicity_AstraZeneca,tdc,regression,rmse,lgbm_advanced
leakage_curve,0.0,torch_mlp_advanced,0.094,3.0,1.0,4.0,tdc/Lipophilicity_AstraZeneca,tdc,regression,rmse,lgbm_advanced
leakage_curve,0.0,torch_mlp_basic,0.001,5.0,3.9750000000000014,5.0,tdc/Lipophilicity_AstraZeneca,tdc,regression,rmse,lgbm_advanced
leakage_curve,0.05,ecfp_linear,0.0,6.0,6.0,6.0,tdc/Lipophilicity_AstraZeneca,tdc,regression,rmse,lgbm_advanced
leakage_curve,0.05,ecfp_rf,0.003,4.0,3.0,5.0,tdc/Lipophilicity_AstraZeneca,tdc,regression,rmse,lgbm_advanced
leakage_curve,0.05,lgbm_advanced,0.61,1.0,1.0,3.0,tdc/Lipophilicity_AstraZeneca,tdc,regression,rmse,lgbm_advanced
leakage_curve,0.05,lgbm_basic,0.271,2.0,1.0,3.0,tdc/Lipophilicity_AstraZeneca,tdc,regression,rmse,lgbm_advanced
leakage_curve,0.05,torch_mlp_advanced,0.116,3.0,1.0,4.0,tdc/Lipophilicity_AstraZeneca,tdc,regression,rmse,lgbm_advanced
leakage_curve,0.05,torch_mlp_basic,0.0,5.0,3.0,5.0,tdc/Lipophilicity_AstraZeneca,tdc,regression,rmse,lgbm_advanced
leakage_curve,0.1,ecfp_linear,0.0,6.0,6.0,6.0,tdc/Lipophilicity_AstraZeneca,tdc,regression,rmse,lgbm_advanced
leakage_curve,0.1,ecfp_rf,0.003,4.0,3.0,5.0,tdc/Lipophilicity_AstraZeneca,tdc,regression,rmse,lgbm_advanced
leakage_curve,0.1,lgbm_advanced,0.665,1.0,1.0,3.0,tdc/Lipophilicity_AstraZeneca,tdc,regression,rmse,lgbm_advanced
leakage_curve,0.1,lgbm_basic,0.217,2.0,1.0,4.0,tdc/Lipophilicity_AstraZeneca,tdc,regression,rmse,lgbm_advanced
leakage_curve,0.1,torch_mlp_advanced,0.115,3.0,1.0,4.0,tdc/Lipophilicity_AstraZeneca,tdc,regression,rmse,lgbm_advanced
leakage_curve,0.1,torch_mlp_basic,0.0,5.0,3.0,5.0,tdc/Lipophilicity_AstraZeneca,tdc,regression,rmse,lgbm_advanced
leakage_curve,0.25,ecfp_linear,0.0,6.0,6.0,6.0,tdc/Lipophilicity_AstraZeneca,tdc,regression,rmse,lgbm_advanced
leakage_curve,0.25,ecfp_rf,0.007,4.0,2.0,5.0,tdc/Lipophilicity_AstraZeneca,tdc,regression,rmse,lgbm_advanced
leakage_curve,0.25,lgbm_advanced,0.683,1.0,1.0,3.0,tdc/Lipophilicity_AstraZeneca,tdc,regression,rmse,lgbm_advanced
leakage_curve,0.25,lgbm_basic,0.144,2.0,1.0,4.0,tdc/Lipophilicity_AstraZeneca,tdc,regression,rmse,lgbm_advanced
leakage_curve,0.25,torch_mlp_advanced,0.164,3.0,1.0,4.0,tdc/Lipophilicity_AstraZeneca,tdc,regression,rmse,lgbm_advanced
leakage_curve,0.25,torch_mlp_basic,0.002,5.0,3.0,5.0,tdc/Lipophilicity_AstraZeneca,tdc,regression,rmse,lgbm_advanced
leakage_curve,0.5,ecfp_linear,0.0,6.0,6.0,6.0,tdc/Lipophilicity_AstraZeneca,tdc,regression,rmse,lgbm_advanced
leakage_curve,0.5,ecfp_rf,0.014,4.0,2.0,5.0,tdc/Lipophilicity_AstraZeneca,tdc,regression,rmse,lgbm_advanced
leakage_curve,0.5,lgbm_advanced,0.682,1.0,1.0,3.0,tdc/Lipophilicity_AstraZeneca,tdc,regression,rmse,lgbm_advanced
leakage_curve,0.5,lgbm_basic,0.063,3.0,1.0,4.0,tdc/Lipophilicity_AstraZeneca,tdc,regression,rmse,lgbm_advanced
leakage_curve,0.5,torch_mlp_advanced,0.24,2.0,1.0,4.0,tdc/Lipophilicity_AstraZeneca,tdc,regression,rmse,lgbm_advanced
leakage_curve,0.5,torch_mlp_basic,0.001,5.0,2.0,5.0,tdc/Lipophilicity_AstraZeneca,tdc,regression,rmse,lgbm_advanced
leakage_curve,0.75,ecfp_linear,0.0,6.0,6.0,6.0,tdc/Lipophilicity_AstraZeneca,tdc,regression,rmse,lgbm_advanced
leakage_curve,0.75,ecfp_rf,0.024,4.0,2.0,5.0,tdc/Lipophilicity_AstraZeneca,tdc,regression,rmse,lgbm_advanced
leakage_curve,0.75,lgbm_advanced,0.698,1.0,1.0,3.0,tdc/Lipophilicity_AstraZeneca,tdc,regression,rmse,lgbm_advanced
leakage_curve,0.75,lgbm_basic,0.004,3.0,2.0,5.0,tdc/Lipophilicity_AstraZeneca,tdc,regression,rmse,lgbm_advanced
leakage_curve,0.75,torch_mlp_advanced,0.274,2.0,1.0,4.0,tdc/Lipophilicity_AstraZeneca,tdc,regression,rmse,lgbm_advanced
leakage_curve,0.75,torch_mlp_basic,0.0,5.0,3.0,5.0,tdc/Lipophilicity_AstraZeneca,tdc,regression,rmse,lgbm_advanced
leakage_curve,observed,ecfp_linear,0.0,6.0,6.0,6.0,tdc/Lipophilicity_AstraZeneca,tdc,regression,rmse,lgbm_advanced
leakage_curve,observed,ecfp_rf,0.006,4.0,3.0,5.0,tdc/Lipophilicity_AstraZeneca,tdc,regression,rmse,lgbm_advanced
leakage_curve,observed,lgbm_advanced,0.614,1.0,1.0,3.0,tdc/Lipophilicity_AstraZeneca,tdc,regression,rmse,lgbm_advanced
leakage_curve,observed,lgbm_basic,0.224,2.0,1.0,4.0,tdc/Lipophilicity_AstraZeneca,tdc,regression,rmse,lgbm_advanced
leakage_curve,observed,torch_mlp_advanced,0.153,3.0,1.0,4.0,tdc/Lipophilicity_AstraZeneca,tdc,regression,rmse,lgbm_advanced
leakage_curve,observed,torch_mlp_basic,0.003,5.0,3.0,5.0,tdc/Lipophilicity_AstraZeneca,tdc,regression,rmse,lgbm_advanced
observed_composition,observed,ecfp_linear,0.0,6.0,6.0,6.0,tdc/Lipophilicity_AstraZeneca,tdc,regression,rmse,lgbm_advanced
observed_composition,observed,ecfp_rf,0.0,4.0,4.0,4.0,tdc/Lipophilicity_AstraZeneca,tdc,regression,rmse,lgbm_advanced
observed_composition,observed,lgbm_advanced,1.0,1.0,1.0,1.0,tdc/Lipophilicity_AstraZeneca,tdc,regression,rmse,lgbm_advanced
observed_composition,observed,lgbm_basic,0.0,2.0,2.0,2.0,tdc/Lipophilicity_AstraZeneca,tdc,regression,rmse,lgbm_advanced
observed_composition,observed,torch_mlp_advanced,0.0,3.0,3.0,3.0,tdc/Lipophilicity_AstraZeneca,tdc,regression,rmse,lgbm_advanced
observed_composition,observed,torch_mlp_basic,0.0,5.0,5.0,5.0,tdc/Lipophilicity_AstraZeneca,tdc,regression,rmse,lgbm_advanced
random_matched_control,0.0,ecfp_linear,0.0645,6.0,1.0,6.0,tdc/Lipophilicity_AstraZeneca,tdc,regression,rmse,lgbm_advanced
random_matched_control,0.0,ecfp_rf,0.1125,4.0,1.0,6.0,tdc/Lipophilicity_AstraZeneca,tdc,regression,rmse,lgbm_advanced
random_matched_control,0.0,lgbm_advanced,0.3585,2.0,1.0,6.0,tdc/Lipophilicity_AstraZeneca,tdc,regression,rmse,lgbm_advanced
random_matched_control,0.0,lgbm_basic,0.228,2.0,1.0,6.0,tdc/Lipophilicity_AstraZeneca,tdc,regression,rmse,lgbm_advanced
random_matched_control,0.0,torch_mlp_advanced,0.146,3.0,1.0,6.0,tdc/Lipophilicity_AstraZeneca,tdc,regression,rmse,lgbm_advanced
random_matched_control,0.0,torch_mlp_basic,0.0905,4.0,1.0,6.0,tdc/Lipophilicity_AstraZeneca,tdc,regression,rmse,lgbm_advanced
random_matched_control,0.05,ecfp_linear,0.0695,6.0,1.0,6.0,tdc/Lipophilicity_AstraZeneca,tdc,regression,rmse,lgbm_advanced
random_matched_control,0.05,ecfp_rf,0.1205,4.0,1.0,6.0,tdc/Lipophilicity_AstraZeneca,tdc,regression,rmse,lgbm_advanced
random_matched_control,0.05,lgbm_advanced,0.356,2.0,1.0,6.0,tdc/Lipophilicity_AstraZeneca,tdc,regression,rmse,lgbm_advanced
random_matched_control,0.05,lgbm_basic,0.228,2.0,1.0,6.0,tdc/Lipophilicity_AstraZeneca,tdc,regression,rmse,lgbm_advanced
random_matched_control,0.05,torch_mlp_advanced,0.1405,3.0,1.0,6.0,tdc/Lipophilicity_AstraZeneca,tdc,regression,rmse,lgbm_advanced
random_matched_control,0.05,torch_mlp_basic,0.0855,4.0,1.0,6.0,tdc/Lipophilicity_AstraZeneca,tdc,regression,rmse,lgbm_advanced
random_matched_control,0.1,ecfp_linear,0.064,6.0,1.0,6.0,tdc/Lipophilicity_AstraZeneca,tdc,regression,rmse,lgbm_advanced
random_matched_control,0.1,ecfp_rf,0.122,4.0,1.0,6.0,tdc/Lipophilicity_AstraZeneca,tdc,regression,rmse,lgbm_advanced
random_matched_control,0.1,lgbm_advanced,0.3505,2.0,1.0,5.024999999999864,tdc/Lipophilicity_AstraZeneca,tdc,regression,rmse,lgbm_advanced
random_matched_control,0.1,lgbm_basic,0.2435,2.0,1.0,6.0,tdc/Lipophilicity_AstraZeneca,tdc,regression,rmse,lgbm_advanced
random_matched_control,0.1,torch_mlp_advanced,0.1435,3.0,1.0,6.0,tdc/Lipophilicity_AstraZeneca,tdc,regression,rmse,lgbm_advanced
random_matched_control,0.1,torch_mlp_basic,0.0765,4.0,1.0,6.0,tdc/Lipophilicity_AstraZeneca,tdc,regression,rmse,lgbm_advanced
random_matched_control,0.25,ecfp_linear,0.0635,6.0,1.0,6.0,tdc/Lipophilicity_AstraZeneca,tdc,regression,rmse,lgbm_advanced
random_matched_control,0.25,ecfp_rf,0.111,4.0,1.0,6.0,tdc/Lipophilicity_AstraZeneca,tdc,regression,rmse,lgbm_advanced
random_matched_control,0.25,lgbm_advanced,0.347,2.0,1.0,5.0,tdc/Lipophilicity_AstraZeneca,tdc,regression,rmse,lgbm_advanced
random_matched_control,0.25,lgbm_basic,0.246,2.0,1.0,6.0,tdc/Lipophilicity_AstraZeneca,tdc,regression,rmse,lgbm_advanced
random_matched_control,0.25,torch_mlp_advanced,0.1535,3.0,1.0,6.0,tdc/Lipophilicity_AstraZeneca,tdc,regression,rmse,lgbm_advanced
random_matched_control,0.25,torch_mlp_basic,0.079,4.0,1.0,6.0,tdc/Lipophilicity_AstraZeneca,tdc,regression,rmse,lgbm_advanced
random_matched_control,0.5,ecfp_linear,0.064,6.0,1.0,6.0,tdc/Lipophilicity_AstraZeneca,tdc,regression,rmse,lgbm_advanced
random_matched_control,0.5,ecfp_rf,0.1015,4.0,1.0,6.0,tdc/Lipophilicity_AstraZeneca,tdc,regression,rmse,lgbm_advanced
random_matched_control,0.5,lgbm_advanced,0.357,2.0,1.0,5.0,tdc/Lipophilicity_AstraZeneca,tdc,regression,rmse,lgbm_advanced
random_matched_control,0.5,lgbm_basic,0.2425,2.0,1.0,6.0,tdc/Lipophilicity_AstraZeneca,tdc,regression,rmse,lgbm_advanced
random_matched_control,0.5,torch_mlp_advanced,0.1525,3.0,1.0,6.0,tdc/Lipophilicity_AstraZeneca,tdc,regression,rmse,lgbm_advanced
random_matched_control,0.5,torch_mlp_basic,0.0825,4.0,1.0,6.0,tdc/Lipophilicity_AstraZeneca,tdc,regression,rmse,lgbm_advanced
random_matched_control,0.75,ecfp_linear,0.0635,6.0,1.0,6.0,tdc/Lipophilicity_AstraZeneca,tdc,regression,rmse,lgbm_advanced
random_matched_control,0.75,ecfp_rf,0.1095,4.0,1.0,6.0,tdc/Lipophilicity_AstraZeneca,tdc,regression,rmse,lgbm_advanced
random_matched_control,0.75,lgbm_advanced,0.346,2.0,1.0,5.0,tdc/Lipophilicity_AstraZeneca,tdc,regression,rmse,lgbm_advanced
random_matched_control,0.75,lgbm_basic,0.243,2.0,1.0,6.0,tdc/Lipophilicity_AstraZeneca,tdc,regression,rmse,lgbm_advanced
random_matched_control,0.75,torch_mlp_advanced,0.166,3.0,1.0,6.0,tdc/Lipophilicity_AstraZeneca,tdc,regression,rmse,lgbm_advanced
random_matched_control,0.75,torch_mlp_basic,0.072,4.0,1.0,6.0,tdc/Lipophilicity_AstraZeneca,tdc,regression,rmse,lgbm_advanced
random_matched_control,observed,ecfp_linear,0.071,6.0,1.0,6.0,tdc/Lipophilicity_AstraZeneca,tdc,regression,rmse,lgbm_advanced
random_matched_control,observed,ecfp_rf,0.111,4.0,1.0,6.0,tdc/Lipophilicity_AstraZeneca,tdc,regression,rmse,lgbm_advanced
random_matched_control,observed,lgbm_advanced,0.3495,2.0,1.0,6.0,tdc/Lipophilicity_AstraZeneca,tdc,regression,rmse,lgbm_advanced
random_matched_control,observed,lgbm_basic,0.2275,2.0,1.0,6.0,tdc/Lipophilicity_AstraZeneca,tdc,regression,rmse,lgbm_advanced
random_matched_control,observed,torch_mlp_advanced,0.1645,3.0,1.0,6.0,tdc/Lipophilicity_AstraZeneca,tdc,regression,rmse,lgbm_advanced
random_matched_control,observed,torch_mlp_basic,0.0765,4.0,1.0,6.0,tdc/Lipophilicity_AstraZeneca,tdc,regression,rmse,lgbm_advanced
clean_reference,0.0,ecfp_linear,0.0,4.0,4.0,4.0,tdc/PAMPA_NCATS,tdc,classification,auroc,ecfp_rf
clean_reference,0.0,ecfp_rf,0.0,3.0,3.0,3.0,tdc/PAMPA_NCATS,tdc,classification,auroc,ecfp_rf
clean_reference,0.0,lgbm_advanced,1.0,1.0,1.0,1.0,tdc/PAMPA_NCATS,tdc,classification,auroc,ecfp_rf
clean_reference,0.0,lgbm_basic,0.0,2.0,2.0,2.0,tdc/PAMPA_NCATS,tdc,classification,auroc,ecfp_rf
clean_reference,0.0,torch_mlp_advanced,0.0,6.0,6.0,6.0,tdc/PAMPA_NCATS,tdc,classification,auroc,ecfp_rf
clean_reference,0.0,torch_mlp_basic,0.0,5.0,5.0,5.0,tdc/PAMPA_NCATS,tdc,classification,auroc,ecfp_rf
leakage_curve,0.0,ecfp_linear,0.059,4.0,1.0,6.0,tdc/PAMPA_NCATS,tdc,classification,auroc,ecfp_rf
leakage_curve,0.0,ecfp_rf,0.28,3.0,1.0,6.0,tdc/PAMPA_NCATS,tdc,classification,auroc,ecfp_rf
leakage_curve,0.0,lgbm_advanced,0.189,2.5,1.0,6.0,tdc/PAMPA_NCATS,tdc,classification,auroc,ecfp_rf
leakage_curve,0.0,lgbm_basic,0.258,2.0,1.0,6.0,tdc/PAMPA_NCATS,tdc,classification,auroc,ecfp_rf
leakage_curve,0.0,torch_mlp_advanced,0.064,4.0,1.0,6.0,tdc/PAMPA_NCATS,tdc,classification,auroc,ecfp_rf
leakage_curve,0.0,torch_mlp_basic,0.044,4.0,1.0,6.0,tdc/PAMPA_NCATS,tdc,classification,auroc,ecfp_rf
leakage_curve,0.05,ecfp_linear,0.071,4.0,1.0,6.0,tdc/PAMPA_NCATS,tdc,classification,auroc,ecfp_rf
leakage_curve,0.05,ecfp_rf,0.285,3.0,1.0,6.0,tdc/PAMPA_NCATS,tdc,classification,auroc,ecfp_rf
leakage_curve,0.05,lgbm_advanced,0.161,3.0,1.0,6.0,tdc/PAMPA_NCATS,tdc,classification,auroc,ecfp_rf
leakage_curve,0.05,lgbm_basic,0.242,2.5,1.0,6.0,tdc/PAMPA_NCATS,tdc,classification,auroc,ecfp_rf
leakage_curve,0.05,torch_mlp_advanced,0.09,4.0,1.0,6.0,tdc/PAMPA_NCATS,tdc,classification,auroc,ecfp_rf
leakage_curve,0.05,torch_mlp_basic,0.048,4.0,1.0,6.0,tdc/PAMPA_NCATS,tdc,classification,auroc,ecfp_rf
leakage_curve,0.1,ecfp_linear,0.061,4.0,1.0,6.0,tdc/PAMPA_NCATS,tdc,classification,auroc,ecfp_rf
leakage_curve,0.1,ecfp_rf,0.319,3.0,1.0,6.0,tdc/PAMPA_NCATS,tdc,classification,auroc,ecfp_rf
leakage_curve,0.1,lgbm_advanced,0.167,3.0,1.0,6.0,tdc/PAMPA_NCATS,tdc,classification,auroc,ecfp_rf
leakage_curve,0.1,lgbm_basic,0.213,2.5,1.0,6.0,tdc/PAMPA_NCATS,tdc,classification,auroc,ecfp_rf
leakage_curve,0.1,torch_mlp_advanced,0.091,4.0,1.0,6.0,tdc/PAMPA_NCATS,tdc,classification,auroc,ecfp_rf
leakage_curve,0.1,torch_mlp_basic,0.051,4.0,1.0,6.0,tdc/PAMPA_NCATS,tdc,classification,auroc,ecfp_rf
leakage_curve,0.25,ecfp_linear,0.044,4.0,1.0,6.0,tdc/PAMPA_NCATS,tdc,classification,auroc,ecfp_rf
leakage_curve,0.25,ecfp_rf,0.361,2.0,1.0,6.0,tdc/PAMPA_NCATS,tdc,classification,auroc,ecfp_rf
leakage_curve,0.25,lgbm_advanced,0.146,3.0,1.0,6.0,tdc/PAMPA_NCATS,tdc,classification,auroc,ecfp_rf
leakage_curve,0.25,lgbm_basic,0.222,2.5,1.0,6.0,tdc/PAMPA_NCATS,tdc,classification,auroc,ecfp_rf
leakage_curve,0.25,torch_mlp_advanced,0.086,4.0,1.0,6.0,tdc/PAMPA_NCATS,tdc,classification,auroc,ecfp_rf
leakage_curve,0.25,torch_mlp_basic,0.034,4.5,1.0,6.0,tdc/PAMPA_NCATS,tdc,classification,auroc,ecfp_rf
leakage_curve,0.5,ecfp_linear,0.053,4.0,1.0,6.0,tdc/PAMPA_NCATS,tdc,classification,auroc,ecfp_rf
leakage_curve,0.5,ecfp_rf,0.236,3.0,1.0,6.0,tdc/PAMPA_NCATS,tdc,classification,auroc,ecfp_rf
leakage_curve,0.5,lgbm_advanced,0.138,3.0,1.0,6.0,tdc/PAMPA_NCATS,tdc,classification,auroc,ecfp_rf
leakage_curve,0.5,lgbm_basic,0.197,3.0,1.0,6.0,tdc/PAMPA_NCATS,tdc,classification,auroc,ecfp_rf
leakage_curve,0.5,torch_mlp_advanced,0.123,3.5,1.0,6.0,tdc/PAMPA_NCATS,tdc,classification,auroc,ecfp_rf
leakage_curve,0.5,torch_mlp_basic,0.054,4.0,1.0,6.0,tdc/PAMPA_NCATS,tdc,classification,auroc,ecfp_rf
leakage_curve,0.75,ecfp_linear,0.061,3.5,1.0,6.0,tdc/PAMPA_NCATS,tdc,classification,auroc,ecfp_rf
leakage_curve,0.75,ecfp_rf,0.108,5.0,1.0,6.0,tdc/PAMPA_NCATS,tdc,classification,auroc,ecfp_rf
leakage_curve,0.75,lgbm_advanced,0.08,3.0,1.0,6.0,tdc/PAMPA_NCATS,tdc,classification,auroc,ecfp_rf
leakage_curve,0.75,lgbm_basic,0.131,3.0,1.0,6.0,tdc/PAMPA_NCATS,tdc,classification,auroc,ecfp_rf
leakage_curve,0.75,torch_mlp_advanced,0.113,3.0,1.0,6.0,tdc/PAMPA_NCATS,tdc,classification,auroc,ecfp_rf
leakage_curve,0.75,torch_mlp_basic,0.027,3.0,1.0,6.0,tdc/PAMPA_NCATS,tdc,classification,auroc,ecfp_rf
leakage_curve,observed,ecfp_linear,0.061,4.0,1.0,6.0,tdc/PAMPA_NCATS,tdc,classification,auroc,ecfp_rf
leakage_curve,observed,ecfp_rf,0.319,3.0,1.0,6.0,tdc/PAMPA_NCATS,tdc,classification,auroc,ecfp_rf
leakage_curve,observed,lgbm_advanced,0.179,2.5,1.0,6.0,tdc/PAMPA_NCATS,tdc,classification,auroc,ecfp_rf
leakage_curve,observed,lgbm_basic,0.228,2.5,1.0,6.0,tdc/PAMPA_NCATS,tdc,classification,auroc,ecfp_rf
leakage_curve,observed,torch_mlp_advanced,0.068,4.0,1.0,6.0,tdc/PAMPA_NCATS,tdc,classification,auroc,ecfp_rf
leakage_curve,observed,torch_mlp_basic,0.042,4.0,1.0,6.0,tdc/PAMPA_NCATS,tdc,classification,auroc,ecfp_rf
observed_composition,observed,ecfp_linear,0.0,5.0,5.0,5.0,tdc/PAMPA_NCATS,tdc,classification,auroc,ecfp_rf
observed_composition,observed,ecfp_rf,1.0,1.0,1.0,1.0,tdc/PAMPA_NCATS,tdc,classification,auroc,ecfp_rf
observed_composition,observed,lgbm_advanced,0.0,2.0,2.0,2.0,tdc/PAMPA_NCATS,tdc,classification,auroc,ecfp_rf
observed_composition,observed,lgbm_basic,0.0,3.0,3.0,3.0,tdc/PAMPA_NCATS,tdc,classification,auroc,ecfp_rf
observed_composition,observed,torch_mlp_advanced,0.0,4.0,4.0,4.0,tdc/PAMPA_NCATS,tdc,classification,auroc,ecfp_rf
observed_composition,observed,torch_mlp_basic,0.0,6.0,6.0,6.0,tdc/PAMPA_NCATS,tdc,classification,auroc,ecfp_rf
random_matched_control,0.0,ecfp_linear,0.043,5.0,1.0,6.0,tdc/PAMPA_NCATS,tdc,classification,auroc,ecfp_rf
random_matched_control,0.0,ecfp_rf,0.398,2.0,1.0,6.0,tdc/PAMPA_NCATS,tdc,classification,auroc,ecfp_rf
random_matched_control,0.0,lgbm_advanced,0.163,2.5,1.0,6.0,tdc/PAMPA_NCATS,tdc,classification,auroc,ecfp_rf
random_matched_control,0.0,lgbm_basic,0.204,2.5,1.0,6.0,tdc/PAMPA_NCATS,tdc,classification,auroc,ecfp_rf
random_matched_control,0.0,torch_mlp_advanced,0.063,4.0,1.0,6.0,tdc/PAMPA_NCATS,tdc,classification,auroc,ecfp_rf
random_matched_control,0.0,torch_mlp_basic,0.033,5.0,1.0,6.0,tdc/PAMPA_NCATS,tdc,classification,auroc,ecfp_rf
random_matched_control,0.05,ecfp_linear,0.04,4.5,1.0,6.0,tdc/PAMPA_NCATS,tdc,classification,auroc,ecfp_rf
random_matched_control,0.05,ecfp_rf,0.421,2.0,1.0,6.0,tdc/PAMPA_NCATS,tdc,classification,auroc,ecfp_rf
random_matched_control,0.05,lgbm_advanced,0.144,2.5,1.0,6.0,tdc/PAMPA_NCATS,tdc,classification,auroc,ecfp_rf
random_matched_control,0.05,lgbm_basic,0.201,3.0,1.0,6.0,tdc/PAMPA_NCATS,tdc,classification,auroc,ecfp_rf
random_matched_control,0.05,torch_mlp_advanced,0.051,4.0,1.0,6.0,tdc/PAMPA_NCATS,tdc,classification,auroc,ecfp_rf
random_matched_control,0.05,torch_mlp_basic,0.035,5.0,1.0,6.0,tdc/PAMPA_NCATS,tdc,classification,auroc,ecfp_rf
random_matched_control,0.1,ecfp_linear,0.032,5.0,1.0,6.0,tdc/PAMPA_NCATS,tdc,classification,auroc,ecfp_rf
random_matched_control,0.1,ecfp_rf,0.389,2.0,1.0,6.0,tdc/PAMPA_NCATS,tdc,classification,auroc,ecfp_rf
random_matched_control,0.1,lgbm_advanced,0.155,2.5,1.0,6.0,tdc/PAMPA_NCATS,tdc,classification,auroc,ecfp_rf
random_matched_control,0.1,lgbm_basic,0.212,2.75,1.0,6.0,tdc/PAMPA_NCATS,tdc,classification,auroc,ecfp_rf
random_matched_control,0.1,torch_mlp_advanced,0.08,4.0,1.0,6.0,tdc/PAMPA_NCATS,tdc,classification,auroc,ecfp_rf
random_matched_control,0.1,torch_mlp_basic,0.028,4.5,1.0,6.0,tdc/PAMPA_NCATS,tdc,classification,auroc,ecfp_rf
random_matched_control,0.25,ecfp_linear,0.033,5.0,1.0,6.0,tdc/PAMPA_NCATS,tdc,classification,auroc,ecfp_rf
random_matched_control,0.25,ecfp_rf,0.405,2.0,1.0,6.0,tdc/PAMPA_NCATS,tdc,classification,auroc,ecfp_rf
random_matched_control,0.25,lgbm_advanced,0.144,2.5,1.0,6.0,tdc/PAMPA_NCATS,tdc,classification,auroc,ecfp_rf
random_matched_control,0.25,lgbm_basic,0.228,2.5,1.0,6.0,tdc/PAMPA_NCATS,tdc,classification,auroc,ecfp_rf
random_matched_control,0.25,torch_mlp_advanced,0.059,4.0,1.0,6.0,tdc/PAMPA_NCATS,tdc,classification,auroc,ecfp_rf
random_matched_control,0.25,torch_mlp_basic,0.019,5.0,1.5,6.0,tdc/PAMPA_NCATS,tdc,classification,auroc,ecfp_rf
random_matched_control,0.5,ecfp_linear,0.035,5.0,1.0,6.0,tdc/PAMPA_NCATS,tdc,classification,auroc,ecfp_rf
random_matched_control,0.5,ecfp_rf,0.411,2.0,1.0,6.0,tdc/PAMPA_NCATS,tdc,classification,auroc,ecfp_rf
random_matched_control,0.5,lgbm_advanced,0.139,2.5,1.0,6.0,tdc/PAMPA_NCATS,tdc,classification,auroc,ecfp_rf
random_matched_control,0.5,lgbm_basic,0.193,3.0,1.0,6.0,tdc/PAMPA_NCATS,tdc,classification,auroc,ecfp_rf
random_matched_control,0.5,torch_mlp_advanced,0.078,4.0,1.0,6.0,tdc/PAMPA_NCATS,tdc,classification,auroc,ecfp_rf
random_matched_control,0.5,torch_mlp_basic,0.027,4.5,1.0,6.0,tdc/PAMPA_NCATS,tdc,classification,auroc,ecfp_rf
random_matched_control,0.75,ecfp_linear,0.044,5.0,1.0,6.0,tdc/PAMPA_NCATS,tdc,classification,auroc,ecfp_rf
random_matched_control,0.75,ecfp_rf,0.356,2.0,1.0,6.0,tdc/PAMPA_NCATS,tdc,classification,auroc,ecfp_rf
random_matched_control,0.75,lgbm_advanced,0.148,2.5,1.0,6.0,tdc/PAMPA_NCATS,tdc,classification,auroc,ecfp_rf
random_matched_control,0.75,lgbm_basic,0.216,2.5,1.0,6.0,tdc/PAMPA_NCATS,tdc,classification,auroc,ecfp_rf
random_matched_control,0.75,torch_mlp_advanced,0.071,4.0,1.0,6.0,tdc/PAMPA_NCATS,tdc,classification,auroc,ecfp_rf
random_matched_control,0.75,torch_mlp_basic,0.033,4.5,1.0,6.0,tdc/PAMPA_NCATS,tdc,classification,auroc,ecfp_rf
random_matched_control,observed,ecfp_linear,0.036,5.0,1.0,6.0,tdc/PAMPA_NCATS,tdc,classification,auroc,ecfp_rf
random_matched_control,observed,ecfp_rf,0.395,2.0,1.0,6.0,tdc/PAMPA_NCATS,tdc,classification,auroc,ecfp_rf
random_matched_control,observed,lgbm_advanced,0.152,2.5,1.0,6.0,tdc/PAMPA_NCATS,tdc,classification,auroc,ecfp_rf
random_matched_control,observed,lgbm_basic,0.237,2.5,1.0,6.0,tdc/PAMPA_NCATS,tdc,classification,auroc,ecfp_rf
random_matched_control,observed,torch_mlp_advanced,0.058,4.5,1.0,6.0,tdc/PAMPA_NCATS,tdc,classification,auroc,ecfp_rf
random_matched_control,observed,torch_mlp_basic,0.019,4.5,1.5,6.0,tdc/PAMPA_NCATS,tdc,classification,auroc,ecfp_rf
clean_reference,0.0,ecfp_linear,0.0,6.0,6.0,6.0,tdc/PPBR_AZ,tdc,regression,rmse,lgbm_advanced
clean_reference,0.0,ecfp_rf,0.0,3.0,3.0,3.0,tdc/PPBR_AZ,tdc,regression,rmse,lgbm_advanced
clean_reference,0.0,lgbm_advanced,1.0,1.0,1.0,1.0,tdc/PPBR_AZ,tdc,regression,rmse,lgbm_advanced
clean_reference,0.0,lgbm_basic,0.0,2.0,2.0,2.0,tdc/PPBR_AZ,tdc,regression,rmse,lgbm_advanced
clean_reference,0.0,torch_mlp_advanced,0.0,4.0,4.0,4.0,tdc/PPBR_AZ,tdc,regression,rmse,lgbm_advanced
clean_reference,0.0,torch_mlp_basic,0.0,5.0,5.0,5.0,tdc/PPBR_AZ,tdc,regression,rmse,lgbm_advanced
conflict_curve,0.0,ecfp_linear,0.081,5.0,1.0,6.0,tdc/PPBR_AZ,tdc,regression,rmse,lgbm_advanced
conflict_curve,0.0,ecfp_rf,0.295,3.0,1.0,6.0,tdc/PPBR_AZ,tdc,regression,rmse,lgbm_advanced
conflict_curve,0.0,lgbm_advanced,0.304,2.0,1.0,6.0,tdc/PPBR_AZ,tdc,regression,rmse,lgbm_advanced
conflict_curve,0.0,lgbm_basic,0.213,3.0,1.0,6.0,tdc/PPBR_AZ,tdc,regression,rmse,lgbm_advanced
conflict_curve,0.0,torch_mlp_advanced,0.063,5.0,1.0,6.0,tdc/PPBR_AZ,tdc,regression,rmse,lgbm_advanced
conflict_curve,0.0,torch_mlp_basic,0.044,4.0,1.0,6.0,tdc/PPBR_AZ,tdc,regression,rmse,lgbm_advanced
conflict_curve,0.05,ecfp_linear,0.087,6.0,1.0,6.0,tdc/PPBR_AZ,tdc,regression,rmse,lgbm_advanced
conflict_curve,0.05,ecfp_rf,0.308,3.0,1.0,6.0,tdc/PPBR_AZ,tdc,regression,rmse,lgbm_advanced
conflict_curve,0.05,lgbm_advanced,0.296,2.0,1.0,6.0,tdc/PPBR_AZ,tdc,regression,rmse,lgbm_advanced
conflict_curve,0.05,lgbm_basic,0.213,3.0,1.0,6.0,tdc/PPBR_AZ,tdc,regression,rmse,lgbm_advanced
conflict_curve,0.05,torch_mlp_advanced,0.048,5.0,1.0,6.0,tdc/PPBR_AZ,tdc,regression,rmse,lgbm_advanced
conflict_curve,0.05,torch_mlp_basic,0.048,4.0,1.0,6.0,tdc/PPBR_AZ,tdc,regression,rmse,lgbm_advanced
conflict_curve,0.1,ecfp_linear,0.081,5.0,1.0,6.0,tdc/PPBR_AZ,tdc,regression,rmse,lgbm_advanced
conflict_curve,0.1,ecfp_rf,0.278,3.0,1.0,6.0,tdc/PPBR_AZ,tdc,regression,rmse,lgbm_advanced
conflict_curve,0.1,lgbm_advanced,0.281,3.0,1.0,6.0,tdc/PPBR_AZ,tdc,regression,rmse,lgbm_advanced
conflict_curve,0.1,lgbm_basic,0.255,3.0,1.0,6.0,tdc/PPBR_AZ,tdc,regression,rmse,lgbm_advanced
conflict_curve,0.1,torch_mlp_advanced,0.044,5.0,1.0,6.0,tdc/PPBR_AZ,tdc,regression,rmse,lgbm_advanced
conflict_curve,0.1,torch_mlp_basic,0.061,4.0,1.0,6.0,tdc/PPBR_AZ,tdc,regression,rmse,lgbm_advanced
conflict_curve,0.25,ecfp_linear,0.085,6.0,1.0,6.0,tdc/PPBR_AZ,tdc,regression,rmse,lgbm_advanced
conflict_curve,0.25,ecfp_rf,0.318,3.0,1.0,6.0,tdc/PPBR_AZ,tdc,regression,rmse,lgbm_advanced
conflict_curve,0.25,lgbm_advanced,0.265,3.0,1.0,6.0,tdc/PPBR_AZ,tdc,regression,rmse,lgbm_advanced
conflict_curve,0.25,lgbm_basic,0.233,3.0,1.0,6.0,tdc/PPBR_AZ,tdc,regression,rmse,lgbm_advanced
conflict_curve,0.25,torch_mlp_advanced,0.052,5.0,1.0,6.0,tdc/PPBR_AZ,tdc,regression,rmse,lgbm_advanced
conflict_curve,0.25,torch_mlp_basic,0.047,4.0,1.0,6.0,tdc/PPBR_AZ,tdc,regression,rmse,lgbm_advanced
conflict_curve,0.5,ecfp_linear,0.086,6.0,1.0,6.0,tdc/PPBR_AZ,tdc,regression,rmse,lgbm_advanced
conflict_curve,0.5,ecfp_rf,0.271,3.0,1.0,6.0,tdc/PPBR_AZ,tdc,regression,rmse,lgbm_advanced
conflict_curve,0.5,lgbm_advanced,0.302,3.0,1.0,6.0,tdc/PPBR_AZ,tdc,regression,rmse,lgbm_advanced
conflict_curve,0.5,lgbm_basic,0.231,3.0,1.0,6.0,tdc/PPBR_AZ,tdc,regression,rmse,lgbm_advanced
conflict_curve,0.5,torch_mlp_advanced,0.052,5.0,1.0,6.0,tdc/PPBR_AZ,tdc,regression,rmse,lgbm_advanced
conflict_curve,0.5,torch_mlp_basic,0.058,4.0,1.0,6.0,tdc/PPBR_AZ,tdc,regression,rmse,lgbm_advanced
conflict_curve,0.75,ecfp_linear,0.0,5.0,5.0,5.0,tdc/PPBR_AZ,tdc,regression,rmse,lgbm_advanced
conflict_curve,0.75,ecfp_rf,0.0,6.0,6.0,6.0,tdc/PPBR_AZ,tdc,regression,rmse,lgbm_advanced
conflict_curve,0.75,lgbm_advanced,0.0,4.0,4.0,4.0,tdc/PPBR_AZ,tdc,regression,rmse,lgbm_advanced
conflict_curve,0.75,lgbm_basic,0.0,2.0,2.0,2.0,tdc/PPBR_AZ,tdc,regression,rmse,lgbm_advanced
conflict_curve,0.75,torch_mlp_advanced,1.0,1.0,1.0,1.0,tdc/PPBR_AZ,tdc,regression,rmse,lgbm_advanced
conflict_curve,0.75,torch_mlp_basic,0.0,3.0,3.0,3.0,tdc/PPBR_AZ,tdc,regression,rmse,lgbm_advanced
conflict_curve,observed,ecfp_linear,0.079,6.0,1.0,6.0,tdc/PPBR_AZ,tdc,regression,rmse,lgbm_advanced
conflict_curve,observed,ecfp_rf,0.278,3.0,1.0,6.0,tdc/PPBR_AZ,tdc,regression,rmse,lgbm_advanced
conflict_curve,observed,lgbm_advanced,0.305,3.0,1.0,6.0,tdc/PPBR_AZ,tdc,regression,rmse,lgbm_advanced
conflict_curve,observed,lgbm_basic,0.226,3.0,1.0,6.0,tdc/PPBR_AZ,tdc,regression,rmse,lgbm_advanced
conflict_curve,observed,torch_mlp_advanced,0.054,5.0,1.0,6.0,tdc/PPBR_AZ,tdc,regression,rmse,lgbm_advanced
conflict_curve,observed,torch_mlp_basic,0.058,4.0,1.0,6.0,tdc/PPBR_AZ,tdc,regression,rmse,lgbm_advanced
leakage_curve,0.0,ecfp_linear,0.0,6.0,6.0,6.0,tdc/PPBR_AZ,tdc,regression,rmse,lgbm_advanced
leakage_curve,0.0,ecfp_rf,0.178,3.0,1.0,3.0,tdc/PPBR_AZ,tdc,regression,rmse,lgbm_advanced
leakage_curve,0.0,lgbm_advanced,0.517,1.0,1.0,3.0,tdc/PPBR_AZ,tdc,regression,rmse,lgbm_advanced
leakage_curve,0.0,lgbm_basic,0.305,2.0,1.0,3.0,tdc/PPBR_AZ,tdc,regression,rmse,lgbm_advanced
leakage_curve,0.0,torch_mlp_advanced,0.0,4.0,4.0,5.0,tdc/PPBR_AZ,tdc,regression,rmse,lgbm_advanced
leakage_curve,0.0,torch_mlp_basic,0.0,5.0,5.0,5.0,tdc/PPBR_AZ,tdc,regression,rmse,lgbm_advanced
leakage_curve,0.05,ecfp_linear,0.0,6.0,6.0,6.0,tdc/PPBR_AZ,tdc,regression,rmse,lgbm_advanced
leakage_curve,0.05,ecfp_rf,0.227,3.0,1.0,3.0,tdc/PPBR_AZ,tdc,regression,rmse,lgbm_advanced
leakage_curve,0.05,lgbm_advanced,0.524,1.0,1.0,3.0,tdc/PPBR_AZ,tdc,regression,rmse,lgbm_advanced
leakage_curve,0.05,lgbm_basic,0.249,2.0,1.0,3.0,tdc/PPBR_AZ,tdc,regression,rmse,lgbm_advanced
leakage_curve,0.05,torch_mlp_advanced,0.0,4.0,4.0,4.0,tdc/PPBR_AZ,tdc,regression,rmse,lgbm_advanced
leakage_curve,0.05,torch_mlp_basic,0.0,5.0,5.0,5.0,tdc/PPBR_AZ,tdc,regression,rmse,lgbm_advanced
leakage_curve,0.1,ecfp_linear,0.0,6.0,5.0,6.0,tdc/PPBR_AZ,tdc,regression,rmse,lgbm_advanced
leakage_curve,0.1,ecfp_rf,0.194,3.0,1.0,3.0,tdc/PPBR_AZ,tdc,regression,rmse,lgbm_advanced
leakage_curve,0.1,lgbm_advanced,0.551,1.0,1.0,3.0,tdc/PPBR_AZ,tdc,regression,rmse,lgbm_advanced
leakage_curve,0.1,lgbm_basic,0.255,2.0,1.0,3.0,tdc/PPBR_AZ,tdc,regression,rmse,lgbm_advanced
leakage_curve,0.1,torch_mlp_advanced,0.0,4.0,4.0,5.0,tdc/PPBR_AZ,tdc,regression,rmse,lgbm_advanced
leakage_curve,0.1,torch_mlp_basic,0.0,5.0,4.0,6.0,tdc/PPBR_AZ,tdc,regression,rmse,lgbm_advanced
leakage_curve,0.25,ecfp_linear,0.0,6.0,5.0,6.0,tdc/PPBR_AZ,tdc,regression,rmse,lgbm_advanced
leakage_curve,0.25,ecfp_rf,0.24,3.0,1.0,3.0,tdc/PPBR_AZ,tdc,regression,rmse,lgbm_advanced
leakage_curve,0.25,lgbm_advanced,0.541,1.0,1.0,3.0,tdc/PPBR_AZ,tdc,regression,rmse,lgbm_advanced
leakage_curve,0.25,lgbm_basic,0.219,2.0,1.0,3.0,tdc/PPBR_AZ,tdc,regression,rmse,lgbm_advanced
leakage_curve,0.25,torch_mlp_advanced,0.0,4.0,3.9750000000000014,5.0,tdc/PPBR_AZ,tdc,regression,rmse,lgbm_advanced
leakage_curve,0.25,torch_mlp_basic,0.0,5.0,4.0,6.0,tdc/PPBR_AZ,tdc,regression,rmse,lgbm_advanced
leakage_curve,0.5,ecfp_linear,0.0,6.0,4.0,6.0,tdc/PPBR_AZ,tdc,regression,rmse,lgbm_advanced
leakage_curve,0.5,ecfp_rf,0.239,3.0,1.0,4.0,tdc/PPBR_AZ,tdc,regression,rmse,lgbm_advanced
leakage_curve,0.5,lgbm_advanced,0.539,1.0,1.0,3.0,tdc/PPBR_AZ,tdc,regression,rmse,lgbm_advanced
leakage_curve,0.5,lgbm_basic,0.222,2.0,1.0,3.0,tdc/PPBR_AZ,tdc,regression,rmse,lgbm_advanced
leakage_curve,0.5,torch_mlp_advanced,0.0,4.0,3.0,5.0,tdc/PPBR_AZ,tdc,regression,rmse,lgbm_advanced
leakage_curve,0.5,torch_mlp_basic,0.0,5.0,4.0,6.0,tdc/PPBR_AZ,tdc,regression,rmse,lgbm_advanced
leakage_curve,0.75,ecfp_linear,0.0,6.0,4.0,6.0,tdc/PPBR_AZ,tdc,regression,rmse,lgbm_advanced
leakage_curve,0.75,ecfp_rf,0.345,2.0,1.0,5.0,tdc/PPBR_AZ,tdc,regression,rmse,lgbm_advanced
leakage_curve,0.75,lgbm_advanced,0.547,1.0,1.0,3.0,tdc/PPBR_AZ,tdc,regression,rmse,lgbm_advanced
leakage_curve,0.75,lgbm_basic,0.103,3.0,1.0,3.0,tdc/PPBR_AZ,tdc,regression,rmse,lgbm_advanced
leakage_curve,0.75,torch_mlp_advanced,0.004,4.0,3.0,5.0,tdc/PPBR_AZ,tdc,regression,rmse,lgbm_advanced
leakage_curve,0.75,torch_mlp_basic,0.001,5.0,4.0,6.0,tdc/PPBR_AZ,tdc,regression,rmse,lgbm_advanced
leakage_curve,observed,ecfp_linear,0.0,6.0,5.0,6.0,tdc/PPBR_AZ,tdc,regression,rmse,lgbm_advanced
leakage_curve,observed,ecfp_rf,0.193,3.0,1.0,3.0,tdc/PPBR_AZ,tdc,regression,rmse,lgbm_advanced
leakage_curve,observed,lgbm_advanced,0.532,1.0,1.0,3.0,tdc/PPBR_AZ,tdc,regression,rmse,lgbm_advanced
leakage_curve,observed,lgbm_basic,0.275,2.0,1.0,3.0,tdc/PPBR_AZ,tdc,regression,rmse,lgbm_advanced
leakage_curve,observed,torch_mlp_advanced,0.0,4.0,4.0,5.0,tdc/PPBR_AZ,tdc,regression,rmse,lgbm_advanced
leakage_curve,observed,torch_mlp_basic,0.0,5.0,4.0,6.0,tdc/PPBR_AZ,tdc,regression,rmse,lgbm_advanced
observed_composition,observed,ecfp_linear,0.0,6.0,6.0,6.0,tdc/PPBR_AZ,tdc,regression,rmse,lgbm_advanced
observed_composition,observed,ecfp_rf,0.0,3.0,3.0,3.0,tdc/PPBR_AZ,tdc,regression,rmse,lgbm_advanced
observed_composition,observed,lgbm_advanced,1.0,1.0,1.0,1.0,tdc/PPBR_AZ,tdc,regression,rmse,lgbm_advanced
observed_composition,observed,lgbm_basic,0.0,2.0,2.0,2.0,tdc/PPBR_AZ,tdc,regression,rmse,lgbm_advanced
observed_composition,observed,torch_mlp_advanced,0.0,4.0,4.0,4.0,tdc/PPBR_AZ,tdc,regression,rmse,lgbm_advanced
observed_composition,observed,torch_mlp_basic,0.0,5.0,5.0,5.0,tdc/PPBR_AZ,tdc,regression,rmse,lgbm_advanced
random_matched_control,0.0,ecfp_linear,0.0295,6.0,1.0,6.0,tdc/PPBR_AZ,tdc,regression,rmse,lgbm_advanced
random_matched_control,0.0,ecfp_rf,0.2205,3.0,1.0,5.0,tdc/PPBR_AZ,tdc,regression,rmse,lgbm_advanced
random_matched_control,0.0,lgbm_advanced,0.4165,2.0,1.0,5.0,tdc/PPBR_AZ,tdc,regression,rmse,lgbm_advanced
random_matched_control,0.0,lgbm_basic,0.2745,2.0,1.0,5.0,tdc/PPBR_AZ,tdc,regression,rmse,lgbm_advanced
random_matched_control,0.0,torch_mlp_advanced,0.0275,4.0,1.0,6.0,tdc/PPBR_AZ,tdc,regression,rmse,lgbm_advanced
random_matched_control,0.0,torch_mlp_basic,0.0315,5.0,1.0,6.0,tdc/PPBR_AZ,tdc,regression,rmse,lgbm_advanced
random_matched_control,0.05,ecfp_linear,0.0385,6.0,1.0,6.0,tdc/PPBR_AZ,tdc,regression,rmse,lgbm_advanced
random_matched_control,0.05,ecfp_rf,0.208,3.0,1.0,5.0,tdc/PPBR_AZ,tdc,regression,rmse,lgbm_advanced
random_matched_control,0.05,lgbm_advanced,0.3995,2.0,1.0,5.0,tdc/PPBR_AZ,tdc,regression,rmse,lgbm_advanced
random_matched_control,0.05,lgbm_basic,0.2835,2.0,1.0,5.0,tdc/PPBR_AZ,tdc,regression,rmse,lgbm_advanced
random_matched_control,0.05,torch_mlp_advanced,0.032,4.0,1.0,6.0,tdc/PPBR_AZ,tdc,regression,rmse,lgbm_advanced
random_matched_control,0.05,torch_mlp_basic,0.0385,5.0,1.0,6.0,tdc/PPBR_AZ,tdc,regression,rmse,lgbm_advanced
random_matched_control,0.1,ecfp_linear,0.0405,6.0,1.0,6.0,tdc/PPBR_AZ,tdc,regression,rmse,lgbm_advanced
random_matched_control,0.1,ecfp_rf,0.2245,3.0,1.0,5.0,tdc/PPBR_AZ,tdc,regression,rmse,lgbm_advanced
random_matched_control,0.1,lgbm_advanced,0.395,2.0,1.0,5.0,tdc/PPBR_AZ,tdc,regression,rmse,lgbm_advanced
random_matched_control,0.1,lgbm_basic,0.282,2.0,1.0,5.0,tdc/PPBR_AZ,tdc,regression,rmse,lgbm_advanced
random_matched_control,0.1,torch_mlp_advanced,0.025,4.0,1.9750000000000012,6.0,tdc/PPBR_AZ,tdc,regression,rmse,lgbm_advanced
random_matched_control,0.1,torch_mlp_basic,0.033,5.0,1.0,6.0,tdc/PPBR_AZ,tdc,regression,rmse,lgbm_advanced
random_matched_control,0.25,ecfp_linear,0.043,6.0,1.0,6.0,tdc/PPBR_AZ,tdc,regression,rmse,lgbm_advanced
random_matched_control,0.25,ecfp_rf,0.2135,3.0,1.0,5.0,tdc/PPBR_AZ,tdc,regression,rmse,lgbm_advanced
random_matched_control,0.25,lgbm_advanced,0.401,2.0,1.0,5.0,tdc/PPBR_AZ,tdc,regression,rmse,lgbm_advanced
random_matched_control,0.25,lgbm_basic,0.2785,2.0,1.0,5.0,tdc/PPBR_AZ,tdc,regression,rmse,lgbm_advanced
random_matched_control,0.25,torch_mlp_advanced,0.0295,4.0,1.0,6.0,tdc/PPBR_AZ,tdc,regression,rmse,lgbm_advanced
random_matched_control,0.25,torch_mlp_basic,0.0345,5.0,1.0,6.0,tdc/PPBR_AZ,tdc,regression,rmse,lgbm_advanced
random_matched_control,0.5,ecfp_linear,0.038,6.0,1.0,6.0,tdc/PPBR_AZ,tdc,regression,rmse,lgbm_advanced
random_matched_control,0.5,ecfp_rf,0.208,3.0,1.0,5.0,tdc/PPBR_AZ,tdc,regression,rmse,lgbm_advanced
random_matched_control,0.5,lgbm_advanced,0.407,2.0,1.0,5.0,tdc/PPBR_AZ,tdc,regression,rmse,lgbm_advanced
random_matched_control,0.5,lgbm_basic,0.2945,2.0,1.0,5.0,tdc/PPBR_AZ,tdc,regression,rmse,lgbm_advanced
random_matched_control,0.5,torch_mlp_advanced,0.0215,4.0,2.0,6.0,tdc/PPBR_AZ,tdc,regression,rmse,lgbm_advanced
random_matched_control,0.5,torch_mlp_basic,0.031,5.0,1.0,6.0,tdc/PPBR_AZ,tdc,regression,rmse,lgbm_advanced
random_matched_control,0.75,ecfp_linear,0.038,6.0,1.0,6.0,tdc/PPBR_AZ,tdc,regression,rmse,lgbm_advanced
random_matched_control,0.75,ecfp_rf,0.2205,3.0,1.0,5.0,tdc/PPBR_AZ,tdc,regression,rmse,lgbm_advanced
random_matched_control,0.75,lgbm_advanced,0.3995,2.0,1.0,5.0,tdc/PPBR_AZ,tdc,regression,rmse,lgbm_advanced
random_matched_control,0.75,lgbm_basic,0.284,2.0,1.0,5.0,tdc/PPBR_AZ,tdc,regression,rmse,lgbm_advanced
random_matched_control,0.75,torch_mlp_advanced,0.023,4.0,2.0,6.0,tdc/PPBR_AZ,tdc,regression,rmse,lgbm_advanced
random_matched_control,0.75,torch_mlp_basic,0.035,5.0,1.0,6.0,tdc/PPBR_AZ,tdc,regression,rmse,lgbm_advanced
random_matched_control,observed,ecfp_linear,0.0425,6.0,1.0,6.0,tdc/PPBR_AZ,tdc,regression,rmse,lgbm_advanced
random_matched_control,observed,ecfp_rf,0.2015,3.0,1.0,5.0,tdc/PPBR_AZ,tdc,regression,rmse,lgbm_advanced
random_matched_control,observed,lgbm_advanced,0.4015,2.0,1.0,5.0,tdc/PPBR_AZ,tdc,regression,rmse,lgbm_advanced
random_matched_control,observed,lgbm_basic,0.2855,2.0,1.0,5.0,tdc/PPBR_AZ,tdc,regression,rmse,lgbm_advanced
random_matched_control,observed,torch_mlp_advanced,0.0295,4.0,1.0,6.0,tdc/PPBR_AZ,tdc,regression,rmse,lgbm_advanced
random_matched_control,observed,torch_mlp_basic,0.0395,5.0,1.0,6.0,tdc/PPBR_AZ,tdc,regression,rmse,lgbm_advanced
clean_reference,0.0,ecfp_linear,0.0,4.0,4.0,4.0,tdc/Pgp_Broccatelli,tdc,classification,auroc,ecfp_rf
clean_reference,0.0,ecfp_rf,1.0,1.0,1.0,1.0,tdc/Pgp_Broccatelli,tdc,classification,auroc,ecfp_rf
clean_reference,0.0,lgbm_advanced,0.0,2.0,2.0,2.0,tdc/Pgp_Broccatelli,tdc,classification,auroc,ecfp_rf
clean_reference,0.0,lgbm_basic,0.0,3.0,3.0,3.0,tdc/Pgp_Broccatelli,tdc,classification,auroc,ecfp_rf
clean_reference,0.0,torch_mlp_advanced,0.0,5.0,5.0,5.0,tdc/Pgp_Broccatelli,tdc,classification,auroc,ecfp_rf
clean_reference,0.0,torch_mlp_basic,0.0,6.0,6.0,6.0,tdc/Pgp_Broccatelli,tdc,classification,auroc,ecfp_rf
leakage_curve,0.0,ecfp_linear,0.062,4.0,1.0,4.0,tdc/Pgp_Broccatelli,tdc,classification,auroc,ecfp_rf
leakage_curve,0.0,ecfp_rf,0.65,1.0,1.0,3.0,tdc/Pgp_Broccatelli,tdc,classification,auroc,ecfp_rf
leakage_curve,0.0,lgbm_advanced,0.254,2.0,1.0,4.0,tdc/Pgp_Broccatelli,tdc,classification,auroc,ecfp_rf
leakage_curve,0.0,lgbm_basic,0.018,3.0,2.0,5.0,tdc/Pgp_Broccatelli,tdc,classification,auroc,ecfp_rf
leakage_curve,0.0,torch_mlp_advanced,0.007,5.0,3.0,6.0,tdc/Pgp_Broccatelli,tdc,classification,auroc,ecfp_rf
leakage_curve,0.0,torch_mlp_basic,0.0,6.0,5.0,6.0,tdc/Pgp_Broccatelli,tdc,classification,auroc,ecfp_rf
leakage_curve,0.05,ecfp_linear,0.063,4.0,1.0,4.0,tdc/Pgp_Broccatelli,tdc,classification,auroc,ecfp_rf
leakage_curve,0.05,ecfp_rf,0.638,1.0,1.0,3.0,tdc/Pgp_Broccatelli,tdc,classification,auroc,ecfp_rf
leakage_curve,0.05,lgbm_advanced,0.251,2.0,1.0,4.0,tdc/Pgp_Broccatelli,tdc,classification,auroc,ecfp_rf
leakage_curve,0.05,lgbm_basic,0.035,3.0,1.0,5.0,tdc/Pgp_Broccatelli,tdc,classification,auroc,ecfp_rf
leakage_curve,0.05,torch_mlp_advanced,0.003,5.0,3.0,6.0,tdc/Pgp_Broccatelli,tdc,classification,auroc,ecfp_rf
leakage_curve,0.05,torch_mlp_basic,0.0,6.0,5.0,6.0,tdc/Pgp_Broccatelli,tdc,classification,auroc,ecfp_rf
leakage_curve,0.1,ecfp_linear,0.061,4.0,1.0,5.0,tdc/Pgp_Broccatelli,tdc,classification,auroc,ecfp_rf
leakage_curve,0.1,ecfp_rf,0.65,1.0,1.0,3.0,tdc/Pgp_Broccatelli,tdc,classification,auroc,ecfp_rf
leakage_curve,0.1,lgbm_advanced,0.222,2.0,1.0,4.0,tdc/Pgp_Broccatelli,tdc,classification,auroc,ecfp_rf
leakage_curve,0.1,lgbm_basic,0.039,3.0,1.0,5.0,tdc/Pgp_Broccatelli,tdc,classification,auroc,ecfp_rf
leakage_curve,0.1,torch_mlp_advanced,0.01,5.0,2.0,6.0,tdc/Pgp_Broccatelli,tdc,classification,auroc,ecfp_rf
leakage_curve,0.1,torch_mlp_basic,0.0,6.0,5.0,6.0,tdc/Pgp_Broccatelli,tdc,classification,auroc,ecfp_rf
leakage_curve,0.25,ecfp_linear,0.054,4.0,1.0,5.0,tdc/Pgp_Broccatelli,tdc,classification,auroc,ecfp_rf
leakage_curve,0.25,ecfp_rf,0.605,1.0,1.0,3.0,tdc/Pgp_Broccatelli,tdc,classification,auroc,ecfp_rf
leakage_curve,0.25,lgbm_advanced,0.248,2.0,1.0,5.0,tdc/Pgp_Broccatelli,tdc,classification,auroc,ecfp_rf
leakage_curve,0.25,lgbm_basic,0.063,3.0,1.0,5.0,tdc/Pgp_Broccatelli,tdc,classification,auroc,ecfp_rf
leakage_curve,0.25,torch_mlp_advanced,0.012,5.0,2.0,6.0,tdc/Pgp_Broccatelli,tdc,classification,auroc,ecfp_rf
leakage_curve,0.25,torch_mlp_basic,0.0,5.0,4.0,6.0,tdc/Pgp_Broccatelli,tdc,classification,auroc,ecfp_rf
leakage_curve,0.5,ecfp_linear,0.073,4.0,1.0,5.512499999999989,tdc/Pgp_Broccatelli,tdc,classification,auroc,ecfp_rf
leakage_curve,0.5,ecfp_rf,0.528,1.0,1.0,4.0,tdc/Pgp_Broccatelli,tdc,classification,auroc,ecfp_rf
leakage_curve,0.5,lgbm_advanced,0.196,2.0,1.0,5.0,tdc/Pgp_Broccatelli,tdc,classification,auroc,ecfp_rf
leakage_curve,0.5,lgbm_basic,0.139,3.0,1.0,6.0,tdc/Pgp_Broccatelli,tdc,classification,auroc,ecfp_rf
leakage_curve,0.5,torch_mlp_advanced,0.029,6.0,1.0,6.0,tdc/Pgp_Broccatelli,tdc,classification,auroc,ecfp_rf
leakage_curve,0.5,torch_mlp_basic,0.001,5.0,3.0,6.0,tdc/Pgp_Broccatelli,tdc,classification,auroc,ecfp_rf
leakage_curve,0.75,ecfp_linear,0.055,4.0,1.0,6.0,tdc/Pgp_Broccatelli,tdc,classification,auroc,ecfp_rf
leakage_curve,0.75,ecfp_rf,0.339,2.0,1.0,5.0,tdc/Pgp_Broccatelli,tdc,classification,auroc,ecfp_rf
leakage_curve,0.75,lgbm_advanced,0.163,3.0,1.0,5.5,tdc/Pgp_Broccatelli,tdc,classification,auroc,ecfp_rf
leakage_curve,0.75,lgbm_basic,0.191,2.0,1.0,6.0,tdc/Pgp_Broccatelli,tdc,classification,auroc,ecfp_rf
leakage_curve,0.75,torch_mlp_advanced,0.056,6.0,1.0,6.0,tdc/Pgp_Broccatelli,tdc,classification,auroc,ecfp_rf
leakage_curve,0.75,torch_mlp_basic,0.017,5.0,1.5,6.0,tdc/Pgp_Broccatelli,tdc,classification,auroc,ecfp_rf
leakage_curve,observed,ecfp_linear,0.047,4.0,1.0,5.0,tdc/Pgp_Broccatelli,tdc,classification,auroc,ecfp_rf
leakage_curve,observed,ecfp_rf,0.618,1.0,1.0,3.0,tdc/Pgp_Broccatelli,tdc,classification,auroc,ecfp_rf
leakage_curve,observed,lgbm_advanced,0.246,2.0,1.0,4.0,tdc/Pgp_Broccatelli,tdc,classification,auroc,ecfp_rf
leakage_curve,observed,lgbm_basic,0.052,3.0,1.0,5.012499999999989,tdc/Pgp_Broccatelli,tdc,classification,auroc,ecfp_rf
leakage_curve,observed,torch_mlp_advanced,0.01,5.0,3.0,6.0,tdc/Pgp_Broccatelli,tdc,classification,auroc,ecfp_rf
leakage_curve,observed,torch_mlp_basic,0.0,5.5,5.0,6.0,tdc/Pgp_Broccatelli,tdc,classification,auroc,ecfp_rf
observed_composition,observed,ecfp_linear,0.0,4.0,4.0,4.0,tdc/Pgp_Broccatelli,tdc,classification,auroc,ecfp_rf
observed_composition,observed,ecfp_rf,1.0,1.0,1.0,1.0,tdc/Pgp_Broccatelli,tdc,classification,auroc,ecfp_rf
observed_composition,observed,lgbm_advanced,0.0,3.0,3.0,3.0,tdc/Pgp_Broccatelli,tdc,classification,auroc,ecfp_rf
observed_composition,observed,lgbm_basic,0.0,2.0,2.0,2.0,tdc/Pgp_Broccatelli,tdc,classification,auroc,ecfp_rf
observed_composition,observed,torch_mlp_advanced,0.0,6.0,6.0,6.0,tdc/Pgp_Broccatelli,tdc,classification,auroc,ecfp_rf
observed_composition,observed,torch_mlp_basic,0.0,5.0,5.0,5.0,tdc/Pgp_Broccatelli,tdc,classification,auroc,ecfp_rf
random_matched_control,0.0,ecfp_linear,0.136,4.0,1.0,6.0,tdc/Pgp_Broccatelli,tdc,classification,auroc,ecfp_rf
random_matched_control,0.0,ecfp_rf,0.315,2.0,1.0,5.0,tdc/Pgp_Broccatelli,tdc,classification,auroc,ecfp_rf
random_matched_control,0.0,lgbm_advanced,0.183,3.0,1.0,6.0,tdc/Pgp_Broccatelli,tdc,classification,auroc,ecfp_rf
random_matched_control,0.0,lgbm_basic,0.239,2.25,1.0,6.0,tdc/Pgp_Broccatelli,tdc,classification,auroc,ecfp_rf
random_matched_control,0.0,torch_mlp_advanced,0.079,5.0,1.0,6.0,tdc/Pgp_Broccatelli,tdc,classification,auroc,ecfp_rf
random_matched_control,0.0,torch_mlp_basic,0.027,5.0,1.0,6.0,tdc/Pgp_Broccatelli,tdc,classification,auroc,ecfp_rf
random_matched_control,0.05,ecfp_linear,0.139,4.0,1.0,6.0,tdc/Pgp_Broccatelli,tdc,classification,auroc,ecfp_rf
random_matched_control,0.05,ecfp_rf,0.316,2.0,1.0,6.0,tdc/Pgp_Broccatelli,tdc,classification,auroc,ecfp_rf
random_matched_control,0.05,lgbm_advanced,0.175,3.0,1.0,6.0,tdc/Pgp_Broccatelli,tdc,classification,auroc,ecfp_rf
random_matched_control,0.05,lgbm_basic,0.234,2.5,1.0,6.0,tdc/Pgp_Broccatelli,tdc,classification,auroc,ecfp_rf
random_matched_control,0.05,torch_mlp_advanced,0.084,5.0,1.0,6.0,tdc/Pgp_Broccatelli,tdc,classification,auroc,ecfp_rf
random_matched_control,0.05,torch_mlp_basic,0.023,5.0,2.0,6.0,tdc/Pgp_Broccatelli,tdc,classification,auroc,ecfp_rf
random_matched_control,0.1,ecfp_linear,0.128,4.0,1.0,6.0,tdc/Pgp_Broccatelli,tdc,classification,auroc,ecfp_rf
random_matched_control,0.1,ecfp_rf,0.34,2.0,1.0,5.0,tdc/Pgp_Broccatelli,tdc,classification,auroc,ecfp_rf
random_matched_control,0.1,lgbm_advanced,0.18,3.0,1.0,6.0,tdc/Pgp_Broccatelli,tdc,classification,auroc,ecfp_rf
random_matched_control,0.1,lgbm_basic,0.219,3.0,1.0,6.0,tdc/Pgp_Broccatelli,tdc,classification,auroc,ecfp_rf
random_matched_control,0.1,torch_mlp_advanced,0.079,5.0,1.0,6.0,tdc/Pgp_Broccatelli,tdc,classification,auroc,ecfp_rf
random_matched_control,0.1,torch_mlp_basic,0.022,5.0,1.9875000000000007,6.0,tdc/Pgp_Broccatelli,tdc,classification,auroc,ecfp_rf
random_matched_control,0.25,ecfp_linear,0.118,4.0,1.0,6.0,tdc/Pgp_Broccatelli,tdc,classification,auroc,ecfp_rf
random_matched_control,0.25,ecfp_rf,0.356,2.0,1.0,6.0,tdc/Pgp_Broccatelli,tdc,classification,auroc,ecfp_rf
random_matched_control,0.25,lgbm_advanced,0.152,3.0,1.0,6.0,tdc/Pgp_Broccatelli,tdc,classification,auroc,ecfp_rf
random_matched_control,0.25,lgbm_basic,0.241,2.0,1.0,6.0,tdc/Pgp_Broccatelli,tdc,classification,auroc,ecfp_rf
random_matched_control,0.25,torch_mlp_advanced,0.089,5.0,1.0,6.0,tdc/Pgp_Broccatelli,tdc,classification,auroc,ecfp_rf
random_matched_control,0.25,torch_mlp_basic,0.014,5.0,2.0,6.0,tdc/Pgp_Broccatelli,tdc,classification,auroc,ecfp_rf
random_matched_control,0.5,ecfp_linear,0.143,4.0,1.0,6.0,tdc/Pgp_Broccatelli,tdc,classification,auroc,ecfp_rf
random_matched_control,0.5,ecfp_rf,0.323,2.0,1.0,6.0,tdc/Pgp_Broccatelli,tdc,classification,auroc,ecfp_rf
random_matched_control,0.5,lgbm_advanced,0.183,3.0,1.0,6.0,tdc/Pgp_Broccatelli,tdc,classification,auroc,ecfp_rf
random_matched_control,0.5,lgbm_basic,0.222,2.5,1.0,6.0,tdc/Pgp_Broccatelli,tdc,classification,auroc,ecfp_rf
random_matched_control,0.5,torch_mlp_advanced,0.077,5.0,1.0,6.0,tdc/Pgp_Broccatelli,tdc,classification,auroc,ecfp_rf
random_matched_control,0.5,torch_mlp_basic,0.028,5.0,1.0,6.0,tdc/Pgp_Broccatelli,tdc,classification,auroc,ecfp_rf
random_matched_control,0.75,ecfp_linear,0.127,4.0,1.0,6.0,tdc/Pgp_Broccatelli,tdc,classification,auroc,ecfp_rf
random_matched_control,0.75,ecfp_rf,0.337,2.0,1.0,6.0,tdc/Pgp_Broccatelli,tdc,classification,auroc,ecfp_rf
random_matched_control,0.75,lgbm_advanced,0.164,3.0,1.0,6.0,tdc/Pgp_Broccatelli,tdc,classification,auroc,ecfp_rf
random_matched_control,0.75,lgbm_basic,0.232,2.5,1.0,6.0,tdc/Pgp_Broccatelli,tdc,classification,auroc,ecfp_rf
random_matched_control,0.75,torch_mlp_advanced,0.083,5.0,1.0,6.0,tdc/Pgp_Broccatelli,tdc,classification,auroc,ecfp_rf
random_matched_control,0.75,torch_mlp_basic,0.029,5.0,1.0,6.0,tdc/Pgp_Broccatelli,tdc,classification,auroc,ecfp_rf
random_matched_control,observed,ecfp_linear,0.127,4.0,1.0,6.0,tdc/Pgp_Broccatelli,tdc,classification,auroc,ecfp_rf
random_matched_control,observed,ecfp_rf,0.329,2.0,1.0,6.0,tdc/Pgp_Broccatelli,tdc,classification,auroc,ecfp_rf
random_matched_control,observed,lgbm_advanced,0.164,3.0,1.0,6.0,tdc/Pgp_Broccatelli,tdc,classification,auroc,ecfp_rf
random_matched_control,observed,lgbm_basic,0.228,3.0,1.0,6.0,tdc/Pgp_Broccatelli,tdc,classification,auroc,ecfp_rf
random_matched_control,observed,torch_mlp_advanced,0.102,5.0,1.0,6.0,tdc/Pgp_Broccatelli,tdc,classification,auroc,ecfp_rf
random_matched_control,observed,torch_mlp_basic,0.023,5.0,1.5,6.0,tdc/Pgp_Broccatelli,tdc,classification,auroc,ecfp_rf
clean_reference,0.0,ecfp_linear,0.0,5.0,5.0,5.0,tdc/Solubility_AqSolDB,tdc,regression,rmse,lgbm_advanced
clean_reference,0.0,ecfp_rf,0.0,3.0,3.0,3.0,tdc/Solubility_AqSolDB,tdc,regression,rmse,lgbm_advanced
clean_reference,0.0,lgbm_advanced,1.0,1.0,1.0,1.0,tdc/Solubility_AqSolDB,tdc,regression,rmse,lgbm_advanced
clean_reference,0.0,lgbm_basic,0.0,2.0,2.0,2.0,tdc/Solubility_AqSolDB,tdc,regression,rmse,lgbm_advanced
clean_reference,0.0,torch_mlp_advanced,0.0,4.0,4.0,4.0,tdc/Solubility_AqSolDB,tdc,regression,rmse,lgbm_advanced
clean_reference,0.0,torch_mlp_basic,0.0,6.0,6.0,6.0,tdc/Solubility_AqSolDB,tdc,regression,rmse,lgbm_advanced
conflict_curve,0.0,ecfp_linear,0.0,5.0,5.0,6.0,tdc/Solubility_AqSolDB,tdc,regression,rmse,lgbm_advanced
conflict_curve,0.0,ecfp_rf,0.198,3.0,1.0,4.0,tdc/Solubility_AqSolDB,tdc,regression,rmse,lgbm_advanced
conflict_curve,0.0,lgbm_advanced,0.666,1.0,1.0,3.0,tdc/Solubility_AqSolDB,tdc,regression,rmse,lgbm_advanced
conflict_curve,0.0,lgbm_basic,0.135,2.0,1.0,3.0,tdc/Solubility_AqSolDB,tdc,regression,rmse,lgbm_advanced
conflict_curve,0.0,torch_mlp_advanced,0.001,4.0,3.0,4.0,tdc/Solubility_AqSolDB,tdc,regression,rmse,lgbm_advanced
conflict_curve,0.0,torch_mlp_basic,0.0,6.0,5.0,6.0,tdc/Solubility_AqSolDB,tdc,regression,rmse,lgbm_advanced
conflict_curve,0.05,ecfp_linear,0.0,5.0,4.0,6.0,tdc/Solubility_AqSolDB,tdc,regression,rmse,lgbm_advanced
conflict_curve,0.05,ecfp_rf,0.142,3.0,1.0,3.0,tdc/Solubility_AqSolDB,tdc,regression,rmse,lgbm_advanced
conflict_curve,0.05,lgbm_advanced,0.659,1.0,1.0,3.0,tdc/Solubility_AqSolDB,tdc,regression,rmse,lgbm_advanced
conflict_curve,0.05,lgbm_basic,0.199,2.0,1.0,3.0,tdc/Solubility_AqSolDB,tdc,regression,rmse,lgbm_advanced
conflict_curve,0.05,torch_mlp_advanced,0.0,4.0,4.0,5.0,tdc/Solubility_AqSolDB,tdc,regression,rmse,lgbm_advanced
conflict_curve,0.05,torch_mlp_basic,0.0,6.0,5.0,6.0,tdc/Solubility_AqSolDB,tdc,regression,rmse,lgbm_advanced
conflict_curve,0.1,ecfp_linear,0.0,5.0,4.0,6.0,tdc/Solubility_AqSolDB,tdc,regression,rmse,lgbm_advanced
conflict_curve,0.1,ecfp_rf,0.095,3.0,1.0,4.0,tdc/Solubility_AqSolDB,tdc,regression,rmse,lgbm_advanced
conflict_curve,0.1,lgbm_advanced,0.647,1.0,1.0,3.0,tdc/Solubility_AqSolDB,tdc,regression,rmse,lgbm_advanced
conflict_curve,0.1,lgbm_basic,0.258,2.0,1.0,3.0,tdc/Solubility_AqSolDB,tdc,regression,rmse,lgbm_advanced
conflict_curve,0.1,torch_mlp_advanced,0.0,4.0,4.0,5.0,tdc/Solubility_AqSolDB,tdc,regression,rmse,lgbm_advanced
conflict_curve,0.1,torch_mlp_basic,0.0,6.0,5.0,6.0,tdc/Solubility_AqSolDB,tdc,regression,rmse,lgbm_advanced
conflict_curve,0.25,ecfp_linear,0.0,5.0,3.0,6.0,tdc/Solubility_AqSolDB,tdc,regression,rmse,lgbm_advanced
conflict_curve,0.25,ecfp_rf,0.021,3.0,2.0,4.0,tdc/Solubility_AqSolDB,tdc,regression,rmse,lgbm_advanced
conflict_curve,0.25,lgbm_advanced,0.513,1.0,1.0,2.0,tdc/Solubility_AqSolDB,tdc,regression,rmse,lgbm_advanced
conflict_curve,0.25,lgbm_basic,0.466,2.0,1.0,3.0,tdc/Solubility_AqSolDB,tdc,regression,rmse,lgbm_advanced
conflict_curve,0.25,torch_mlp_advanced,0.0,4.0,4.0,5.0,tdc/Solubility_AqSolDB,tdc,regression,rmse,lgbm_advanced
conflict_curve,0.25,torch_mlp_basic,0.0,6.0,5.0,6.0,tdc/Solubility_AqSolDB,tdc,regression,rmse,lgbm_advanced
conflict_curve,0.5,ecfp_linear,0.001,3.0,3.0,4.0,tdc/Solubility_AqSolDB,tdc,regression,rmse,lgbm_advanced
conflict_curve,0.5,ecfp_rf,0.0,4.0,3.0,4.0,tdc/Solubility_AqSolDB,tdc,regression,rmse,lgbm_advanced
conflict_curve,0.5,lgbm_advanced,0.232,2.0,1.0,2.0,tdc/Solubility_AqSolDB,tdc,regression,rmse,lgbm_advanced
conflict_curve,0.5,lgbm_basic,0.767,1.0,1.0,2.0,tdc/Solubility_AqSolDB,tdc,regression,rmse,lgbm_advanced
conflict_curve,0.5,torch_mlp_advanced,0.0,5.0,5.0,6.0,tdc/Solubility_AqSolDB,tdc,regression,rmse,lgbm_advanced
conflict_curve,0.5,torch_mlp_basic,0.0,6.0,5.0,6.0,tdc/Solubility_AqSolDB,tdc,regression,rmse,lgbm_advanced
conflict_curve,0.75,ecfp_linear,0.006,3.0,2.0,3.0,tdc/Solubility_AqSolDB,tdc,regression,rmse,lgbm_advanced
conflict_curve,0.75,ecfp_rf,0.0,4.0,4.0,4.0,tdc/Solubility_AqSolDB,tdc,regression,rmse,lgbm_advanced
conflict_curve,0.75,lgbm_advanced,0.003,2.0,2.0,3.0,tdc/Solubility_AqSolDB,tdc,regression,rmse,lgbm_advanced
conflict_curve,0.75,lgbm_basic,0.991,1.0,1.0,1.0,tdc/Solubility_AqSolDB,tdc,regression,rmse,lgbm_advanced
conflict_curve,0.75,torch_mlp_advanced,0.0,5.0,5.0,6.0,tdc/Solubility_AqSolDB,tdc,regression,rmse,lgbm_advanced
conflict_curve,0.75,torch_mlp_basic,0.0,6.0,5.0,6.0,tdc/Solubility_AqSolDB,tdc,regression,rmse,lgbm_advanced
conflict_curve,observed,ecfp_linear,0.0,5.0,4.0,6.0,tdc/Solubility_AqSolDB,tdc,regression,rmse,lgbm_advanced
conflict_curve,observed,ecfp_rf,0.131,3.0,1.0,3.0,tdc/Solubility_AqSolDB,tdc,regression,rmse,lgbm_advanced
conflict_curve,observed,lgbm_advanced,0.659,1.0,1.0,3.0,tdc/Solubility_AqSolDB,tdc,regression,rmse,lgbm_advanced
conflict_curve,observed,lgbm_basic,0.21,2.0,1.0,3.0,tdc/Solubility_AqSolDB,tdc,regression,rmse,lgbm_advanced
conflict_curve,observed,torch_mlp_advanced,0.0,4.0,4.0,5.0,tdc/Solubility_AqSolDB,tdc,regression,rmse,lgbm_advanced
conflict_curve,observed,torch_mlp_basic,0.0,6.0,5.0,6.0,tdc/Solubility_AqSolDB,tdc,regression,rmse,lgbm_advanced
leakage_curve,0.0,ecfp_linear,0.0,5.0,5.0,6.0,tdc/Solubility_AqSolDB,tdc,regression,rmse,lgbm_advanced
leakage_curve,0.0,ecfp_rf,0.053,3.0,1.0,3.0,tdc/Solubility_AqSolDB,tdc,regression,rmse,lgbm_advanced
leakage_curve,0.0,lgbm_advanced,0.921,1.0,1.0,2.0,tdc/Solubility_AqSolDB,tdc,regression,rmse,lgbm_advanced
leakage_curve,0.0,lgbm_basic,0.026,2.0,1.0,3.0,tdc/Solubility_AqSolDB,tdc,regression,rmse,lgbm_advanced
leakage_curve,0.0,torch_mlp_advanced,0.0,4.0,4.0,4.0,tdc/Solubility_AqSolDB,tdc,regression,rmse,lgbm_advanced
leakage_curve,0.0,torch_mlp_basic,0.0,6.0,5.0,6.0,tdc/Solubility_AqSolDB,tdc,regression,rmse,lgbm_advanced
leakage_curve,0.05,ecfp_linear,0.0,5.0,5.0,6.0,tdc/Solubility_AqSolDB,tdc,regression,rmse,lgbm_advanced
leakage_curve,0.05,ecfp_rf,0.068,3.0,1.0,3.0,tdc/Solubility_AqSolDB,tdc,regression,rmse,lgbm_advanced
leakage_curve,0.05,lgbm_advanced,0.915,1.0,1.0,2.0,tdc/Solubility_AqSolDB,tdc,regression,rmse,lgbm_advanced
leakage_curve,0.05,lgbm_basic,0.017,2.0,2.0,3.0,tdc/Solubility_AqSolDB,tdc,regression,rmse,lgbm_advanced
leakage_curve,0.05,torch_mlp_advanced,0.0,4.0,4.0,4.0,tdc/Solubility_AqSolDB,tdc,regression,rmse,lgbm_advanced
leakage_curve,0.05,torch_mlp_basic,0.0,6.0,5.0,6.0,tdc/Solubility_AqSolDB,tdc,regression,rmse,lgbm_advanced
leakage_curve,0.1,ecfp_linear,0.0,5.0,5.0,6.0,tdc/Solubility_AqSolDB,tdc,regression,rmse,lgbm_advanced
leakage_curve,0.1,ecfp_rf,0.101,3.0,1.0,3.0,tdc/Solubility_AqSolDB,tdc,regression,rmse,lgbm_advanced
leakage_curve,0.1,lgbm_advanced,0.889,1.0,1.0,2.0,tdc/Solubility_AqSolDB,tdc,regression,rmse,lgbm_advanced
leakage_curve,0.1,lgbm_basic,0.01,2.0,2.0,3.0,tdc/Solubility_AqSolDB,tdc,regression,rmse,lgbm_advanced
leakage_curve,0.1,torch_mlp_advanced,0.0,4.0,4.0,4.0,tdc/Solubility_AqSolDB,tdc,regression,rmse,lgbm_advanced
leakage_curve,0.1,torch_mlp_basic,0.0,6.0,5.0,6.0,tdc/Solubility_AqSolDB,tdc,regression,rmse,lgbm_advanced
leakage_curve,0.25,ecfp_linear,0.0,6.0,5.0,6.0,tdc/Solubility_AqSolDB,tdc,regression,rmse,lgbm_advanced
leakage_curve,0.25,ecfp_rf,0.14,2.0,1.0,3.0,tdc/Solubility_AqSolDB,tdc,regression,rmse,lgbm_advanced
leakage_curve,0.25,lgbm_advanced,0.853,1.0,1.0,2.0,tdc/Solubility_AqSolDB,tdc,regression,rmse,lgbm_advanced
leakage_curve,0.25,lgbm_basic,0.007,3.0,2.0,3.0,tdc/Solubility_AqSolDB,tdc,regression,rmse,lgbm_advanced
leakage_curve,0.25,torch_mlp_advanced,0.0,4.0,4.0,4.0,tdc/Solubility_AqSolDB,tdc,regression,rmse,lgbm_advanced
leakage_curve,0.25,torch_mlp_basic,0.0,5.0,5.0,6.0,tdc/Solubility_AqSolDB,tdc,regression,rmse,lgbm_advanced
leakage_curve,0.5,ecfp_linear,0.0,6.0,5.0,6.0,tdc/Solubility_AqSolDB,tdc,regression,rmse,lgbm_advanced
leakage_curve,0.5,ecfp_rf,0.312,2.0,1.0,3.0,tdc/Solubility_AqSolDB,tdc,regression,rmse,lgbm_advanced
leakage_curve,0.5,lgbm_advanced,0.688,1.0,1.0,2.0,tdc/Solubility_AqSolDB,tdc,regression,rmse,lgbm_advanced
leakage_curve,0.5,lgbm_basic,0.0,3.0,2.0,3.0,tdc/Solubility_AqSolDB,tdc,regression,rmse,lgbm_advanced
leakage_curve,0.5,torch_mlp_advanced,0.0,4.0,4.0,4.0,tdc/Solubility_AqSolDB,tdc,regression,rmse,lgbm_advanced
leakage_curve,0.5,torch_mlp_basic,0.0,5.0,5.0,6.0,tdc/Solubility_AqSolDB,tdc,regression,rmse,lgbm_advanced
leakage_curve,0.75,ecfp_linear,0.0,6.0,5.0,6.0,tdc/Solubility_AqSolDB,tdc,regression,rmse,lgbm_advanced
leakage_curve,0.75,ecfp_rf,0.572,1.0,1.0,2.0,tdc/Solubility_AqSolDB,tdc,regression,rmse,lgbm_advanced
leakage_curve,0.75,lgbm_advanced,0.428,2.0,1.0,2.0,tdc/Solubility_AqSolDB,tdc,regression,rmse,lgbm_advanced
leakage_curve,0.75,lgbm_basic,0.0,3.0,3.0,4.0,tdc/Solubility_AqSolDB,tdc,regression,rmse,lgbm_advanced
leakage_curve,0.75,torch_mlp_advanced,0.0,4.0,3.0,4.0,tdc/Solubility_AqSolDB,tdc,regression,rmse,lgbm_advanced
leakage_curve,0.75,torch_mlp_basic,0.0,5.0,5.0,6.0,tdc/Solubility_AqSolDB,tdc,regression,rmse,lgbm_advanced
leakage_curve,observed,ecfp_linear,0.0,5.0,5.0,6.0,tdc/Solubility_AqSolDB,tdc,regression,rmse,lgbm_advanced
leakage_curve,observed,ecfp_rf,0.107,3.0,1.0,3.0,tdc/Solubility_AqSolDB,tdc,regression,rmse,lgbm_advanced
leakage_curve,observed,lgbm_advanced,0.872,1.0,1.0,2.0,tdc/Solubility_AqSolDB,tdc,regression,rmse,lgbm_advanced
leakage_curve,observed,lgbm_basic,0.021,2.0,2.0,3.0,tdc/Solubility_AqSolDB,tdc,regression,rmse,lgbm_advanced
leakage_curve,observed,torch_mlp_advanced,0.0,4.0,4.0,4.0,tdc/Solubility_AqSolDB,tdc,regression,rmse,lgbm_advanced
leakage_curve,observed,torch_mlp_basic,0.0,6.0,5.0,6.0,tdc/Solubility_AqSolDB,tdc,regression,rmse,lgbm_advanced
observed_composition,observed,ecfp_linear,0.0,6.0,6.0,6.0,tdc/Solubility_AqSolDB,tdc,regression,rmse,lgbm_advanced
observed_composition,observed,ecfp_rf,0.0,3.0,3.0,3.0,tdc/Solubility_AqSolDB,tdc,regression,rmse,lgbm_advanced
observed_composition,observed,lgbm_advanced,1.0,1.0,1.0,1.0,tdc/Solubility_AqSolDB,tdc,regression,rmse,lgbm_advanced
observed_composition,observed,lgbm_basic,0.0,2.0,2.0,2.0,tdc/Solubility_AqSolDB,tdc,regression,rmse,lgbm_advanced
observed_composition,observed,torch_mlp_advanced,0.0,4.0,4.0,4.0,tdc/Solubility_AqSolDB,tdc,regression,rmse,lgbm_advanced
observed_composition,observed,torch_mlp_basic,0.0,5.0,5.0,5.0,tdc/Solubility_AqSolDB,tdc,regression,rmse,lgbm_advanced
random_matched_control,0.0,ecfp_linear,0.0,6.0,4.0,6.0,tdc/Solubility_AqSolDB,tdc,regression,rmse,lgbm_advanced
random_matched_control,0.0,ecfp_rf,0.046,3.0,1.0,4.0,tdc/Solubility_AqSolDB,tdc,regression,rmse,lgbm_advanced
random_matched_control,0.0,lgbm_advanced,0.866,1.0,1.0,2.0,tdc/Solubility_AqSolDB,tdc,regression,rmse,lgbm_advanced
random_matched_control,0.0,lgbm_basic,0.0825,2.0,1.0,3.0,tdc/Solubility_AqSolDB,tdc,regression,rmse,lgbm_advanced
random_matched_control,0.0,torch_mlp_advanced,0.0055,4.0,3.0,5.0,tdc/Solubility_AqSolDB,tdc,regression,rmse,lgbm_advanced
random_matched_control,0.0,torch_mlp_basic,0.0,5.0,5.0,6.0,tdc/Solubility_AqSolDB,tdc,regression,rmse,lgbm_advanced
random_matched_control,0.05,ecfp_linear,0.0,6.0,5.0,6.0,tdc/Solubility_AqSolDB,tdc,regression,rmse,lgbm_advanced
random_matched_control,0.05,ecfp_rf,0.035,3.0,1.0,4.0,tdc/Solubility_AqSolDB,tdc,regression,rmse,lgbm_advanced
random_matched_control,0.05,lgbm_advanced,0.8795,1.0,1.0,2.0,tdc/Solubility_AqSolDB,tdc,regression,rmse,lgbm_advanced
random_matched_control,0.05,lgbm_basic,0.0835,2.0,1.0,3.0,tdc/Solubility_AqSolDB,tdc,regression,rmse,lgbm_advanced
random_matched_control,0.05,torch_mlp_advanced,0.002,4.0,3.0,4.0,tdc/Solubility_AqSolDB,tdc,regression,rmse,lgbm_advanced
random_matched_control,0.05,torch_mlp_basic,0.0,5.0,5.0,6.0,tdc/Solubility_AqSolDB,tdc,regression,rmse,lgbm_advanced
random_matched_control,0.1,ecfp_linear,0.0,6.0,5.0,6.0,tdc/Solubility_AqSolDB,tdc,regression,rmse,lgbm_advanced
random_matched_control,0.1,ecfp_rf,0.034,3.0,1.0,4.0,tdc/Solubility_AqSolDB,tdc,regression,rmse,lgbm_advanced
random_matched_control,0.1,lgbm_advanced,0.871,1.0,1.0,2.0,tdc/Solubility_AqSolDB,tdc,regression,rmse,lgbm_advanced
random_matched_control,0.1,lgbm_basic,0.0905,2.0,1.0,3.0,tdc/Solubility_AqSolDB,tdc,regression,rmse,lgbm_advanced
random_matched_control,0.1,torch_mlp_advanced,0.0045,4.0,3.0,4.0,tdc/Solubility_AqSolDB,tdc,regression,rmse,lgbm_advanced
random_matched_control,0.1,torch_mlp_basic,0.0,5.0,5.0,6.0,tdc/Solubility_AqSolDB,tdc,regression,rmse,lgbm_advanced
random_matched_control,0.25,ecfp_linear,0.0,6.0,5.0,6.0,tdc/Solubility_AqSolDB,tdc,regression,rmse,lgbm_advanced
random_matched_control,0.25,ecfp_rf,0.0375,3.0,1.0,4.0,tdc/Solubility_AqSolDB,tdc,regression,rmse,lgbm_advanced
random_matched_control,0.25,lgbm_advanced,0.8705,1.0,1.0,2.0,tdc/Solubility_AqSolDB,tdc,regression,rmse,lgbm_advanced
random_matched_control,0.25,lgbm_basic,0.088,2.0,1.0,3.0,tdc/Solubility_AqSolDB,tdc,regression,rmse,lgbm_advanced
random_matched_control,0.25,torch_mlp_advanced,0.004,4.0,3.0,4.0,tdc/Solubility_AqSolDB,tdc,regression,rmse,lgbm_advanced
random_matched_control,0.25,torch_mlp_basic,0.0,5.0,5.0,6.0,tdc/Solubility_AqSolDB,tdc,regression,rmse,lgbm_advanced
random_matched_control,0.5,ecfp_linear,0.0,6.0,5.0,6.0,tdc/Solubility_AqSolDB,tdc,regression,rmse,lgbm_advanced
random_matched_control,0.5,ecfp_rf,0.043,3.0,1.0,4.0,tdc/Solubility_AqSolDB,tdc,regression,rmse,lgbm_advanced
random_matched_control,0.5,lgbm_advanced,0.867,1.0,1.0,2.0,tdc/Solubility_AqSolDB,tdc,regression,rmse,lgbm_advanced
random_matched_control,0.5,lgbm_basic,0.0855,2.0,1.0,3.0,tdc/Solubility_AqSolDB,tdc,regression,rmse,lgbm_advanced
random_matched_control,0.5,torch_mlp_advanced,0.004,4.0,3.0,4.0,tdc/Solubility_AqSolDB,tdc,regression,rmse,lgbm_advanced
random_matched_control,0.5,torch_mlp_basic,0.0005,5.0,5.0,6.0,tdc/Solubility_AqSolDB,tdc,regression,rmse,lgbm_advanced
random_matched_control,0.75,ecfp_linear,0.0,6.0,4.0,6.0,tdc/Solubility_AqSolDB,tdc,regression,rmse,lgbm_advanced
random_matched_control,0.75,ecfp_rf,0.044,3.0,1.0,4.0,tdc/Solubility_AqSolDB,tdc,regression,rmse,lgbm_advanced
random_matched_control,0.75,lgbm_advanced,0.8605,1.0,1.0,2.0,tdc/Solubility_AqSolDB,tdc,regression,rmse,lgbm_advanced
random_matched_control,0.75,lgbm_basic,0.092,2.0,1.0,3.0,tdc/Solubility_AqSolDB,tdc,regression,rmse,lgbm_advanced
random_matched_control,0.75,torch_mlp_advanced,0.003,4.0,3.0,5.0,tdc/Solubility_AqSolDB,tdc,regression,rmse,lgbm_advanced
random_matched_control,0.75,torch_mlp_basic,0.0005,5.0,5.0,6.0,tdc/Solubility_AqSolDB,tdc,regression,rmse,lgbm_advanced
random_matched_control,observed,ecfp_linear,0.0,6.0,5.0,6.0,tdc/Solubility_AqSolDB,tdc,regression,rmse,lgbm_advanced
random_matched_control,observed,ecfp_rf,0.0305,3.0,1.0,4.0,tdc/Solubility_AqSolDB,tdc,regression,rmse,lgbm_advanced
random_matched_control,observed,lgbm_advanced,0.877,1.0,1.0,2.0,tdc/Solubility_AqSolDB,tdc,regression,rmse,lgbm_advanced
random_matched_control,observed,lgbm_basic,0.0895,2.0,1.0,3.0,tdc/Solubility_AqSolDB,tdc,regression,rmse,lgbm_advanced
random_matched_control,observed,torch_mlp_advanced,0.003,4.0,3.0,4.0,tdc/Solubility_AqSolDB,tdc,regression,rmse,lgbm_advanced
random_matched_control,observed,torch_mlp_basic,0.0,5.0,5.0,6.0,tdc/Solubility_AqSolDB,tdc,regression,rmse,lgbm_advanced
clean_reference,0.0,ecfp_linear,0.0,6.0,6.0,6.0,tdc/VDss_Lombardo,tdc,regression,rmse,lgbm_basic
clean_reference,0.0,ecfp_rf,0.0,4.0,4.0,4.0,tdc/VDss_Lombardo,tdc,regression,rmse,lgbm_basic
clean_reference,0.0,lgbm_advanced,0.0,3.0,3.0,3.0,tdc/VDss_Lombardo,tdc,regression,rmse,lgbm_basic
clean_reference,0.0,lgbm_basic,1.0,1.0,1.0,1.0,tdc/VDss_Lombardo,tdc,regression,rmse,lgbm_basic
clean_reference,0.0,torch_mlp_advanced,0.0,2.0,2.0,2.0,tdc/VDss_Lombardo,tdc,regression,rmse,lgbm_basic
clean_reference,0.0,torch_mlp_basic,0.0,5.0,5.0,5.0,tdc/VDss_Lombardo,tdc,regression,rmse,lgbm_basic
conflict_curve,0.0,ecfp_linear,0.012,6.0,2.0,6.0,tdc/VDss_Lombardo,tdc,regression,rmse,lgbm_basic
conflict_curve,0.0,ecfp_rf,0.201,3.0,1.0,6.0,tdc/VDss_Lombardo,tdc,regression,rmse,lgbm_basic
conflict_curve,0.0,lgbm_advanced,0.218,3.0,1.0,6.0,tdc/VDss_Lombardo,tdc,regression,rmse,lgbm_basic
conflict_curve,0.0,lgbm_basic,0.185,3.0,1.0,6.0,tdc/VDss_Lombardo,tdc,regression,rmse,lgbm_basic
conflict_curve,0.0,torch_mlp_advanced,0.276,3.0,1.0,5.0,tdc/VDss_Lombardo,tdc,regression,rmse,lgbm_basic
conflict_curve,0.0,torch_mlp_basic,0.108,3.0,1.0,5.0,tdc/VDss_Lombardo,tdc,regression,rmse,lgbm_basic
conflict_curve,0.05,ecfp_linear,0.003,6.0,2.0,6.0,tdc/VDss_Lombardo,tdc,regression,rmse,lgbm_basic
conflict_curve,0.05,ecfp_rf,0.193,3.0,1.0,6.0,tdc/VDss_Lombardo,tdc,regression,rmse,lgbm_basic
conflict_curve,0.05,lgbm_advanced,0.205,3.0,1.0,6.0,tdc/VDss_Lombardo,tdc,regression,rmse,lgbm_basic
conflict_curve,0.05,lgbm_basic,0.228,3.0,1.0,6.0,tdc/VDss_Lombardo,tdc,regression,rmse,lgbm_basic
conflict_curve,0.05,torch_mlp_advanced,0.271,3.0,1.0,6.0,tdc/VDss_Lombardo,tdc,regression,rmse,lgbm_basic
conflict_curve,0.05,torch_mlp_basic,0.1,4.0,1.0,6.0,tdc/VDss_Lombardo,tdc,regression,rmse,lgbm_basic
conflict_curve,0.1,ecfp_linear,0.007,6.0,2.0,6.0,tdc/VDss_Lombardo,tdc,regression,rmse,lgbm_basic
conflict_curve,0.1,ecfp_rf,0.209,3.0,1.0,6.0,tdc/VDss_Lombardo,tdc,regression,rmse,lgbm_basic
conflict_curve,0.1,lgbm_advanced,0.211,3.0,1.0,6.0,tdc/VDss_Lombardo,tdc,regression,rmse,lgbm_basic
conflict_curve,0.1,lgbm_basic,0.207,3.0,1.0,6.0,tdc/VDss_Lombardo,tdc,regression,rmse,lgbm_basic
conflict_curve,0.1,torch_mlp_advanced,0.261,3.0,1.0,5.0,tdc/VDss_Lombardo,tdc,regression,rmse,lgbm_basic
conflict_curve,0.1,torch_mlp_basic,0.105,3.5,1.0,5.0,tdc/VDss_Lombardo,tdc,regression,rmse,lgbm_basic
conflict_curve,0.25,ecfp_linear,0.011,6.0,2.0,6.0,tdc/VDss_Lombardo,tdc,regression,rmse,lgbm_basic
conflict_curve,0.25,ecfp_rf,0.196,3.0,1.0,6.0,tdc/VDss_Lombardo,tdc,regression,rmse,lgbm_basic
conflict_curve,0.25,lgbm_advanced,0.202,3.0,1.0,6.0,tdc/VDss_Lombardo,tdc,regression,rmse,lgbm_basic
conflict_curve,0.25,lgbm_basic,0.223,3.0,1.0,6.0,tdc/VDss_Lombardo,tdc,regression,rmse,lgbm_basic
conflict_curve,0.25,torch_mlp_advanced,0.232,3.0,1.0,6.0,tdc/VDss_Lombardo,tdc,regression,rmse,lgbm_basic
conflict_curve,0.25,torch_mlp_basic,0.136,3.0,1.0,6.0,tdc/VDss_Lombardo,tdc,regression,rmse,lgbm_basic
conflict_curve,0.5,ecfp_linear,0.0,6.0,4.0,6.0,tdc/VDss_Lombardo,tdc,regression,rmse,lgbm_basic
conflict_curve,0.5,ecfp_rf,0.749,1.0,1.0,6.0,tdc/VDss_Lombardo,tdc,regression,rmse,lgbm_basic
conflict_curve,0.5,lgbm_advanced,0.0,3.0,2.0,6.0,tdc/VDss_Lombardo,tdc,regression,rmse,lgbm_basic
conflict_curve,0.5,lgbm_basic,0.251,2.0,1.0,2.0,tdc/VDss_Lombardo,tdc,regression,rmse,lgbm_basic
conflict_curve,0.5,torch_mlp_advanced,0.0,4.0,3.0,5.024999999999977,tdc/VDss_Lombardo,tdc,regression,rmse,lgbm_basic
conflict_curve,0.5,torch_mlp_basic,0.0,5.0,3.0,6.0,tdc/VDss_Lombardo,tdc,regression,rmse,lgbm_basic
conflict_curve,0.75,ecfp_linear,0.0,6.0,4.0,6.0,tdc/VDss_Lombardo,tdc,regression,rmse,lgbm_basic
conflict_curve,0.75,ecfp_rf,0.969,1.0,1.0,2.0,tdc/VDss_Lombardo,tdc,regression,rmse,lgbm_basic
conflict_curve,0.75,lgbm_advanced,0.0,3.0,3.0,6.0,tdc/VDss_Lombardo,tdc,regression,rmse,lgbm_basic
conflict_curve,0.75,lgbm_basic,0.031,2.0,1.0,3.0,tdc/VDss_Lombardo,tdc,regression,rmse,lgbm_basic
conflict_curve,0.75,torch_mlp_advanced,0.0,4.0,2.0,4.0,tdc/VDss_Lombardo,tdc,regression,rmse,lgbm_basic
conflict_curve,0.75,torch_mlp_basic,0.0,5.0,4.0,6.0,tdc/VDss_Lombardo,tdc,regression,rmse,lgbm_basic
conflict_curve,observed,ecfp_linear,0.006,6.0,2.0,6.0,tdc/VDss_Lombardo,tdc,regression,rmse,lgbm_basic
conflict_curve,observed,ecfp_rf,0.209,3.0,1.0,6.0,tdc/VDss_Lombardo,tdc,regression,rmse,lgbm_basic
conflict_curve,observed,lgbm_advanced,0.211,3.0,1.0,6.0,tdc/VDss_Lombardo,tdc,regression,rmse,lgbm_basic
conflict_curve,observed,lgbm_basic,0.203,3.0,1.0,6.0,tdc/VDss_Lombardo,tdc,regression,rmse,lgbm_basic
conflict_curve,observed,torch_mlp_advanced,0.27,3.0,1.0,6.0,tdc/VDss_Lombardo,tdc,regression,rmse,lgbm_basic
conflict_curve,observed,torch_mlp_basic,0.101,3.0,1.0,5.0,tdc/VDss_Lombardo,tdc,regression,rmse,lgbm_basic
leakage_curve,0.0,ecfp_linear,0.0,6.0,5.0,6.0,tdc/VDss_Lombardo,tdc,regression,rmse,lgbm_basic
leakage_curve,0.0,ecfp_rf,0.203,3.0,1.0,6.0,tdc/VDss_Lombardo,tdc,regression,rmse,lgbm_basic
leakage_curve,0.0,lgbm_advanced,0.195,3.0,1.0,6.0,tdc/VDss_Lombardo,tdc,regression,rmse,lgbm_basic
leakage_curve,0.0,lgbm_basic,0.22,3.0,1.0,5.0,tdc/VDss_Lombardo,tdc,regression,rmse,lgbm_basic
leakage_curve,0.0,torch_mlp_advanced,0.324,2.0,1.0,4.0,tdc/VDss_Lombardo,tdc,regression,rmse,lgbm_basic
leakage_curve,0.0,torch_mlp_basic,0.058,4.0,1.0,5.0,tdc/VDss_Lombardo,tdc,regression,rmse,lgbm_basic
leakage_curve,0.05,ecfp_linear,0.0,6.0,5.0,6.0,tdc/VDss_Lombardo,tdc,regression,rmse,lgbm_basic
leakage_curve,0.05,ecfp_rf,0.203,3.0,1.0,6.0,tdc/VDss_Lombardo,tdc,regression,rmse,lgbm_basic
leakage_curve,0.05,lgbm_advanced,0.171,3.0,1.0,6.0,tdc/VDss_Lombardo,tdc,regression,rmse,lgbm_basic
leakage_curve,0.05,lgbm_basic,0.261,3.0,1.0,5.0,tdc/VDss_Lombardo,tdc,regression,rmse,lgbm_basic
leakage_curve,0.05,torch_mlp_advanced,0.317,2.0,1.0,4.0,tdc/VDss_Lombardo,tdc,regression,rmse,lgbm_basic
leakage_curve,0.05,torch_mlp_basic,0.048,4.0,1.0,5.0,tdc/VDss_Lombardo,tdc,regression,rmse,lgbm_basic
leakage_curve,0.1,ecfp_linear,0.001,6.0,5.0,6.0,tdc/VDss_Lombardo,tdc,regression,rmse,lgbm_basic
leakage_curve,0.1,ecfp_rf,0.227,3.0,1.0,6.0,tdc/VDss_Lombardo,tdc,regression,rmse,lgbm_basic
leakage_curve,0.1,lgbm_advanced,0.189,3.0,1.0,6.0,tdc/VDss_Lombardo,tdc,regression,rmse,lgbm_basic
leakage_curve,0.1,lgbm_basic,0.261,3.0,1.0,5.0,tdc/VDss_Lombardo,tdc,regression,rmse,lgbm_basic
leakage_curve,0.1,torch_mlp_advanced,0.273,2.0,1.0,4.0,tdc/VDss_Lombardo,tdc,regression,rmse,lgbm_basic
leakage_curve,0.1,torch_mlp_basic,0.049,4.0,1.0,5.0,tdc/VDss_Lombardo,tdc,regression,rmse,lgbm_basic
leakage_curve,0.25,ecfp_linear,0.0,6.0,5.0,6.0,tdc/VDss_Lombardo,tdc,regression,rmse,lgbm_basic
leakage_curve,0.25,ecfp_rf,0.197,3.0,1.0,6.0,tdc/VDss_Lombardo,tdc,regression,rmse,lgbm_basic
leakage_curve,0.25,lgbm_advanced,0.225,3.0,1.0,6.0,tdc/VDss_Lombardo,tdc,regression,rmse,lgbm_basic
leakage_curve,0.25,lgbm_basic,0.237,3.0,1.0,5.0,tdc/VDss_Lombardo,tdc,regression,rmse,lgbm_basic
leakage_curve,0.25,torch_mlp_advanced,0.263,3.0,1.0,5.0,tdc/VDss_Lombardo,tdc,regression,rmse,lgbm_basic
leakage_curve,0.25,torch_mlp_basic,0.078,4.0,1.0,5.0,tdc/VDss_Lombardo,tdc,regression,rmse,lgbm_basic
leakage_curve,0.5,ecfp_linear,0.001,6.0,4.0,6.0,tdc/VDss_Lombardo,tdc,regression,rmse,lgbm_basic
leakage_curve,0.5,ecfp_rf,0.244,3.0,1.0,6.0,tdc/VDss_Lombardo,tdc,regression,rmse,lgbm_basic
leakage_curve,0.5,lgbm_advanced,0.165,3.0,1.0,6.0,tdc/VDss_Lombardo,tdc,regression,rmse,lgbm_basic
leakage_curve,0.5,lgbm_basic,0.185,3.0,1.0,5.0,tdc/VDss_Lombardo,tdc,regression,rmse,lgbm_basic
leakage_curve,0.5,torch_mlp_advanced,0.334,2.0,1.0,5.0,tdc/VDss_Lombardo,tdc,regression,rmse,lgbm_basic
leakage_curve,0.5,torch_mlp_basic,0.071,4.0,1.0,5.0,tdc/VDss_Lombardo,tdc,regression,rmse,lgbm_basic
leakage_curve,0.75,ecfp_linear,0.001,6.0,3.0,6.0,tdc/VDss_Lombardo,tdc,regression,rmse,lgbm_basic
leakage_curve,0.75,ecfp_rf,0.205,3.0,1.0,6.0,tdc/VDss_Lombardo,tdc,regression,rmse,lgbm_basic
leakage_curve,0.75,lgbm_advanced,0.242,3.0,1.0,6.0,tdc/VDss_Lombardo,tdc,regression,rmse,lgbm_basic
leakage_curve,0.75,lgbm_basic,0.169,3.0,1.0,5.0,tdc/VDss_Lombardo,tdc,regression,rmse,lgbm_basic
leakage_curve,0.75,torch_mlp_advanced,0.267,3.0,1.0,6.0,tdc/VDss_Lombardo,tdc,regression,rmse,lgbm_basic
leakage_curve,0.75,torch_mlp_basic,0.116,4.0,1.0,5.0,tdc/VDss_Lombardo,tdc,regression,rmse,lgbm_basic
leakage_curve,observed,ecfp_linear,0.0,6.0,5.0,6.0,tdc/VDss_Lombardo,tdc,regression,rmse,lgbm_basic
leakage_curve,observed,ecfp_rf,0.215,3.0,1.0,6.0,tdc/VDss_Lombardo,tdc,regression,rmse,lgbm_basic
leakage_curve,observed,lgbm_advanced,0.205,3.0,1.0,6.0,tdc/VDss_Lombardo,tdc,regression,rmse,lgbm_basic
leakage_curve,observed,lgbm_basic,0.26,3.0,1.0,5.0,tdc/VDss_Lombardo,tdc,regression,rmse,lgbm_basic
leakage_curve,observed,torch_mlp_advanced,0.274,2.0,1.0,4.0,tdc/VDss_Lombardo,tdc,regression,rmse,lgbm_basic
leakage_curve,observed,torch_mlp_basic,0.046,4.0,1.0,5.0,tdc/VDss_Lombardo,tdc,regression,rmse,lgbm_basic
observed_composition,observed,ecfp_linear,0.0,6.0,6.0,6.0,tdc/VDss_Lombardo,tdc,regression,rmse,lgbm_basic
observed_composition,observed,ecfp_rf,0.0,2.0,2.0,2.0,tdc/VDss_Lombardo,tdc,regression,rmse,lgbm_basic
observed_composition,observed,lgbm_advanced,0.0,3.0,3.0,3.0,tdc/VDss_Lombardo,tdc,regression,rmse,lgbm_basic
observed_composition,observed,lgbm_basic,1.0,1.0,1.0,1.0,tdc/VDss_Lombardo,tdc,regression,rmse,lgbm_basic
observed_composition,observed,torch_mlp_advanced,0.0,4.0,4.0,4.0,tdc/VDss_Lombardo,tdc,regression,rmse,lgbm_basic
observed_composition,observed,torch_mlp_basic,0.0,5.0,5.0,5.0,tdc/VDss_Lombardo,tdc,regression,rmse,lgbm_basic
random_matched_control,0.0,ecfp_linear,0.003,6.0,3.0,6.0,tdc/VDss_Lombardo,tdc,regression,rmse,lgbm_basic
random_matched_control,0.0,ecfp_rf,0.301,2.0,1.0,6.0,tdc/VDss_Lombardo,tdc,regression,rmse,lgbm_basic
random_matched_control,0.0,lgbm_advanced,0.2035,3.0,1.0,6.0,tdc/VDss_Lombardo,tdc,regression,rmse,lgbm_basic
random_matched_control,0.0,lgbm_basic,0.284,2.0,1.0,5.0,tdc/VDss_Lombardo,tdc,regression,rmse,lgbm_basic
random_matched_control,0.0,torch_mlp_advanced,0.1565,3.0,1.0,5.0,tdc/VDss_Lombardo,tdc,regression,rmse,lgbm_basic
random_matched_control,0.0,torch_mlp_basic,0.052,5.0,1.0,6.0,tdc/VDss_Lombardo,tdc,regression,rmse,lgbm_basic
random_matched_control,0.05,ecfp_linear,0.003,6.0,3.0,6.0,tdc/VDss_Lombardo,tdc,regression,rmse,lgbm_basic
random_matched_control,0.05,ecfp_rf,0.3155,2.0,1.0,6.0,tdc/VDss_Lombardo,tdc,regression,rmse,lgbm_basic
random_matched_control,0.05,lgbm_advanced,0.183,3.0,1.0,6.0,tdc/VDss_Lombardo,tdc,regression,rmse,lgbm_basic
random_matched_control,0.05,lgbm_basic,0.2625,3.0,1.0,5.0,tdc/VDss_Lombardo,tdc,regression,rmse,lgbm_basic
random_matched_control,0.05,torch_mlp_advanced,0.171,3.0,1.0,5.0,tdc/VDss_Lombardo,tdc,regression,rmse,lgbm_basic
random_matched_control,0.05,torch_mlp_basic,0.065,4.0,1.0,6.0,tdc/VDss_Lombardo,tdc,regression,rmse,lgbm_basic
random_matched_control,0.1,ecfp_linear,0.0045,6.0,3.0,6.0,tdc/VDss_Lombardo,tdc,regression,rmse,lgbm_basic
random_matched_control,0.1,ecfp_rf,0.288,2.0,1.0,6.0,tdc/VDss_Lombardo,tdc,regression,rmse,lgbm_basic
random_matched_control,0.1,lgbm_advanced,0.192,3.0,1.0,6.0,tdc/VDss_Lombardo,tdc,regression,rmse,lgbm_basic
random_matched_control,0.1,lgbm_basic,0.2785,2.5,1.0,5.0,tdc/VDss_Lombardo,tdc,regression,rmse,lgbm_basic
random_matched_control,0.1,torch_mlp_advanced,0.1735,3.0,1.0,5.0,tdc/VDss_Lombardo,tdc,regression,rmse,lgbm_basic
random_matched_control,0.1,torch_mlp_basic,0.0635,4.0,1.0,6.0,tdc/VDss_Lombardo,tdc,regression,rmse,lgbm_basic
random_matched_control,0.25,ecfp_linear,0.002,6.0,3.0,6.0,tdc/VDss_Lombardo,tdc,regression,rmse,lgbm_basic
random_matched_control,0.25,ecfp_rf,0.296,3.0,1.0,6.0,tdc/VDss_Lombardo,tdc,regression,rmse,lgbm_basic
random_matched_control,0.25,lgbm_advanced,0.185,3.0,1.0,6.0,tdc/VDss_Lombardo,tdc,regression,rmse,lgbm_basic
random_matched_control,0.25,lgbm_basic,0.2865,2.0,1.0,5.0,tdc/VDss_Lombardo,tdc,regression,rmse,lgbm_basic
random_matched_control,0.25,torch_mlp_advanced,0.1735,3.0,1.0,5.0,tdc/VDss_Lombardo,tdc,regression,rmse,lgbm_basic
random_matched_control,0.25,torch_mlp_basic,0.057,4.0,1.0,6.0,tdc/VDss_Lombardo,tdc,regression,rmse,lgbm_basic
random_matched_control,0.5,ecfp_linear,0.0025,6.0,3.0,6.0,tdc/VDss_Lombardo,tdc,regression,rmse,lgbm_basic
random_matched_control,0.5,ecfp_rf,0.321,2.0,1.0,6.0,tdc/VDss_Lombardo,tdc,regression,rmse,lgbm_basic
random_matched_control,0.5,lgbm_advanced,0.1845,3.0,1.0,6.0,tdc/VDss_Lombardo,tdc,regression,rmse,lgbm_basic
random_matched_control,0.5,lgbm_basic,0.2495,3.0,1.0,6.0,tdc/VDss_Lombardo,tdc,regression,rmse,lgbm_basic
random_matched_control,0.5,torch_mlp_advanced,0.1785,3.0,1.0,5.0,tdc/VDss_Lombardo,tdc,regression,rmse,lgbm_basic
random_matched_control,0.5,torch_mlp_basic,0.064,4.0,1.0,6.0,tdc/VDss_Lombardo,tdc,regression,rmse,lgbm_basic
random_matched_control,0.75,ecfp_linear,0.0035,6.0,3.0,6.0,tdc/VDss_Lombardo,tdc,regression,rmse,lgbm_basic
random_matched_control,0.75,ecfp_rf,0.3125,2.0,1.0,6.0,tdc/VDss_Lombardo,tdc,regression,rmse,lgbm_basic
random_matched_control,0.75,lgbm_advanced,0.1885,3.0,1.0,6.0,tdc/VDss_Lombardo,tdc,regression,rmse,lgbm_basic
random_matched_control,0.75,lgbm_basic,0.256,3.0,1.0,6.0,tdc/VDss_Lombardo,tdc,regression,rmse,lgbm_basic
random_matched_control,0.75,torch_mlp_advanced,0.184,3.0,1.0,5.0,tdc/VDss_Lombardo,tdc,regression,rmse,lgbm_basic
random_matched_control,0.75,torch_mlp_basic,0.0555,4.0,1.0,6.0,tdc/VDss_Lombardo,tdc,regression,rmse,lgbm_basic
random_matched_control,observed,ecfp_linear,0.0025,6.0,3.0,6.0,tdc/VDss_Lombardo,tdc,regression,rmse,lgbm_basic
random_matched_control,observed,ecfp_rf,0.3065,2.0,1.0,6.0,tdc/VDss_Lombardo,tdc,regression,rmse,lgbm_basic
random_matched_control,observed,lgbm_advanced,0.193,3.0,1.0,6.0,tdc/VDss_Lombardo,tdc,regression,rmse,lgbm_basic
random_matched_control,observed,lgbm_basic,0.2525,3.0,1.0,5.0,tdc/VDss_Lombardo,tdc,regression,rmse,lgbm_basic
random_matched_control,observed,torch_mlp_advanced,0.18,3.0,1.0,5.0,tdc/VDss_Lombardo,tdc,regression,rmse,lgbm_basic
random_matched_control,observed,torch_mlp_basic,0.0655,4.0,1.0,6.0,tdc/VDss_Lombardo,tdc,regression,rmse,lgbm_basic
